==============================================================================
tag         ek100_vith_official256_paper_grid8   (새로 시작)
모델        vit_huge  mask_index=0  no_predictor=False
입력        32 frames @ 8 fps, 256x256, spatial=short_side
프로토콜    ap=paper  time=timestamp  train at [0.25, 1.75] ap [0.0, 0.25]  val at [1.0, 1.0] ap [0.0, 0.0]
probe       blocks 4, heads 8 개 sweep — 지표는 head 중 max
batch       16 x 8 GPU = global 128  (논문 128)   epoch 20
비디오      /data2/local_datasets/EPIC-KITCHENS_resized  (train 495/495 · val 138/138 있음)
출력        /data/hyuntak/project/2026/2027_cvpr/vjepa2/z_research/anticipation/EK100/exp_results/action_anticipation_frozen/ek100_vith_official256_paper_grid8
==============================================================================
/data/hyuntak/project/2026/2027_cvpr/vjepa2/z_research/anticipation/EK100/exp_results/action_anticipation_frozen/ek100_vith_official256_paper_grid8/_resolved.yaml
port 25052  log /data/hyuntak/project/2026/2027_cvpr/vjepa2/z_research/anticipation/EK100/exp_results/action_anticipation_frozen/ek100_vith_official256_paper_grid8/stdout.log
[INFO    ][2026-09-19 19:58:06][root                ][process_main             ] called-params /data/hyuntak/project/2026/2027_cvpr/vjepa2/z_research/anticipation/EK100/exp_results/action_anticipation_frozen/ek100_vith_official256_paper_grid8/_resolved.yaml
[INFO    ][2026-09-19 19:58:06][root                ][process_main             ] loaded params...
{   'cpus_per_task': 12,
    'eval_name': 'action_anticipation_frozen',
    'experiment': {   'classifier': {'num_heads': 16, 'num_probe_blocks': 4},
                      'data': {   'anticipation_point_mode': 'paper',
                                  'anticipation_time_sec': [1.0, 1.0],
                                  'auto_augment': True,
                                  'base_path': '/data2/local_datasets/EPIC-KITCHENS_resized',
                                  'dataset': 'EK100',
                                  'dataset_train': '/data/hyuntak/project/2026/2027_cvpr/epic-kitchens-100-annotations/EPIC_100_train.csv',
                                  'dataset_val': '/data/hyuntak/project/2026/2027_cvpr/epic-kitchens-100-annotations/EPIC_100_validation.csv',
                                  'file_format': 0,
                                  'frames_per_clip': 32,
                                  'frames_per_second': 8,
                                  'limit_videos': None,
                                  'motion_shift': False,
                                  'num_workers': 6,
                                  'pin_memory': True,
                                  'random_resize_scale': [0.08, 1.0],
                                  'reprob': 0.25,
                                  'resolution': 256,
                                  'spatial_mode': 'short_side',
                                  'time_source': 'timestamp',
                                  'train_anticipation_point': [0.0, 0.25],
                                  'train_anticipation_time_sec': [0.25, 1.75],
                                  'train_spatial_mode': 'rrc',
                                  'val_anticipation_point': [0.0, 0.0],
                                  'width': None},
                      'evaluation': {   'exact_val_pass': True,
                                        'topk': 5,
                                        'val_every': 5},
                      'optimization': {   'batch_size': 16,
                                          'multihead_kwargs': [   {   'final_lr': 0.0,
                                                                      'final_weight_decay': 0.0001,
                                                                      'lr': 0.0003,
                                                                      'start_lr': 0.0003,
                                                                      'warmup': 0.0,
                                                                      'weight_decay': 0.0001},
                                                                  {   'final_lr': 0.0,
                                                                      'final_weight_decay': 0.0001,
                                                                      'lr': 0.0001,
                                                                      'start_lr': 0.0001,
                                                                      'warmup': 0.0,
                                                                      'weight_decay': 0.0001},
                                                                  {   'final_lr': 0.0,
                                                                      'final_weight_decay': 0.001,
                                                                      'lr': 0.0003,
                                                                      'start_lr': 0.0003,
                                                                      'warmup': 0.0,
                                                                      'weight_decay': 0.001},
                                                                  {   'final_lr': 0.0,
                                                                      'final_weight_decay': 0.001,
                                                                      'lr': 0.0001,
                                                                      'start_lr': 0.0001,
                                                                      'warmup': 0.0,
                                                                      'weight_decay': 0.001},
                                                                  {   'final_lr': 0.0,
                                                                      'final_weight_decay': 0.01,
                                                                      'lr': 0.0003,
                                                                      'start_lr': 0.0003,
                                                                      'warmup': 0.0,
                                                                      'weight_decay': 0.01},
                                                                  {   'final_lr': 0.0,
                                                                      'final_weight_decay': 0.01,
                                                                      'lr': 0.0001,
                                                                      'start_lr': 0.0001,
                                                                      'warmup': 0.0,
                                                                      'weight_decay': 0.01},
                                                                  {   'final_lr': 0.0,
                                                                      'final_weight_decay': 0.1,
                                                                      'lr': 0.0003,
                                                                      'start_lr': 0.0003,
                                                                      'warmup': 0.0,
                                                                      'weight_decay': 0.1},
                                                                  {   'final_lr': 0.0,
                                                                      'final_weight_decay': 0.1,
                                                                      'lr': 0.0001,
                                                                      'start_lr': 0.0001,
                                                                      'warmup': 0.0,
                                                                      'weight_decay': 0.1}],
                                          'num_epochs': 20,
                                          'use_bfloat16': True,
                                          'use_focal_loss': True}},
    'folder': '/data/hyuntak/project/2026/2027_cvpr/vjepa2/z_research/anticipation/EK100/exp_results',
    'model_kwargs': {   'checkpoint': '/data/hyuntak/project/2026/2027_cvpr/vjepa2/checkpoint/models--facebook--vjepa2-vith-fpc64-256/snapshots/b5eac8703e3efdc1547fbb6ddfbeb133dc0bdee5/original/model.pth',
                        'module_name': 'evals.action_anticipation_frozen.modelcustom.vit_encoder_predictor_concat_ar_nonsquare',
                        'pretrain_kwargs': {   'encoder': {   'checkpoint_key': 'target_encoder',
                                                              'model_name': 'vit_huge',
                                                              'patch_size': 16,
                                                              'tubelet_size': 2,
                                                              'uniform_power': True,
                                                              'use_rope': True},
                                               'predictor': {   'checkpoint_key': 'predictor',
                                                                'depth': 12,
                                                                'model_name': 'vit_predictor',
                                                                'num_frames': 64,
                                                                'num_heads': 12,
                                                                'num_mask_tokens': 10,
                                                                'predictor_embed_dim': 384,
                                                                'uniform_power': True,
                                                                'use_mask_tokens': True,
                                                                'use_rope': True,
                                                                'use_sdpa': True,
                                                                'use_silu': False,
                                                                'wide_silu': False}},
                        'wrapper_kwargs': {   'mask_index': 0,
                                              'no_predictor': False,
                                              'num_output_frames': 2,
                                              'num_steps': 1}},
    'nodes': 1,
    'resume_checkpoint': True,
    'tag': 'ek100_vith_official256_paper_grid8',
    'tasks_per_node': 8,
    'use_fsdp': False}
[INFO    ][2026-09-19 19:58:07][root                ][process_main             ] Running... (rank: 0/8)
[INFO    ][2026-09-19 19:58:07][Eval runner scaffold][main                     ] Running evaluation: action_anticipation_frozen
/data/hyuntak/anaconda3/envs/vjepa2/lib/python3.12/site-packages/timm/models/layers/__init__.py:49: FutureWarning: Importing from timm.models.layers is deprecated, please import via timm.layers
  warnings.warn(f"Importing from {__name__} is deprecated, please import via timm.layers", FutureWarning)
/data/hyuntak/anaconda3/envs/vjepa2/lib/python3.12/site-packages/timm/models/layers/__init__.py:49: FutureWarning: Importing from timm.models.layers is deprecated, please import via timm.layers
  warnings.warn(f"Importing from {__name__} is deprecated, please import via timm.layers", FutureWarning)
/data/hyuntak/anaconda3/envs/vjepa2/lib/python3.12/site-packages/timm/models/layers/__init__.py:49: FutureWarning: Importing from timm.models.layers is deprecated, please import via timm.layers
  warnings.warn(f"Importing from {__name__} is deprecated, please import via timm.layers", FutureWarning)
/data/hyuntak/anaconda3/envs/vjepa2/lib/python3.12/site-packages/timm/models/layers/__init__.py:49: FutureWarning: Importing from timm.models.layers is deprecated, please import via timm.layers
  warnings.warn(f"Importing from {__name__} is deprecated, please import via timm.layers", FutureWarning)
/data/hyuntak/anaconda3/envs/vjepa2/lib/python3.12/site-packages/timm/models/layers/__init__.py:49: FutureWarning: Importing from timm.models.layers is deprecated, please import via timm.layers
  warnings.warn(f"Importing from {__name__} is deprecated, please import via timm.layers", FutureWarning)
/data/hyuntak/anaconda3/envs/vjepa2/lib/python3.12/site-packages/timm/models/layers/__init__.py:49: FutureWarning: Importing from timm.models.layers is deprecated, please import via timm.layers
  warnings.warn(f"Importing from {__name__} is deprecated, please import via timm.layers", FutureWarning)
/data/hyuntak/anaconda3/envs/vjepa2/lib/python3.12/site-packages/timm/models/layers/__init__.py:49: FutureWarning: Importing from timm.models.layers is deprecated, please import via timm.layers
  warnings.warn(f"Importing from {__name__} is deprecated, please import via timm.layers", FutureWarning)
/data/hyuntak/anaconda3/envs/vjepa2/lib/python3.12/site-packages/timm/models/layers/__init__.py:49: FutureWarning: Importing from timm.models.layers is deprecated, please import via timm.layers
  warnings.warn(f"Importing from {__name__} is deprecated, please import via timm.layers", FutureWarning)
[INFO    ][2026-09-19 19:58:14][root                ][main                     ] Initialized (rank/world-size) 6/8
[INFO    ][2026-09-19 19:58:15][root                ][main                     ] Initialized (rank/world-size) 0/8
[INFO    ][2026-09-19 19:58:15][root                ][main                     ] Initialized (rank/world-size) 1/8
[INFO    ][2026-09-19 19:58:15][root                ][main                     ] Initialized (rank/world-size) 2/8
[INFO    ][2026-09-19 19:58:15][root                ][main                     ] Initialized (rank/world-size) 7/8
[INFO    ][2026-09-19 19:58:15][root                ][main                     ] Initialized (rank/world-size) 4/8
[INFO    ][2026-09-19 19:58:15][root                ][main                     ] Initialized (rank/world-size) 5/8
[INFO    ][2026-09-19 19:58:15][root                ][main                     ] Initialized (rank/world-size) 3/8
[INFO    ][2026-09-19 19:58:19][root                ][init_module              ] Loading pretrained model from /data/hyuntak/project/2026/2027_cvpr/vjepa2/checkpoint/models--facebook--vjepa2-vith-fpc64-256/snapshots/b5eac8703e3efdc1547fbb6ddfbeb133dc0bdee5/original/model.pth (input 256x256)
[INFO    ][2026-09-19 19:58:19][root                ][init_module              ] Loading pretrained model from /data/hyuntak/project/2026/2027_cvpr/vjepa2/checkpoint/models--facebook--vjepa2-vith-fpc64-256/snapshots/b5eac8703e3efdc1547fbb6ddfbeb133dc0bdee5/original/model.pth (input 256x256)
[INFO    ][2026-09-19 19:58:19][root                ][init_module              ] Loading pretrained model from /data/hyuntak/project/2026/2027_cvpr/vjepa2/checkpoint/models--facebook--vjepa2-vith-fpc64-256/snapshots/b5eac8703e3efdc1547fbb6ddfbeb133dc0bdee5/original/model.pth (input 256x256)
[INFO    ][2026-09-19 19:58:19][root                ][init_module              ] Loading pretrained model from /data/hyuntak/project/2026/2027_cvpr/vjepa2/checkpoint/models--facebook--vjepa2-vith-fpc64-256/snapshots/b5eac8703e3efdc1547fbb6ddfbeb133dc0bdee5/original/model.pth (input 256x256)
[INFO    ][2026-09-19 19:58:19][root                ][init_module              ] Loading pretrained model from /data/hyuntak/project/2026/2027_cvpr/vjepa2/checkpoint/models--facebook--vjepa2-vith-fpc64-256/snapshots/b5eac8703e3efdc1547fbb6ddfbeb133dc0bdee5/original/model.pth (input 256x256)
[INFO    ][2026-09-19 19:58:19][root                ][init_module              ] Loading pretrained model from /data/hyuntak/project/2026/2027_cvpr/vjepa2/checkpoint/models--facebook--vjepa2-vith-fpc64-256/snapshots/b5eac8703e3efdc1547fbb6ddfbeb133dc0bdee5/original/model.pth (input 256x256)
[INFO    ][2026-09-19 19:58:19][root                ][init_module              ] Loading pretrained model from /data/hyuntak/project/2026/2027_cvpr/vjepa2/checkpoint/models--facebook--vjepa2-vith-fpc64-256/snapshots/b5eac8703e3efdc1547fbb6ddfbeb133dc0bdee5/original/model.pth (input 256x256)
[INFO    ][2026-09-19 19:58:20][root                ][init_module              ] Loading pretrained model from /data/hyuntak/project/2026/2027_cvpr/vjepa2/checkpoint/models--facebook--vjepa2-vith-fpc64-256/snapshots/b5eac8703e3efdc1547fbb6ddfbeb133dc0bdee5/original/model.pth (input 256x256)
[INFO    ][2026-09-19 19:58:42][root                ][init_module              ] loaded pretrained encoder with msg: <All keys matched successfully>
[INFO    ][2026-09-19 19:58:42][root                ][init_module              ] loaded pretrained encoder with msg: <All keys matched successfully>
[INFO    ][2026-09-19 19:58:42][root                ][init_module              ] loaded pretrained encoder with msg: <All keys matched successfully>
[INFO    ][2026-09-19 19:58:42][root                ][init_module              ] loaded pretrained encoder with msg: <All keys matched successfully>
[INFO    ][2026-09-19 19:58:42][root                ][init_module              ] loaded pretrained predictor with msg: <All keys matched successfully>
[INFO    ][2026-09-19 19:58:42][root                ][_inject_grid_into_predictor] injected (H_patches, W_patches)=(16, 16) into 12 predictor blocks
/data/hyuntak/project/2026/2027_cvpr/vjepa2/evals/action_anticipation_frozen/modelcustom/vit_encoder_predictor_concat_ar_nonsquare.py:166: UserWarning: Converting a tensor with requires_grad=True to a scalar may lead to unexpected behavior.
Consider using tensor.detach() first. (Triggered internally at /pytorch/torch/csrc/autograd/generated/python_variable_methods.cpp:838.)
  norms = [float(predictor.mask_tokens[i].float().norm()) for i in range(len(predictor.mask_tokens))]
[INFO    ][2026-09-19 19:58:42][root                ][init_module              ] predictor mask_token norms: [0]=0.6706, [1]=0.0000, [2]=0.0000, [3]=0.0000, [4]=0.0000, [5]=0.0000, [6]=0.0000, [7]=0.0000, [8]=0.0000, [9]=0.0000
[INFO    ][2026-09-19 19:58:42][root                ][__init__                 ] AnticipativeWrapper: grid=(16, 16) tokens/tubelet=256 mask_index=0 num_output_frames=2 num_steps=1
[INFO    ][2026-09-19 19:58:42][root                ][init_module              ] loaded pretrained encoder with msg: <All keys matched successfully>
[INFO    ][2026-09-19 19:58:42][root                ][init_module              ] loaded pretrained predictor with msg: <All keys matched successfully>
[INFO    ][2026-09-19 19:58:42][root                ][_inject_grid_into_predictor] injected (H_patches, W_patches)=(16, 16) into 12 predictor blocks
/data/hyuntak/project/2026/2027_cvpr/vjepa2/evals/action_anticipation_frozen/modelcustom/vit_encoder_predictor_concat_ar_nonsquare.py:166: UserWarning: Converting a tensor with requires_grad=True to a scalar may lead to unexpected behavior.
Consider using tensor.detach() first. (Triggered internally at /pytorch/torch/csrc/autograd/generated/python_variable_methods.cpp:838.)
  norms = [float(predictor.mask_tokens[i].float().norm()) for i in range(len(predictor.mask_tokens))]
[INFO    ][2026-09-19 19:58:42][root                ][init_module              ] predictor mask_token norms: [0]=0.6706, [1]=0.0000, [2]=0.0000, [3]=0.0000, [4]=0.0000, [5]=0.0000, [6]=0.0000, [7]=0.0000, [8]=0.0000, [9]=0.0000
[INFO    ][2026-09-19 19:58:42][root                ][__init__                 ] AnticipativeWrapper: grid=(16, 16) tokens/tubelet=256 mask_index=0 num_output_frames=2 num_steps=1
[INFO    ][2026-09-19 19:58:42][root                ][init_module              ] loaded pretrained predictor with msg: <All keys matched successfully>
[INFO    ][2026-09-19 19:58:42][root                ][_inject_grid_into_predictor] injected (H_patches, W_patches)=(16, 16) into 12 predictor blocks
/data/hyuntak/project/2026/2027_cvpr/vjepa2/evals/action_anticipation_frozen/modelcustom/vit_encoder_predictor_concat_ar_nonsquare.py:166: UserWarning: Converting a tensor with requires_grad=True to a scalar may lead to unexpected behavior.
Consider using tensor.detach() first. (Triggered internally at /pytorch/torch/csrc/autograd/generated/python_variable_methods.cpp:838.)
  norms = [float(predictor.mask_tokens[i].float().norm()) for i in range(len(predictor.mask_tokens))]
[INFO    ][2026-09-19 19:58:42][root                ][init_module              ] predictor mask_token norms: [0]=0.6706, [1]=0.0000, [2]=0.0000, [3]=0.0000, [4]=0.0000, [5]=0.0000, [6]=0.0000, [7]=0.0000, [8]=0.0000, [9]=0.0000
[INFO    ][2026-09-19 19:58:42][root                ][__init__                 ] AnticipativeWrapper: grid=(16, 16) tokens/tubelet=256 mask_index=0 num_output_frames=2 num_steps=1
[INFO    ][2026-09-19 19:58:42][root                ][init_module              ] loaded pretrained predictor with msg: <All keys matched successfully>
[INFO    ][2026-09-19 19:58:42][root                ][_inject_grid_into_predictor] injected (H_patches, W_patches)=(16, 16) into 12 predictor blocks
/data/hyuntak/project/2026/2027_cvpr/vjepa2/evals/action_anticipation_frozen/modelcustom/vit_encoder_predictor_concat_ar_nonsquare.py:166: UserWarning: Converting a tensor with requires_grad=True to a scalar may lead to unexpected behavior.
Consider using tensor.detach() first. (Triggered internally at /pytorch/torch/csrc/autograd/generated/python_variable_methods.cpp:838.)
  norms = [float(predictor.mask_tokens[i].float().norm()) for i in range(len(predictor.mask_tokens))]
[INFO    ][2026-09-19 19:58:42][root                ][init_module              ] predictor mask_token norms: [0]=0.6706, [1]=0.0000, [2]=0.0000, [3]=0.0000, [4]=0.0000, [5]=0.0000, [6]=0.0000, [7]=0.0000, [8]=0.0000, [9]=0.0000
[INFO    ][2026-09-19 19:58:42][root                ][__init__                 ] AnticipativeWrapper: grid=(16, 16) tokens/tubelet=256 mask_index=0 num_output_frames=2 num_steps=1
[INFO    ][2026-09-19 19:58:43][root                ][init_module              ] loaded pretrained encoder with msg: <All keys matched successfully>
[INFO    ][2026-09-19 19:58:43][root                ][init_module              ] loaded pretrained encoder with msg: <All keys matched successfully>
[INFO    ][2026-09-19 19:58:43][root                ][init_module              ] loaded pretrained predictor with msg: <All keys matched successfully>
[INFO    ][2026-09-19 19:58:43][root                ][_inject_grid_into_predictor] injected (H_patches, W_patches)=(16, 16) into 12 predictor blocks
/data/hyuntak/project/2026/2027_cvpr/vjepa2/evals/action_anticipation_frozen/modelcustom/vit_encoder_predictor_concat_ar_nonsquare.py:166: UserWarning: Converting a tensor with requires_grad=True to a scalar may lead to unexpected behavior.
Consider using tensor.detach() first. (Triggered internally at /pytorch/torch/csrc/autograd/generated/python_variable_methods.cpp:838.)
  norms = [float(predictor.mask_tokens[i].float().norm()) for i in range(len(predictor.mask_tokens))]
[INFO    ][2026-09-19 19:58:43][root                ][init_module              ] predictor mask_token norms: [0]=0.6706, [1]=0.0000, [2]=0.0000, [3]=0.0000, [4]=0.0000, [5]=0.0000, [6]=0.0000, [7]=0.0000, [8]=0.0000, [9]=0.0000
[INFO    ][2026-09-19 19:58:43][root                ][__init__                 ] AnticipativeWrapper: grid=(16, 16) tokens/tubelet=256 mask_index=0 num_output_frames=2 num_steps=1
[INFO    ][2026-09-19 19:58:43][root                ][init_module              ] loaded pretrained predictor with msg: <All keys matched successfully>
[INFO    ][2026-09-19 19:58:43][root                ][_inject_grid_into_predictor] injected (H_patches, W_patches)=(16, 16) into 12 predictor blocks
/data/hyuntak/project/2026/2027_cvpr/vjepa2/evals/action_anticipation_frozen/modelcustom/vit_encoder_predictor_concat_ar_nonsquare.py:166: UserWarning: Converting a tensor with requires_grad=True to a scalar may lead to unexpected behavior.
Consider using tensor.detach() first. (Triggered internally at /pytorch/torch/csrc/autograd/generated/python_variable_methods.cpp:838.)
  norms = [float(predictor.mask_tokens[i].float().norm()) for i in range(len(predictor.mask_tokens))]
[INFO    ][2026-09-19 19:58:43][root                ][init_module              ] predictor mask_token norms: [0]=0.6706, [1]=0.0000, [2]=0.0000, [3]=0.0000, [4]=0.0000, [5]=0.0000, [6]=0.0000, [7]=0.0000, [8]=0.0000, [9]=0.0000
[INFO    ][2026-09-19 19:58:43][root                ][__init__                 ] AnticipativeWrapper: grid=(16, 16) tokens/tubelet=256 mask_index=0 num_output_frames=2 num_steps=1
[INFO    ][2026-09-19 19:58:43][root                ][init_module              ] loaded pretrained predictor with msg: <All keys matched successfully>
[INFO    ][2026-09-19 19:58:43][root                ][_inject_grid_into_predictor] injected (H_patches, W_patches)=(16, 16) into 12 predictor blocks
/data/hyuntak/project/2026/2027_cvpr/vjepa2/evals/action_anticipation_frozen/modelcustom/vit_encoder_predictor_concat_ar_nonsquare.py:166: UserWarning: Converting a tensor with requires_grad=True to a scalar may lead to unexpected behavior.
Consider using tensor.detach() first. (Triggered internally at /pytorch/torch/csrc/autograd/generated/python_variable_methods.cpp:838.)
  norms = [float(predictor.mask_tokens[i].float().norm()) for i in range(len(predictor.mask_tokens))]
[INFO    ][2026-09-19 19:58:43][root                ][init_module              ] predictor mask_token norms: [0]=0.6706, [1]=0.0000, [2]=0.0000, [3]=0.0000, [4]=0.0000, [5]=0.0000, [6]=0.0000, [7]=0.0000, [8]=0.0000, [9]=0.0000
[INFO    ][2026-09-19 19:58:43][root                ][__init__                 ] AnticipativeWrapper: grid=(16, 16) tokens/tubelet=256 mask_index=0 num_output_frames=2 num_steps=1
[INFO    ][2026-09-19 19:58:43][root                ][init_module              ] loaded pretrained encoder with msg: <All keys matched successfully>
[INFO    ][2026-09-19 19:58:44][root                ][init_module              ] loaded pretrained predictor with msg: <All keys matched successfully>
[INFO    ][2026-09-19 19:58:44][root                ][_inject_grid_into_predictor] injected (H_patches, W_patches)=(16, 16) into 12 predictor blocks
/data/hyuntak/project/2026/2027_cvpr/vjepa2/evals/action_anticipation_frozen/modelcustom/vit_encoder_predictor_concat_ar_nonsquare.py:166: UserWarning: Converting a tensor with requires_grad=True to a scalar may lead to unexpected behavior.
Consider using tensor.detach() first. (Triggered internally at /pytorch/torch/csrc/autograd/generated/python_variable_methods.cpp:838.)
  norms = [float(predictor.mask_tokens[i].float().norm()) for i in range(len(predictor.mask_tokens))]
[INFO    ][2026-09-19 19:58:44][root                ][init_module              ] predictor mask_token norms: [0]=0.6706, [1]=0.0000, [2]=0.0000, [3]=0.0000, [4]=0.0000, [5]=0.0000, [6]=0.0000, [7]=0.0000, [8]=0.0000, [9]=0.0000
[INFO    ][2026-09-19 19:58:44][root                ][__init__                 ] AnticipativeWrapper: grid=(16, 16) tokens/tubelet=256 mask_index=0 num_output_frames=2 num_steps=1
AnticipativeWrapper(
  (encoder): VisionTransformer(
    (patch_embed): PatchEmbed3D(
      (proj): Conv3d(3, 1280, kernel_size=(2, 16, 16), stride=(2, 16, 16))
    )
    (blocks): ModuleList(
      (0-31): 32 x Block(
        (norm1): LayerNorm((1280,), eps=1e-06, elementwise_affine=True, bias=True)
        (attn): RoPEAttention(
          (qkv): Linear(in_features=1280, out_features=3840, bias=True)
          (attn_drop): Dropout(p=0.0, inplace=False)
          (proj): Linear(in_features=1280, out_features=1280, bias=True)
          (proj_drop): Dropout(p=0.0, inplace=False)
        )
        (drop_path): Identity()
        (norm2): LayerNorm((1280,), eps=1e-06, elementwise_affine=True, bias=True)
        (mlp): MLP(
          (fc1): Linear(in_features=1280, out_features=5120, bias=True)
          (act): GELU(approximate='none')
          (fc2): Linear(in_features=5120, out_features=1280, bias=True)
          (drop): Dropout(p=0.0, inplace=False)
        )
      )
    )
    (norm): LayerNorm((1280,), eps=1e-06, elementwise_affine=True, bias=True)
  )
  (predictor): VisionTransformerPredictor(
    (predictor_embed): Linear(in_features=1280, out_features=384, bias=True)
    (mask_tokens): ParameterList(
        (0): Parameter containing: [torch.float32 of size 1x1x384 (cuda:0)]
        (1): Parameter containing: [torch.float32 of size 1x1x384 (cuda:0)]
        (2): Parameter containing: [torch.float32 of size 1x1x384 (cuda:0)]
        (3): Parameter containing: [torch.float32 of size 1x1x384 (cuda:0)]
        (4): Parameter containing: [torch.float32 of size 1x1x384 (cuda:0)]
        (5): Parameter containing: [torch.float32 of size 1x1x384 (cuda:0)]
        (6): Parameter containing: [torch.float32 of size 1x1x384 (cuda:0)]
        (7): Parameter containing: [torch.float32 of size 1x1x384 (cuda:0)]
        (8): Parameter containing: [torch.float32 of size 1x1x384 (cuda:0)]
        (9): Parameter containing: [torch.float32 of size 1x1x384 (cuda:0)]
    )
    (predictor_blocks): ModuleList(
      (0-11): 12 x Block(
        (norm1): LayerNorm((384,), eps=1e-06, elementwise_affine=True, bias=True)
        (attn): RoPEAttention(
          (qkv): Linear(in_features=384, out_features=1152, bias=True)
          (attn_drop): Dropout(p=0.0, inplace=False)
          (proj): Linear(in_features=384, out_features=384, bias=True)
          (proj_drop): Dropout(p=0.0, inplace=False)
        )
        (drop_path): Identity()
        (norm2): LayerNorm((384,), eps=1e-06, elementwise_affine=True, bias=True)
        (mlp): MLP(
          (fc1): Linear(in_features=384, out_features=1536, bias=True)
          (act): GELU(approximate='none')
          (fc2): Linear(in_features=1536, out_features=384, bias=True)
          (drop): Dropout(p=0.0, inplace=False)
        )
      )
    )
    (predictor_norm): LayerNorm((384,), eps=1e-06, elementwise_affine=True, bias=True)
    (predictor_proj): Linear(in_features=384, out_features=1280, bias=True)
  )
)
AnticipativeWrapper(
  (encoder): VisionTransformer(
    (patch_embed): PatchEmbed3D(
      (proj): Conv3d(3, 1280, kernel_size=(2, 16, 16), stride=(2, 16, 16))
    )
    (blocks): ModuleList(
      (0-31): 32 x Block(
        (norm1): LayerNorm((1280,), eps=1e-06, elementwise_affine=True, bias=True)
        (attn): RoPEAttention(
          (qkv): Linear(in_features=1280, out_features=3840, bias=True)
          (attn_drop): Dropout(p=0.0, inplace=False)
          (proj): Linear(in_features=1280, out_features=1280, bias=True)
          (proj_drop): Dropout(p=0.0, inplace=False)
        )
        (drop_path): Identity()
        (norm2): LayerNorm((1280,), eps=1e-06, elementwise_affine=True, bias=True)
        (mlp): MLP(
          (fc1): Linear(in_features=1280, out_features=5120, bias=True)
          (act): GELU(approximate='none')
          (fc2): Linear(in_features=5120, out_features=1280, bias=True)
          (drop): Dropout(p=0.0, inplace=False)
        )
      )
    )
    (norm): LayerNorm((1280,), eps=1e-06, elementwise_affine=True, bias=True)
  )
  (predictor): VisionTransformerPredictor(
    (predictor_embed): Linear(in_features=1280, out_features=384, bias=True)
    (mask_tokens): ParameterList(
        (0): Parameter containing: [torch.float32 of size 1x1x384 (cuda:0)]
        (1): Parameter containing: [torch.float32 of size 1x1x384 (cuda:0)]
        (2): Parameter containing: [torch.float32 of size 1x1x384 (cuda:0)]
        (3): Parameter containing: [torch.float32 of size 1x1x384 (cuda:0)]
        (4): Parameter containing: [torch.float32 of size 1x1x384 (cuda:0)]
        (5): Parameter containing: [torch.float32 of size 1x1x384 (cuda:0)]
        (6): Parameter containing: [torch.float32 of size 1x1x384 (cuda:0)]
        (7): Parameter containing: [torch.float32 of size 1x1x384 (cuda:0)]
        (8): Parameter containing: [torch.float32 of size 1x1x384 (cuda:0)]
        (9): Parameter containing: [torch.float32 of size 1x1x384 (cuda:0)]
    )
    (predictor_blocks): ModuleList(
      (0-11): 12 x Block(
        (norm1): LayerNorm((384,), eps=1e-06, elementwise_affine=True, bias=True)
        (attn): RoPEAttention(
          (qkv): Linear(in_features=384, out_features=1152, bias=True)
          (attn_drop): Dropout(p=0.0, inplace=False)
          (proj): Linear(in_features=384, out_features=384, bias=True)
          (proj_drop): Dropout(p=0.0, inplace=False)
        )
        (drop_path): Identity()
        (norm2): LayerNorm((384,), eps=1e-06, elementwise_affine=True, bias=True)
        (mlp): MLP(
          (fc1): Linear(in_features=384, out_features=1536, bias=True)
          (act): GELU(approximate='none')
          (fc2): Linear(in_features=1536, out_features=384, bias=True)
          (drop): Dropout(p=0.0, inplace=False)
        )
      )
    )
    (predictor_norm): LayerNorm((384,), eps=1e-06, elementwise_affine=True, bias=True)
    (predictor_proj): Linear(in_features=384, out_features=1280, bias=True)
  )
)
AnticipativeWrapper(
  (encoder): VisionTransformer(
    (patch_embed): PatchEmbed3D(
      (proj): Conv3d(3, 1280, kernel_size=(2, 16, 16), stride=(2, 16, 16))
    )
    (blocks): ModuleList(
      (0-31): 32 x Block(
        (norm1): LayerNorm((1280,), eps=1e-06, elementwise_affine=True, bias=True)
        (attn): RoPEAttention(
          (qkv): Linear(in_features=1280, out_features=3840, bias=True)
          (attn_drop): Dropout(p=0.0, inplace=False)
          (proj): Linear(in_features=1280, out_features=1280, bias=True)
          (proj_drop): Dropout(p=0.0, inplace=False)
        )
        (drop_path): Identity()
        (norm2): LayerNorm((1280,), eps=1e-06, elementwise_affine=True, bias=True)
        (mlp): MLP(
          (fc1): Linear(in_features=1280, out_features=5120, bias=True)
          (act): GELU(approximate='none')
          (fc2): Linear(in_features=5120, out_features=1280, bias=True)
          (drop): Dropout(p=0.0, inplace=False)
        )
      )
    )
    (norm): LayerNorm((1280,), eps=1e-06, elementwise_affine=True, bias=True)
  )
  (predictor): VisionTransformerPredictor(
    (predictor_embed): Linear(in_features=1280, out_features=384, bias=True)
    (mask_tokens): ParameterList(
        (0): Parameter containing: [torch.float32 of size 1x1x384 (cuda:0)]
        (1): Parameter containing: [torch.float32 of size 1x1x384 (cuda:0)]
        (2): Parameter containing: [torch.float32 of size 1x1x384 (cuda:0)]
        (3): Parameter containing: [torch.float32 of size 1x1x384 (cuda:0)]
        (4): Parameter containing: [torch.float32 of size 1x1x384 (cuda:0)]
        (5): Parameter containing: [torch.float32 of size 1x1x384 (cuda:0)]
        (6): Parameter containing: [torch.float32 of size 1x1x384 (cuda:0)]
        (7): Parameter containing: [torch.float32 of size 1x1x384 (cuda:0)]
        (8): Parameter containing: [torch.float32 of size 1x1x384 (cuda:0)]
        (9): Parameter containing: [torch.float32 of size 1x1x384 (cuda:0)]
    )
    (predictor_blocks): ModuleList(
      (0-11): 12 x Block(
        (norm1): LayerNorm((384,), eps=1e-06, elementwise_affine=True, bias=True)
        (attn): RoPEAttention(
          (qkv): Linear(in_features=384, out_features=1152, bias=True)
          (attn_drop): Dropout(p=0.0, inplace=False)
          (proj): Linear(in_features=384, out_features=384, bias=True)
          (proj_drop): Dropout(p=0.0, inplace=False)
        )
        (drop_path): Identity()
        (norm2): LayerNorm((384,), eps=1e-06, elementwise_affine=True, bias=True)
        (mlp): MLP(
          (fc1): Linear(in_features=384, out_features=1536, bias=True)
          (act): GELU(approximate='none')
          (fc2): Linear(in_features=1536, out_features=384, bias=True)
          (drop): Dropout(p=0.0, inplace=False)
        )
      )
    )
    (predictor_norm): LayerNorm((384,), eps=1e-06, elementwise_affine=True, bias=True)
    (predictor_proj): Linear(in_features=384, out_features=1280, bias=True)
  )
)
AnticipativeWrapper(
  (encoder): VisionTransformer(
    (patch_embed): PatchEmbed3D(
      (proj): Conv3d(3, 1280, kernel_size=(2, 16, 16), stride=(2, 16, 16))
    )
    (blocks): ModuleList(
      (0-31): 32 x Block(
        (norm1): LayerNorm((1280,), eps=1e-06, elementwise_affine=True, bias=True)
        (attn): RoPEAttention(
          (qkv): Linear(in_features=1280, out_features=3840, bias=True)
          (attn_drop): Dropout(p=0.0, inplace=False)
          (proj): Linear(in_features=1280, out_features=1280, bias=True)
          (proj_drop): Dropout(p=0.0, inplace=False)
        )
        (drop_path): Identity()
        (norm2): LayerNorm((1280,), eps=1e-06, elementwise_affine=True, bias=True)
        (mlp): MLP(
          (fc1): Linear(in_features=1280, out_features=5120, bias=True)
          (act): GELU(approximate='none')
          (fc2): Linear(in_features=5120, out_features=1280, bias=True)
          (drop): Dropout(p=0.0, inplace=False)
        )
      )
    )
    (norm): LayerNorm((1280,), eps=1e-06, elementwise_affine=True, bias=True)
  )
  (predictor): VisionTransformerPredictor(
    (predictor_embed): Linear(in_features=1280, out_features=384, bias=True)
    (mask_tokens): ParameterList(
        (0): Parameter containing: [torch.float32 of size 1x1x384 (cuda:0)]
        (1): Parameter containing: [torch.float32 of size 1x1x384 (cuda:0)]
        (2): Parameter containing: [torch.float32 of size 1x1x384 (cuda:0)]
        (3): Parameter containing: [torch.float32 of size 1x1x384 (cuda:0)]
        (4): Parameter containing: [torch.float32 of size 1x1x384 (cuda:0)]
        (5): Parameter containing: [torch.float32 of size 1x1x384 (cuda:0)]
        (6): Parameter containing: [torch.float32 of size 1x1x384 (cuda:0)]
        (7): Parameter containing: [torch.float32 of size 1x1x384 (cuda:0)]
        (8): Parameter containing: [torch.float32 of size 1x1x384 (cuda:0)]
        (9): Parameter containing: [torch.float32 of size 1x1x384 (cuda:0)]
    )
    (predictor_blocks): ModuleList(
      (0-11): 12 x Block(
        (norm1): LayerNorm((384,), eps=1e-06, elementwise_affine=True, bias=True)
        (attn): RoPEAttention(
          (qkv): Linear(in_features=384, out_features=1152, bias=True)
          (attn_drop): Dropout(p=0.0, inplace=False)
          (proj): Linear(in_features=384, out_features=384, bias=True)
          (proj_drop): Dropout(p=0.0, inplace=False)
        )
        (drop_path): Identity()
        (norm2): LayerNorm((384,), eps=1e-06, elementwise_affine=True, bias=True)
        (mlp): MLP(
          (fc1): Linear(in_features=384, out_features=1536, bias=True)
          (act): GELU(approximate='none')
          (fc2): Linear(in_features=1536, out_features=384, bias=True)
          (drop): Dropout(p=0.0, inplace=False)
        )
      )
    )
    (predictor_norm): LayerNorm((384,), eps=1e-06, elementwise_affine=True, bias=True)
    (predictor_proj): Linear(in_features=384, out_features=1280, bias=True)
  )
)
AnticipativeWrapper(
  (encoder): VisionTransformer(
    (patch_embed): PatchEmbed3D(
      (proj): Conv3d(3, 1280, kernel_size=(2, 16, 16), stride=(2, 16, 16))
    )
    (blocks): ModuleList(
      (0-31): 32 x Block(
        (norm1): LayerNorm((1280,), eps=1e-06, elementwise_affine=True, bias=True)
        (attn): RoPEAttention(
          (qkv): Linear(in_features=1280, out_features=3840, bias=True)
          (attn_drop): Dropout(p=0.0, inplace=False)
          (proj): Linear(in_features=1280, out_features=1280, bias=True)
          (proj_drop): Dropout(p=0.0, inplace=False)
        )
        (drop_path): Identity()
        (norm2): LayerNorm((1280,), eps=1e-06, elementwise_affine=True, bias=True)
        (mlp): MLP(
          (fc1): Linear(in_features=1280, out_features=5120, bias=True)
          (act): GELU(approximate='none')
          (fc2): Linear(in_features=5120, out_features=1280, bias=True)
          (drop): Dropout(p=0.0, inplace=False)
        )
      )
    )
    (norm): LayerNorm((1280,), eps=1e-06, elementwise_affine=True, bias=True)
  )
  (predictor): VisionTransformerPredictor(
    (predictor_embed): Linear(in_features=1280, out_features=384, bias=True)
    (mask_tokens): ParameterList(
        (0): Parameter containing: [torch.float32 of size 1x1x384 (cuda:0)]
        (1): Parameter containing: [torch.float32 of size 1x1x384 (cuda:0)]
        (2): Parameter containing: [torch.float32 of size 1x1x384 (cuda:0)]
        (3): Parameter containing: [torch.float32 of size 1x1x384 (cuda:0)]
        (4): Parameter containing: [torch.float32 of size 1x1x384 (cuda:0)]
        (5): Parameter containing: [torch.float32 of size 1x1x384 (cuda:0)]
        (6): Parameter containing: [torch.float32 of size 1x1x384 (cuda:0)]
        (7): Parameter containing: [torch.float32 of size 1x1x384 (cuda:0)]
        (8): Parameter containing: [torch.float32 of size 1x1x384 (cuda:0)]
        (9): Parameter containing: [torch.float32 of size 1x1x384 (cuda:0)]
    )
    (predictor_blocks): ModuleList(
      (0-11): 12 x Block(
        (norm1): LayerNorm((384,), eps=1e-06, elementwise_affine=True, bias=True)
        (attn): RoPEAttention(
          (qkv): Linear(in_features=384, out_features=1152, bias=True)
          (attn_drop): Dropout(p=0.0, inplace=False)
          (proj): Linear(in_features=384, out_features=384, bias=True)
          (proj_drop): Dropout(p=0.0, inplace=False)
        )
        (drop_path): Identity()
        (norm2): LayerNorm((384,), eps=1e-06, elementwise_affine=True, bias=True)
        (mlp): MLP(
          (fc1): Linear(in_features=384, out_features=1536, bias=True)
          (act): GELU(approximate='none')
          (fc2): Linear(in_features=1536, out_features=384, bias=True)
          (drop): Dropout(p=0.0, inplace=False)
        )
      )
    )
    (predictor_norm): LayerNorm((384,), eps=1e-06, elementwise_affine=True, bias=True)
    (predictor_proj): Linear(in_features=384, out_features=1280, bias=True)
  )
)
AnticipativeWrapper(
  (encoder): VisionTransformer(
    (patch_embed): PatchEmbed3D(
      (proj): Conv3d(3, 1280, kernel_size=(2, 16, 16), stride=(2, 16, 16))
    )
    (blocks): ModuleList(
      (0-31): 32 x Block(
        (norm1): LayerNorm((1280,), eps=1e-06, elementwise_affine=True, bias=True)
        (attn): RoPEAttention(
          (qkv): Linear(in_features=1280, out_features=3840, bias=True)
          (attn_drop): Dropout(p=0.0, inplace=False)
          (proj): Linear(in_features=1280, out_features=1280, bias=True)
          (proj_drop): Dropout(p=0.0, inplace=False)
        )
        (drop_path): Identity()
        (norm2): LayerNorm((1280,), eps=1e-06, elementwise_affine=True, bias=True)
        (mlp): MLP(
          (fc1): Linear(in_features=1280, out_features=5120, bias=True)
          (act): GELU(approximate='none')
          (fc2): Linear(in_features=5120, out_features=1280, bias=True)
          (drop): Dropout(p=0.0, inplace=False)
        )
      )
    )
    (norm): LayerNorm((1280,), eps=1e-06, elementwise_affine=True, bias=True)
  )
  (predictor): VisionTransformerPredictor(
    (predictor_embed): Linear(in_features=1280, out_features=384, bias=True)
    (mask_tokens): ParameterList(
        (0): Parameter containing: [torch.float32 of size 1x1x384 (cuda:0)]
        (1): Parameter containing: [torch.float32 of size 1x1x384 (cuda:0)]
        (2): Parameter containing: [torch.float32 of size 1x1x384 (cuda:0)]
        (3): Parameter containing: [torch.float32 of size 1x1x384 (cuda:0)]
        (4): Parameter containing: [torch.float32 of size 1x1x384 (cuda:0)]
        (5): Parameter containing: [torch.float32 of size 1x1x384 (cuda:0)]
        (6): Parameter containing: [torch.float32 of size 1x1x384 (cuda:0)]
        (7): Parameter containing: [torch.float32 of size 1x1x384 (cuda:0)]
        (8): Parameter containing: [torch.float32 of size 1x1x384 (cuda:0)]
        (9): Parameter containing: [torch.float32 of size 1x1x384 (cuda:0)]
    )
    (predictor_blocks): ModuleList(
      (0-11): 12 x Block(
        (norm1): LayerNorm((384,), eps=1e-06, elementwise_affine=True, bias=True)
        (attn): RoPEAttention(
          (qkv): Linear(in_features=384, out_features=1152, bias=True)
          (attn_drop): Dropout(p=0.0, inplace=False)
          (proj): Linear(in_features=384, out_features=384, bias=True)
          (proj_drop): Dropout(p=0.0, inplace=False)
        )
        (drop_path): Identity()
        (norm2): LayerNorm((384,), eps=1e-06, elementwise_affine=True, bias=True)
        (mlp): MLP(
          (fc1): Linear(in_features=384, out_features=1536, bias=True)
          (act): GELU(approximate='none')
          (fc2): Linear(in_features=1536, out_features=384, bias=True)
          (drop): Dropout(p=0.0, inplace=False)
        )
      )
    )
    (predictor_norm): LayerNorm((384,), eps=1e-06, elementwise_affine=True, bias=True)
    (predictor_proj): Linear(in_features=384, out_features=1280, bias=True)
  )
)
AnticipativeWrapper(
  (encoder): VisionTransformer(
    (patch_embed): PatchEmbed3D(
      (proj): Conv3d(3, 1280, kernel_size=(2, 16, 16), stride=(2, 16, 16))
    )
    (blocks): ModuleList(
      (0-31): 32 x Block(
        (norm1): LayerNorm((1280,), eps=1e-06, elementwise_affine=True, bias=True)
        (attn): RoPEAttention(
          (qkv): Linear(in_features=1280, out_features=3840, bias=True)
          (attn_drop): Dropout(p=0.0, inplace=False)
          (proj): Linear(in_features=1280, out_features=1280, bias=True)
          (proj_drop): Dropout(p=0.0, inplace=False)
        )
        (drop_path): Identity()
        (norm2): LayerNorm((1280,), eps=1e-06, elementwise_affine=True, bias=True)
        (mlp): MLP(
          (fc1): Linear(in_features=1280, out_features=5120, bias=True)
          (act): GELU(approximate='none')
          (fc2): Linear(in_features=5120, out_features=1280, bias=True)
          (drop): Dropout(p=0.0, inplace=False)
        )
      )
    )
    (norm): LayerNorm((1280,), eps=1e-06, elementwise_affine=True, bias=True)
  )
  (predictor): VisionTransformerPredictor(
    (predictor_embed): Linear(in_features=1280, out_features=384, bias=True)
    (mask_tokens): ParameterList(
        (0): Parameter containing: [torch.float32 of size 1x1x384 (cuda:0)]
        (1): Parameter containing: [torch.float32 of size 1x1x384 (cuda:0)]
        (2): Parameter containing: [torch.float32 of size 1x1x384 (cuda:0)]
        (3): Parameter containing: [torch.float32 of size 1x1x384 (cuda:0)]
        (4): Parameter containing: [torch.float32 of size 1x1x384 (cuda:0)]
        (5): Parameter containing: [torch.float32 of size 1x1x384 (cuda:0)]
        (6): Parameter containing: [torch.float32 of size 1x1x384 (cuda:0)]
        (7): Parameter containing: [torch.float32 of size 1x1x384 (cuda:0)]
        (8): Parameter containing: [torch.float32 of size 1x1x384 (cuda:0)]
        (9): Parameter containing: [torch.float32 of size 1x1x384 (cuda:0)]
    )
    (predictor_blocks): ModuleList(
      (0-11): 12 x Block(
        (norm1): LayerNorm((384,), eps=1e-06, elementwise_affine=True, bias=True)
        (attn): RoPEAttention(
          (qkv): Linear(in_features=384, out_features=1152, bias=True)
          (attn_drop): Dropout(p=0.0, inplace=False)
          (proj): Linear(in_features=384, out_features=384, bias=True)
          (proj_drop): Dropout(p=0.0, inplace=False)
        )
        (drop_path): Identity()
        (norm2): LayerNorm((384,), eps=1e-06, elementwise_affine=True, bias=True)
        (mlp): MLP(
          (fc1): Linear(in_features=384, out_features=1536, bias=True)
          (act): GELU(approximate='none')
          (fc2): Linear(in_features=1536, out_features=384, bias=True)
          (drop): Dropout(p=0.0, inplace=False)
        )
      )
    )
    (predictor_norm): LayerNorm((384,), eps=1e-06, elementwise_affine=True, bias=True)
    (predictor_proj): Linear(in_features=384, out_features=1280, bias=True)
  )
)
AnticipativeWrapper(
  (encoder): VisionTransformer(
    (patch_embed): PatchEmbed3D(
      (proj): Conv3d(3, 1280, kernel_size=(2, 16, 16), stride=(2, 16, 16))
    )
    (blocks): ModuleList(
      (0-31): 32 x Block(
        (norm1): LayerNorm((1280,), eps=1e-06, elementwise_affine=True, bias=True)
        (attn): RoPEAttention(
          (qkv): Linear(in_features=1280, out_features=3840, bias=True)
          (attn_drop): Dropout(p=0.0, inplace=False)
          (proj): Linear(in_features=1280, out_features=1280, bias=True)
          (proj_drop): Dropout(p=0.0, inplace=False)
        )
        (drop_path): Identity()
        (norm2): LayerNorm((1280,), eps=1e-06, elementwise_affine=True, bias=True)
        (mlp): MLP(
          (fc1): Linear(in_features=1280, out_features=5120, bias=True)
          (act): GELU(approximate='none')
          (fc2): Linear(in_features=5120, out_features=1280, bias=True)
          (drop): Dropout(p=0.0, inplace=False)
        )
      )
    )
    (norm): LayerNorm((1280,), eps=1e-06, elementwise_affine=True, bias=True)
  )
  (predictor): VisionTransformerPredictor(
    (predictor_embed): Linear(in_features=1280, out_features=384, bias=True)
    (mask_tokens): ParameterList(
        (0): Parameter containing: [torch.float32 of size 1x1x384 (cuda:0)]
        (1): Parameter containing: [torch.float32 of size 1x1x384 (cuda:0)]
        (2): Parameter containing: [torch.float32 of size 1x1x384 (cuda:0)]
        (3): Parameter containing: [torch.float32 of size 1x1x384 (cuda:0)]
        (4): Parameter containing: [torch.float32 of size 1x1x384 (cuda:0)]
        (5): Parameter containing: [torch.float32 of size 1x1x384 (cuda:0)]
        (6): Parameter containing: [torch.float32 of size 1x1x384 (cuda:0)]
        (7): Parameter containing: [torch.float32 of size 1x1x384 (cuda:0)]
        (8): Parameter containing: [torch.float32 of size 1x1x384 (cuda:0)]
        (9): Parameter containing: [torch.float32 of size 1x1x384 (cuda:0)]
    )
    (predictor_blocks): ModuleList(
      (0-11): 12 x Block(
        (norm1): LayerNorm((384,), eps=1e-06, elementwise_affine=True, bias=True)
        (attn): RoPEAttention(
          (qkv): Linear(in_features=384, out_features=1152, bias=True)
          (attn_drop): Dropout(p=0.0, inplace=False)
          (proj): Linear(in_features=384, out_features=384, bias=True)
          (proj_drop): Dropout(p=0.0, inplace=False)
        )
        (drop_path): Identity()
        (norm2): LayerNorm((384,), eps=1e-06, elementwise_affine=True, bias=True)
        (mlp): MLP(
          (fc1): Linear(in_features=384, out_features=1536, bias=True)
          (act): GELU(approximate='none')
          (fc2): Linear(in_features=1536, out_features=384, bias=True)
          (drop): Dropout(p=0.0, inplace=False)
        )
      )
    )
    (predictor_norm): LayerNorm((384,), eps=1e-06, elementwise_affine=True, bias=True)
    (predictor_proj): Linear(in_features=384, out_features=1280, bias=True)
  )
)
AttentiveClassifier(
  (pooler): AttentivePooler(
    (cross_attention_block): CrossAttentionBlock(
      (norm1): LayerNorm((1280,), eps=1e-05, elementwise_affine=True, bias=True)
      (xattn): CrossAttention(
        (q): Linear(in_features=1280, out_features=1280, bias=True)
        (kv): Linear(in_features=1280, out_features=2560, bias=True)
      )
      (norm2): LayerNorm((1280,), eps=1e-05, elementwise_affine=True, bias=True)
      (mlp): MLP(
        (fc1): Linear(in_features=1280, out_features=5120, bias=True)
        (act): GELU(approximate='none')
        (fc2): Linear(in_features=5120, out_features=1280, bias=True)
        (drop): Dropout(p=0.0, inplace=False)
      )
    )
    (blocks): ModuleList(
      (0-2): 3 x Block(
        (norm1): LayerNorm((1280,), eps=1e-05, elementwise_affine=True, bias=True)
        (attn): Attention(
          (qkv): Linear(in_features=1280, out_features=3840, bias=True)
          (attn_drop): Dropout(p=0.0, inplace=False)
          (proj): Linear(in_features=1280, out_features=1280, bias=True)
          (proj_drop): Dropout(p=0.0, inplace=False)
        )
        (drop_path): Identity()
        (norm2): LayerNorm((1280,), eps=1e-05, elementwise_affine=True, bias=True)
        (mlp): MLP(
          (fc1): Linear(in_features=1280, out_features=5120, bias=True)
          (act): GELU(approximate='none')
          (fc2): Linear(in_features=5120, out_features=1280, bias=True)
          (drop): Dropout(p=0.0, inplace=False)
        )
      )
    )
  )
  (verb_classifier): Linear(in_features=1280, out_features=97, bias=True)
  (noun_classifier): Linear(in_features=1280, out_features=289, bias=True)
  (action_classifier): Linear(in_features=1280, out_features=3568, bias=True)
)
[INFO    ][2026-09-19 19:58:56][root                ][get_video_wds_dataset    ] Total number of shards across all data is num_shards=495
[INFO    ][2026-09-19 19:58:57][root                ][__init__                 ] Done initializing ResampledShards
[INFO    ][2026-09-19 19:58:57][root                ][main                     ] Dataloader created... iterations per epoch: 525
[INFO    ][2026-09-19 19:58:57][root                ][get_video_wds_dataset    ] Total number of shards across all data is num_shards=138
[INFO    ][2026-09-19 19:58:57][root                ][__init__                 ] Done initializing ResampledShards
[INFO    ][2026-09-19 19:58:57][root                ][main                     ] Val dataloader created... iterations per epoch: 72
[INFO    ][2026-09-19 19:58:57][root                ][init_opt                 ] Using AdamW
/data/hyuntak/project/2026/2027_cvpr/vjepa2/evals/action_anticipation_frozen/utils.py:34: FutureWarning: `torch.cuda.amp.GradScaler(args...)` is deprecated. Please use `torch.amp.GradScaler('cuda', args...)` instead.
  scalers += [torch.cuda.amp.GradScaler() if use_bfloat16 else None]
[INFO    ][2026-09-19 19:58:57][root                ][init_opt                 ] Using AdamW
[INFO    ][2026-09-19 19:58:57][root                ][init_opt                 ] Using AdamW
[INFO    ][2026-09-19 19:58:57][root                ][init_opt                 ] Using AdamW
[INFO    ][2026-09-19 19:58:57][root                ][init_opt                 ] Using AdamW
[INFO    ][2026-09-19 19:58:57][root                ][init_opt                 ] Using AdamW
[INFO    ][2026-09-19 19:58:57][root                ][init_opt                 ] Using AdamW
[INFO    ][2026-09-19 19:58:57][root                ][init_opt                 ] Using AdamW
AttentiveClassifier(
  (pooler): AttentivePooler(
    (cross_attention_block): CrossAttentionBlock(
      (norm1): LayerNorm((1280,), eps=1e-05, elementwise_affine=True, bias=True)
      (xattn): CrossAttention(
        (q): Linear(in_features=1280, out_features=1280, bias=True)
        (kv): Linear(in_features=1280, out_features=2560, bias=True)
      )
      (norm2): LayerNorm((1280,), eps=1e-05, elementwise_affine=True, bias=True)
      (mlp): MLP(
        (fc1): Linear(in_features=1280, out_features=5120, bias=True)
        (act): GELU(approximate='none')
        (fc2): Linear(in_features=5120, out_features=1280, bias=True)
        (drop): Dropout(p=0.0, inplace=False)
      )
    )
    (blocks): ModuleList(
      (0-2): 3 x Block(
        (norm1): LayerNorm((1280,), eps=1e-05, elementwise_affine=True, bias=True)
        (attn): Attention(
          (qkv): Linear(in_features=1280, out_features=3840, bias=True)
          (attn_drop): Dropout(p=0.0, inplace=False)
          (proj): Linear(in_features=1280, out_features=1280, bias=True)
          (proj_drop): Dropout(p=0.0, inplace=False)
        )
        (drop_path): Identity()
        (norm2): LayerNorm((1280,), eps=1e-05, elementwise_affine=True, bias=True)
        (mlp): MLP(
          (fc1): Linear(in_features=1280, out_features=5120, bias=True)
          (act): GELU(approximate='none')
          (fc2): Linear(in_features=5120, out_features=1280, bias=True)
          (drop): Dropout(p=0.0, inplace=False)
        )
      )
    )
  )
  (verb_classifier): Linear(in_features=1280, out_features=97, bias=True)
  (noun_classifier): Linear(in_features=1280, out_features=289, bias=True)
  (action_classifier): Linear(in_features=1280, out_features=3568, bias=True)
)
[INFO    ][2026-09-19 19:58:57][root                ][get_video_wds_dataset    ] Total number of shards across all data is num_shards=495
[INFO    ][2026-09-19 19:58:57][root                ][__init__                 ] Done initializing ResampledShards
[INFO    ][2026-09-19 19:58:57][root                ][main                     ] Dataloader created... iterations per epoch: 525
[INFO    ][2026-09-19 19:58:57][root                ][get_video_wds_dataset    ] Total number of shards across all data is num_shards=138
[INFO    ][2026-09-19 19:58:57][root                ][__init__                 ] Done initializing ResampledShards
[INFO    ][2026-09-19 19:58:57][root                ][main                     ] Val dataloader created... iterations per epoch: 72
[INFO    ][2026-09-19 19:58:57][root                ][init_opt                 ] Using AdamW
/data/hyuntak/project/2026/2027_cvpr/vjepa2/evals/action_anticipation_frozen/utils.py:34: FutureWarning: `torch.cuda.amp.GradScaler(args...)` is deprecated. Please use `torch.amp.GradScaler('cuda', args...)` instead.
  scalers += [torch.cuda.amp.GradScaler() if use_bfloat16 else None]
[INFO    ][2026-09-19 19:58:57][root                ][init_opt                 ] Using AdamW
[INFO    ][2026-09-19 19:58:57][root                ][init_opt                 ] Using AdamW
[INFO    ][2026-09-19 19:58:57][root                ][init_opt                 ] Using AdamW
[INFO    ][2026-09-19 19:58:57][root                ][init_opt                 ] Using AdamW
[INFO    ][2026-09-19 19:58:57][root                ][init_opt                 ] Using AdamW
[INFO    ][2026-09-19 19:58:57][root                ][init_opt                 ] Using AdamW
[INFO    ][2026-09-19 19:58:57][root                ][init_opt                 ] Using AdamW
AttentiveClassifier(
  (pooler): AttentivePooler(
    (cross_attention_block): CrossAttentionBlock(
      (norm1): LayerNorm((1280,), eps=1e-05, elementwise_affine=True, bias=True)
      (xattn): CrossAttention(
        (q): Linear(in_features=1280, out_features=1280, bias=True)
        (kv): Linear(in_features=1280, out_features=2560, bias=True)
      )
      (norm2): LayerNorm((1280,), eps=1e-05, elementwise_affine=True, bias=True)
      (mlp): MLP(
        (fc1): Linear(in_features=1280, out_features=5120, bias=True)
        (act): GELU(approximate='none')
        (fc2): Linear(in_features=5120, out_features=1280, bias=True)
        (drop): Dropout(p=0.0, inplace=False)
      )
    )
    (blocks): ModuleList(
      (0-2): 3 x Block(
        (norm1): LayerNorm((1280,), eps=1e-05, elementwise_affine=True, bias=True)
        (attn): Attention(
          (qkv): Linear(in_features=1280, out_features=3840, bias=True)
          (attn_drop): Dropout(p=0.0, inplace=False)
          (proj): Linear(in_features=1280, out_features=1280, bias=True)
          (proj_drop): Dropout(p=0.0, inplace=False)
        )
        (drop_path): Identity()
        (norm2): LayerNorm((1280,), eps=1e-05, elementwise_affine=True, bias=True)
        (mlp): MLP(
          (fc1): Linear(in_features=1280, out_features=5120, bias=True)
          (act): GELU(approximate='none')
          (fc2): Linear(in_features=5120, out_features=1280, bias=True)
          (drop): Dropout(p=0.0, inplace=False)
        )
      )
    )
  )
  (verb_classifier): Linear(in_features=1280, out_features=97, bias=True)
  (noun_classifier): Linear(in_features=1280, out_features=289, bias=True)
  (action_classifier): Linear(in_features=1280, out_features=3568, bias=True)
)
[INFO    ][2026-09-19 19:58:58][root                ][get_video_wds_dataset    ] Total number of shards across all data is num_shards=495
[INFO    ][2026-09-19 19:58:58][root                ][__init__                 ] Done initializing ResampledShards
[INFO    ][2026-09-19 19:58:58][root                ][main                     ] Dataloader created... iterations per epoch: 525
[INFO    ][2026-09-19 19:58:58][root                ][get_video_wds_dataset    ] Total number of shards across all data is num_shards=138
[INFO    ][2026-09-19 19:58:58][root                ][__init__                 ] Done initializing ResampledShards
[INFO    ][2026-09-19 19:58:58][root                ][main                     ] Val dataloader created... iterations per epoch: 72
[INFO    ][2026-09-19 19:58:58][root                ][init_opt                 ] Using AdamW
/data/hyuntak/project/2026/2027_cvpr/vjepa2/evals/action_anticipation_frozen/utils.py:34: FutureWarning: `torch.cuda.amp.GradScaler(args...)` is deprecated. Please use `torch.amp.GradScaler('cuda', args...)` instead.
  scalers += [torch.cuda.amp.GradScaler() if use_bfloat16 else None]
[INFO    ][2026-09-19 19:58:58][root                ][init_opt                 ] Using AdamW
[INFO    ][2026-09-19 19:58:58][root                ][init_opt                 ] Using AdamW
[INFO    ][2026-09-19 19:58:58][root                ][init_opt                 ] Using AdamW
[INFO    ][2026-09-19 19:58:58][root                ][init_opt                 ] Using AdamW
[INFO    ][2026-09-19 19:58:58][root                ][init_opt                 ] Using AdamW
[INFO    ][2026-09-19 19:58:58][root                ][init_opt                 ] Using AdamW
[INFO    ][2026-09-19 19:58:58][root                ][init_opt                 ] Using AdamW
AttentiveClassifier(
  (pooler): AttentivePooler(
    (cross_attention_block): CrossAttentionBlock(
      (norm1): LayerNorm((1280,), eps=1e-05, elementwise_affine=True, bias=True)
      (xattn): CrossAttention(
        (q): Linear(in_features=1280, out_features=1280, bias=True)
        (kv): Linear(in_features=1280, out_features=2560, bias=True)
      )
      (norm2): LayerNorm((1280,), eps=1e-05, elementwise_affine=True, bias=True)
      (mlp): MLP(
        (fc1): Linear(in_features=1280, out_features=5120, bias=True)
        (act): GELU(approximate='none')
        (fc2): Linear(in_features=5120, out_features=1280, bias=True)
        (drop): Dropout(p=0.0, inplace=False)
      )
    )
    (blocks): ModuleList(
      (0-2): 3 x Block(
        (norm1): LayerNorm((1280,), eps=1e-05, elementwise_affine=True, bias=True)
        (attn): Attention(
          (qkv): Linear(in_features=1280, out_features=3840, bias=True)
          (attn_drop): Dropout(p=0.0, inplace=False)
          (proj): Linear(in_features=1280, out_features=1280, bias=True)
          (proj_drop): Dropout(p=0.0, inplace=False)
        )
        (drop_path): Identity()
        (norm2): LayerNorm((1280,), eps=1e-05, elementwise_affine=True, bias=True)
        (mlp): MLP(
          (fc1): Linear(in_features=1280, out_features=5120, bias=True)
          (act): GELU(approximate='none')
          (fc2): Linear(in_features=5120, out_features=1280, bias=True)
          (drop): Dropout(p=0.0, inplace=False)
        )
      )
    )
  )
  (verb_classifier): Linear(in_features=1280, out_features=97, bias=True)
  (noun_classifier): Linear(in_features=1280, out_features=289, bias=True)
  (action_classifier): Linear(in_features=1280, out_features=3568, bias=True)
)
[INFO    ][2026-09-19 19:58:58][root                ][get_video_wds_dataset    ] Total number of shards across all data is num_shards=495
[INFO    ][2026-09-19 19:58:58][root                ][__init__                 ] Done initializing ResampledShards
[INFO    ][2026-09-19 19:58:58][root                ][main                     ] Dataloader created... iterations per epoch: 525
[INFO    ][2026-09-19 19:58:58][root                ][get_video_wds_dataset    ] Total number of shards across all data is num_shards=138
[INFO    ][2026-09-19 19:58:58][root                ][__init__                 ] Done initializing ResampledShards
[INFO    ][2026-09-19 19:58:58][root                ][main                     ] Val dataloader created... iterations per epoch: 72
[INFO    ][2026-09-19 19:58:58][root                ][init_opt                 ] Using AdamW
/data/hyuntak/project/2026/2027_cvpr/vjepa2/evals/action_anticipation_frozen/utils.py:34: FutureWarning: `torch.cuda.amp.GradScaler(args...)` is deprecated. Please use `torch.amp.GradScaler('cuda', args...)` instead.
  scalers += [torch.cuda.amp.GradScaler() if use_bfloat16 else None]
[INFO    ][2026-09-19 19:58:58][root                ][init_opt                 ] Using AdamW
[INFO    ][2026-09-19 19:58:58][root                ][init_opt                 ] Using AdamW
[INFO    ][2026-09-19 19:58:58][root                ][init_opt                 ] Using AdamW
[INFO    ][2026-09-19 19:58:58][root                ][init_opt                 ] Using AdamW
[INFO    ][2026-09-19 19:58:58][root                ][init_opt                 ] Using AdamW
[INFO    ][2026-09-19 19:58:58][root                ][init_opt                 ] Using AdamW
[INFO    ][2026-09-19 19:58:58][root                ][init_opt                 ] Using AdamW
AttentiveClassifier(
  (pooler): AttentivePooler(
    (cross_attention_block): CrossAttentionBlock(
      (norm1): LayerNorm((1280,), eps=1e-05, elementwise_affine=True, bias=True)
      (xattn): CrossAttention(
        (q): Linear(in_features=1280, out_features=1280, bias=True)
        (kv): Linear(in_features=1280, out_features=2560, bias=True)
      )
      (norm2): LayerNorm((1280,), eps=1e-05, elementwise_affine=True, bias=True)
      (mlp): MLP(
        (fc1): Linear(in_features=1280, out_features=5120, bias=True)
        (act): GELU(approximate='none')
        (fc2): Linear(in_features=5120, out_features=1280, bias=True)
        (drop): Dropout(p=0.0, inplace=False)
      )
    )
    (blocks): ModuleList(
      (0-2): 3 x Block(
        (norm1): LayerNorm((1280,), eps=1e-05, elementwise_affine=True, bias=True)
        (attn): Attention(
          (qkv): Linear(in_features=1280, out_features=3840, bias=True)
          (attn_drop): Dropout(p=0.0, inplace=False)
          (proj): Linear(in_features=1280, out_features=1280, bias=True)
          (proj_drop): Dropout(p=0.0, inplace=False)
        )
        (drop_path): Identity()
        (norm2): LayerNorm((1280,), eps=1e-05, elementwise_affine=True, bias=True)
        (mlp): MLP(
          (fc1): Linear(in_features=1280, out_features=5120, bias=True)
          (act): GELU(approximate='none')
          (fc2): Linear(in_features=5120, out_features=1280, bias=True)
          (drop): Dropout(p=0.0, inplace=False)
        )
      )
    )
  )
  (verb_classifier): Linear(in_features=1280, out_features=97, bias=True)
  (noun_classifier): Linear(in_features=1280, out_features=289, bias=True)
  (action_classifier): Linear(in_features=1280, out_features=3568, bias=True)
)
[INFO    ][2026-09-19 19:58:58][root                ][get_video_wds_dataset    ] Total number of shards across all data is num_shards=495
[INFO    ][2026-09-19 19:58:58][root                ][__init__                 ] Done initializing ResampledShards
[INFO    ][2026-09-19 19:58:58][root                ][main                     ] Dataloader created... iterations per epoch: 525
[INFO    ][2026-09-19 19:58:58][root                ][get_video_wds_dataset    ] Total number of shards across all data is num_shards=138
[INFO    ][2026-09-19 19:58:58][root                ][__init__                 ] Done initializing ResampledShards
[INFO    ][2026-09-19 19:58:58][root                ][main                     ] Val dataloader created... iterations per epoch: 72
[INFO    ][2026-09-19 19:58:58][root                ][init_opt                 ] Using AdamW
/data/hyuntak/project/2026/2027_cvpr/vjepa2/evals/action_anticipation_frozen/utils.py:34: FutureWarning: `torch.cuda.amp.GradScaler(args...)` is deprecated. Please use `torch.amp.GradScaler('cuda', args...)` instead.
  scalers += [torch.cuda.amp.GradScaler() if use_bfloat16 else None]
[INFO    ][2026-09-19 19:58:58][root                ][init_opt                 ] Using AdamW
[INFO    ][2026-09-19 19:58:58][root                ][init_opt                 ] Using AdamW
[INFO    ][2026-09-19 19:58:58][root                ][init_opt                 ] Using AdamW
[INFO    ][2026-09-19 19:58:58][root                ][init_opt                 ] Using AdamW
[INFO    ][2026-09-19 19:58:58][root                ][init_opt                 ] Using AdamW
[INFO    ][2026-09-19 19:58:58][root                ][init_opt                 ] Using AdamW
[INFO    ][2026-09-19 19:58:58][root                ][init_opt                 ] Using AdamW
AttentiveClassifier(
  (pooler): AttentivePooler(
    (cross_attention_block): CrossAttentionBlock(
      (norm1): LayerNorm((1280,), eps=1e-05, elementwise_affine=True, bias=True)
      (xattn): CrossAttention(
        (q): Linear(in_features=1280, out_features=1280, bias=True)
        (kv): Linear(in_features=1280, out_features=2560, bias=True)
      )
      (norm2): LayerNorm((1280,), eps=1e-05, elementwise_affine=True, bias=True)
      (mlp): MLP(
        (fc1): Linear(in_features=1280, out_features=5120, bias=True)
        (act): GELU(approximate='none')
        (fc2): Linear(in_features=5120, out_features=1280, bias=True)
        (drop): Dropout(p=0.0, inplace=False)
      )
    )
    (blocks): ModuleList(
      (0-2): 3 x Block(
        (norm1): LayerNorm((1280,), eps=1e-05, elementwise_affine=True, bias=True)
        (attn): Attention(
          (qkv): Linear(in_features=1280, out_features=3840, bias=True)
          (attn_drop): Dropout(p=0.0, inplace=False)
          (proj): Linear(in_features=1280, out_features=1280, bias=True)
          (proj_drop): Dropout(p=0.0, inplace=False)
        )
        (drop_path): Identity()
        (norm2): LayerNorm((1280,), eps=1e-05, elementwise_affine=True, bias=True)
        (mlp): MLP(
          (fc1): Linear(in_features=1280, out_features=5120, bias=True)
          (act): GELU(approximate='none')
          (fc2): Linear(in_features=5120, out_features=1280, bias=True)
          (drop): Dropout(p=0.0, inplace=False)
        )
      )
    )
  )
  (verb_classifier): Linear(in_features=1280, out_features=97, bias=True)
  (noun_classifier): Linear(in_features=1280, out_features=289, bias=True)
  (action_classifier): Linear(in_features=1280, out_features=3568, bias=True)
)
[INFO    ][2026-09-19 19:58:59][root                ][get_video_wds_dataset    ] Total number of shards across all data is num_shards=495
[INFO    ][2026-09-19 19:58:59][root                ][__init__                 ] Done initializing ResampledShards
[INFO    ][2026-09-19 19:58:59][root                ][main                     ] Dataloader created... iterations per epoch: 525
[INFO    ][2026-09-19 19:58:59][root                ][get_video_wds_dataset    ] Total number of shards across all data is num_shards=138
[INFO    ][2026-09-19 19:58:59][root                ][__init__                 ] Done initializing ResampledShards
[INFO    ][2026-09-19 19:58:59][root                ][main                     ] Val dataloader created... iterations per epoch: 72
[INFO    ][2026-09-19 19:58:59][root                ][init_opt                 ] Using AdamW
/data/hyuntak/project/2026/2027_cvpr/vjepa2/evals/action_anticipation_frozen/utils.py:34: FutureWarning: `torch.cuda.amp.GradScaler(args...)` is deprecated. Please use `torch.amp.GradScaler('cuda', args...)` instead.
  scalers += [torch.cuda.amp.GradScaler() if use_bfloat16 else None]
[INFO    ][2026-09-19 19:58:59][root                ][init_opt                 ] Using AdamW
[INFO    ][2026-09-19 19:58:59][root                ][init_opt                 ] Using AdamW
[INFO    ][2026-09-19 19:58:59][root                ][init_opt                 ] Using AdamW
[INFO    ][2026-09-19 19:58:59][root                ][init_opt                 ] Using AdamW
[INFO    ][2026-09-19 19:58:59][root                ][init_opt                 ] Using AdamW
[INFO    ][2026-09-19 19:58:59][root                ][init_opt                 ] Using AdamW
[INFO    ][2026-09-19 19:58:59][root                ][init_opt                 ] Using AdamW
AttentiveClassifier(
  (pooler): AttentivePooler(
    (cross_attention_block): CrossAttentionBlock(
      (norm1): LayerNorm((1280,), eps=1e-05, elementwise_affine=True, bias=True)
      (xattn): CrossAttention(
        (q): Linear(in_features=1280, out_features=1280, bias=True)
        (kv): Linear(in_features=1280, out_features=2560, bias=True)
      )
      (norm2): LayerNorm((1280,), eps=1e-05, elementwise_affine=True, bias=True)
      (mlp): MLP(
        (fc1): Linear(in_features=1280, out_features=5120, bias=True)
        (act): GELU(approximate='none')
        (fc2): Linear(in_features=5120, out_features=1280, bias=True)
        (drop): Dropout(p=0.0, inplace=False)
      )
    )
    (blocks): ModuleList(
      (0-2): 3 x Block(
        (norm1): LayerNorm((1280,), eps=1e-05, elementwise_affine=True, bias=True)
        (attn): Attention(
          (qkv): Linear(in_features=1280, out_features=3840, bias=True)
          (attn_drop): Dropout(p=0.0, inplace=False)
          (proj): Linear(in_features=1280, out_features=1280, bias=True)
          (proj_drop): Dropout(p=0.0, inplace=False)
        )
        (drop_path): Identity()
        (norm2): LayerNorm((1280,), eps=1e-05, elementwise_affine=True, bias=True)
        (mlp): MLP(
          (fc1): Linear(in_features=1280, out_features=5120, bias=True)
          (act): GELU(approximate='none')
          (fc2): Linear(in_features=5120, out_features=1280, bias=True)
          (drop): Dropout(p=0.0, inplace=False)
        )
      )
    )
  )
  (verb_classifier): Linear(in_features=1280, out_features=97, bias=True)
  (noun_classifier): Linear(in_features=1280, out_features=289, bias=True)
  (action_classifier): Linear(in_features=1280, out_features=3568, bias=True)
)
[INFO    ][2026-09-19 19:58:59][root                ][get_video_wds_dataset    ] Total number of shards across all data is num_shards=495
[INFO    ][2026-09-19 19:58:59][root                ][__init__                 ] Done initializing ResampledShards
[INFO    ][2026-09-19 19:58:59][root                ][main                     ] Dataloader created... iterations per epoch: 525
[INFO    ][2026-09-19 19:58:59][root                ][get_video_wds_dataset    ] Total number of shards across all data is num_shards=138
[INFO    ][2026-09-19 19:58:59][root                ][__init__                 ] Done initializing ResampledShards
[INFO    ][2026-09-19 19:58:59][root                ][main                     ] Val dataloader created... iterations per epoch: 72
[INFO    ][2026-09-19 19:58:59][root                ][init_opt                 ] Using AdamW
/data/hyuntak/project/2026/2027_cvpr/vjepa2/evals/action_anticipation_frozen/utils.py:34: FutureWarning: `torch.cuda.amp.GradScaler(args...)` is deprecated. Please use `torch.amp.GradScaler('cuda', args...)` instead.
  scalers += [torch.cuda.amp.GradScaler() if use_bfloat16 else None]
[INFO    ][2026-09-19 19:58:59][root                ][init_opt                 ] Using AdamW
[INFO    ][2026-09-19 19:58:59][root                ][init_opt                 ] Using AdamW
[INFO    ][2026-09-19 19:58:59][root                ][init_opt                 ] Using AdamW
[INFO    ][2026-09-19 19:58:59][root                ][init_opt                 ] Using AdamW
[INFO    ][2026-09-19 19:58:59][root                ][init_opt                 ] Using AdamW
[INFO    ][2026-09-19 19:58:59][root                ][init_opt                 ] Using AdamW
[INFO    ][2026-09-19 19:58:59][root                ][init_opt                 ] Using AdamW
AttentiveClassifier(
  (pooler): AttentivePooler(
    (cross_attention_block): CrossAttentionBlock(
      (norm1): LayerNorm((1280,), eps=1e-05, elementwise_affine=True, bias=True)
      (xattn): CrossAttention(
        (q): Linear(in_features=1280, out_features=1280, bias=True)
        (kv): Linear(in_features=1280, out_features=2560, bias=True)
      )
      (norm2): LayerNorm((1280,), eps=1e-05, elementwise_affine=True, bias=True)
      (mlp): MLP(
        (fc1): Linear(in_features=1280, out_features=5120, bias=True)
        (act): GELU(approximate='none')
        (fc2): Linear(in_features=5120, out_features=1280, bias=True)
        (drop): Dropout(p=0.0, inplace=False)
      )
    )
    (blocks): ModuleList(
      (0-2): 3 x Block(
        (norm1): LayerNorm((1280,), eps=1e-05, elementwise_affine=True, bias=True)
        (attn): Attention(
          (qkv): Linear(in_features=1280, out_features=3840, bias=True)
          (attn_drop): Dropout(p=0.0, inplace=False)
          (proj): Linear(in_features=1280, out_features=1280, bias=True)
          (proj_drop): Dropout(p=0.0, inplace=False)
        )
        (drop_path): Identity()
        (norm2): LayerNorm((1280,), eps=1e-05, elementwise_affine=True, bias=True)
        (mlp): MLP(
          (fc1): Linear(in_features=1280, out_features=5120, bias=True)
          (act): GELU(approximate='none')
          (fc2): Linear(in_features=5120, out_features=1280, bias=True)
          (drop): Dropout(p=0.0, inplace=False)
        )
      )
    )
  )
  (verb_classifier): Linear(in_features=1280, out_features=97, bias=True)
  (noun_classifier): Linear(in_features=1280, out_features=289, bias=True)
  (action_classifier): Linear(in_features=1280, out_features=3568, bias=True)
)
[INFO    ][2026-09-19 19:59:02][root                ][get_video_wds_dataset    ] Total number of shards across all data is num_shards=495
[INFO    ][2026-09-19 19:59:02][root                ][__init__                 ] Done initializing ResampledShards
[INFO    ][2026-09-19 19:59:02][root                ][main                     ] Dataloader created... iterations per epoch: 525
[INFO    ][2026-09-19 19:59:02][root                ][get_video_wds_dataset    ] Total number of shards across all data is num_shards=138
[INFO    ][2026-09-19 19:59:02][root                ][__init__                 ] Done initializing ResampledShards
[INFO    ][2026-09-19 19:59:02][root                ][main                     ] Val dataloader created... iterations per epoch: 72
[INFO    ][2026-09-19 19:59:02][root                ][init_opt                 ] Using AdamW
/data/hyuntak/project/2026/2027_cvpr/vjepa2/evals/action_anticipation_frozen/utils.py:34: FutureWarning: `torch.cuda.amp.GradScaler(args...)` is deprecated. Please use `torch.amp.GradScaler('cuda', args...)` instead.
  scalers += [torch.cuda.amp.GradScaler() if use_bfloat16 else None]
[INFO    ][2026-09-19 19:59:02][root                ][init_opt                 ] Using AdamW
[INFO    ][2026-09-19 19:59:02][root                ][init_opt                 ] Using AdamW
[INFO    ][2026-09-19 19:59:02][root                ][init_opt                 ] Using AdamW
[INFO    ][2026-09-19 19:59:02][root                ][init_opt                 ] Using AdamW
[INFO    ][2026-09-19 19:59:02][root                ][init_opt                 ] Using AdamW
[INFO    ][2026-09-19 19:59:02][root                ][init_opt                 ] Using AdamW
[INFO    ][2026-09-19 19:59:02][root                ][init_opt                 ] Using AdamW
[INFO    ][2026-09-19 19:59:03][root                ][main                     ] Epoch 0
[INFO    ][2026-09-19 19:59:03][root                ][main                     ] Training...
/data/hyuntak/project/2026/2027_cvpr/vjepa2/evals/action_anticipation_frozen/eval.py:602: FutureWarning: `torch.cuda.amp.autocast(args...)` is deprecated. Please use `torch.amp.autocast('cuda', args...)` instead.
  with torch.cuda.amp.autocast(dtype=torch.bfloat16, enabled=use_bfloat16):
/data/hyuntak/anaconda3/envs/vjepa2/lib/python3.12/contextlib.py:105: FutureWarning: `torch.backends.cuda.sdp_kernel()` is deprecated. In the future, this context manager will be removed. Please see `torch.nn.attention.sdpa_kernel()` for the new context manager, with updated signature.
  self.gen = func(*args, **kwds)
/data/hyuntak/project/2026/2027_cvpr/vjepa2/evals/action_anticipation_frozen/eval.py:638: FutureWarning: `torch.cuda.amp.autocast(args...)` is deprecated. Please use `torch.amp.autocast('cuda', args...)` instead.
  with torch.cuda.amp.autocast(dtype=torch.bfloat16, enabled=use_bfloat16):
/data/hyuntak/project/2026/2027_cvpr/vjepa2/evals/action_anticipation_frozen/eval.py:602: FutureWarning: `torch.cuda.amp.autocast(args...)` is deprecated. Please use `torch.amp.autocast('cuda', args...)` instead.
  with torch.cuda.amp.autocast(dtype=torch.bfloat16, enabled=use_bfloat16):
/data/hyuntak/project/2026/2027_cvpr/vjepa2/evals/action_anticipation_frozen/eval.py:602: FutureWarning: `torch.cuda.amp.autocast(args...)` is deprecated. Please use `torch.amp.autocast('cuda', args...)` instead.
  with torch.cuda.amp.autocast(dtype=torch.bfloat16, enabled=use_bfloat16):
/data/hyuntak/project/2026/2027_cvpr/vjepa2/evals/action_anticipation_frozen/eval.py:602: FutureWarning: `torch.cuda.amp.autocast(args...)` is deprecated. Please use `torch.amp.autocast('cuda', args...)` instead.
  with torch.cuda.amp.autocast(dtype=torch.bfloat16, enabled=use_bfloat16):
/data/hyuntak/anaconda3/envs/vjepa2/lib/python3.12/contextlib.py:105: FutureWarning: `torch.backends.cuda.sdp_kernel()` is deprecated. In the future, this context manager will be removed. Please see `torch.nn.attention.sdpa_kernel()` for the new context manager, with updated signature.
  self.gen = func(*args, **kwds)
/data/hyuntak/anaconda3/envs/vjepa2/lib/python3.12/contextlib.py:105: FutureWarning: `torch.backends.cuda.sdp_kernel()` is deprecated. In the future, this context manager will be removed. Please see `torch.nn.attention.sdpa_kernel()` for the new context manager, with updated signature.
  self.gen = func(*args, **kwds)
/data/hyuntak/project/2026/2027_cvpr/vjepa2/evals/action_anticipation_frozen/eval.py:638: FutureWarning: `torch.cuda.amp.autocast(args...)` is deprecated. Please use `torch.amp.autocast('cuda', args...)` instead.
  with torch.cuda.amp.autocast(dtype=torch.bfloat16, enabled=use_bfloat16):
/data/hyuntak/project/2026/2027_cvpr/vjepa2/evals/action_anticipation_frozen/eval.py:602: FutureWarning: `torch.cuda.amp.autocast(args...)` is deprecated. Please use `torch.amp.autocast('cuda', args...)` instead.
  with torch.cuda.amp.autocast(dtype=torch.bfloat16, enabled=use_bfloat16):
/data/hyuntak/project/2026/2027_cvpr/vjepa2/evals/action_anticipation_frozen/eval.py:638: FutureWarning: `torch.cuda.amp.autocast(args...)` is deprecated. Please use `torch.amp.autocast('cuda', args...)` instead.
  with torch.cuda.amp.autocast(dtype=torch.bfloat16, enabled=use_bfloat16):
/data/hyuntak/anaconda3/envs/vjepa2/lib/python3.12/contextlib.py:105: FutureWarning: `torch.backends.cuda.sdp_kernel()` is deprecated. In the future, this context manager will be removed. Please see `torch.nn.attention.sdpa_kernel()` for the new context manager, with updated signature.
  self.gen = func(*args, **kwds)
/data/hyuntak/project/2026/2027_cvpr/vjepa2/evals/action_anticipation_frozen/eval.py:638: FutureWarning: `torch.cuda.amp.autocast(args...)` is deprecated. Please use `torch.amp.autocast('cuda', args...)` instead.
  with torch.cuda.amp.autocast(dtype=torch.bfloat16, enabled=use_bfloat16):
/data/hyuntak/anaconda3/envs/vjepa2/lib/python3.12/contextlib.py:105: FutureWarning: `torch.backends.cuda.sdp_kernel()` is deprecated. In the future, this context manager will be removed. Please see `torch.nn.attention.sdpa_kernel()` for the new context manager, with updated signature.
  self.gen = func(*args, **kwds)
/data/hyuntak/project/2026/2027_cvpr/vjepa2/evals/action_anticipation_frozen/eval.py:638: FutureWarning: `torch.cuda.amp.autocast(args...)` is deprecated. Please use `torch.amp.autocast('cuda', args...)` instead.
  with torch.cuda.amp.autocast(dtype=torch.bfloat16, enabled=use_bfloat16):
/data/hyuntak/project/2026/2027_cvpr/vjepa2/evals/action_anticipation_frozen/eval.py:602: FutureWarning: `torch.cuda.amp.autocast(args...)` is deprecated. Please use `torch.amp.autocast('cuda', args...)` instead.
  with torch.cuda.amp.autocast(dtype=torch.bfloat16, enabled=use_bfloat16):
/data/hyuntak/anaconda3/envs/vjepa2/lib/python3.12/contextlib.py:105: FutureWarning: `torch.backends.cuda.sdp_kernel()` is deprecated. In the future, this context manager will be removed. Please see `torch.nn.attention.sdpa_kernel()` for the new context manager, with updated signature.
  self.gen = func(*args, **kwds)
/data/hyuntak/project/2026/2027_cvpr/vjepa2/evals/action_anticipation_frozen/eval.py:638: FutureWarning: `torch.cuda.amp.autocast(args...)` is deprecated. Please use `torch.amp.autocast('cuda', args...)` instead.
  with torch.cuda.amp.autocast(dtype=torch.bfloat16, enabled=use_bfloat16):
/data/hyuntak/project/2026/2027_cvpr/vjepa2/evals/action_anticipation_frozen/eval.py:602: FutureWarning: `torch.cuda.amp.autocast(args...)` is deprecated. Please use `torch.amp.autocast('cuda', args...)` instead.
  with torch.cuda.amp.autocast(dtype=torch.bfloat16, enabled=use_bfloat16):
/data/hyuntak/anaconda3/envs/vjepa2/lib/python3.12/contextlib.py:105: FutureWarning: `torch.backends.cuda.sdp_kernel()` is deprecated. In the future, this context manager will be removed. Please see `torch.nn.attention.sdpa_kernel()` for the new context manager, with updated signature.
  self.gen = func(*args, **kwds)
/data/hyuntak/project/2026/2027_cvpr/vjepa2/evals/action_anticipation_frozen/eval.py:638: FutureWarning: `torch.cuda.amp.autocast(args...)` is deprecated. Please use `torch.amp.autocast('cuda', args...)` instead.
  with torch.cuda.amp.autocast(dtype=torch.bfloat16, enabled=use_bfloat16):
/data/hyuntak/project/2026/2027_cvpr/vjepa2/evals/action_anticipation_frozen/eval.py:602: FutureWarning: `torch.cuda.amp.autocast(args...)` is deprecated. Please use `torch.amp.autocast('cuda', args...)` instead.
  with torch.cuda.amp.autocast(dtype=torch.bfloat16, enabled=use_bfloat16):
/data/hyuntak/anaconda3/envs/vjepa2/lib/python3.12/contextlib.py:105: FutureWarning: `torch.backends.cuda.sdp_kernel()` is deprecated. In the future, this context manager will be removed. Please see `torch.nn.attention.sdpa_kernel()` for the new context manager, with updated signature.
  self.gen = func(*args, **kwds)
/data/hyuntak/project/2026/2027_cvpr/vjepa2/evals/action_anticipation_frozen/eval.py:638: FutureWarning: `torch.cuda.amp.autocast(args...)` is deprecated. Please use `torch.amp.autocast('cuda', args...)` instead.
  with torch.cuda.amp.autocast(dtype=torch.bfloat16, enabled=use_bfloat16):
[INFO    ][2026-09-19 20:01:00][root                ][train_one_epoch          ] [    0] acc (v/n): 0.8% (9.4% 7.0%) recall (v/n): 0.7% (16.5% 2.1%) [mem: 1.61e+04] [data: 28525.5 ms]
[INFO    ][2026-09-19 20:02:08][root                ][train_one_epoch          ] [   10] acc (v/n): 1.6% (34.2% 8.5%) recall (v/n): 0.3% (9.2% 2.3%) [mem: 2.02e+04] [data: 2608.5 ms]
[INFO    ][2026-09-19 20:03:14][root                ][train_one_epoch          ] [   20] acc (v/n): 4.2% (40.4% 10.6%) recall (v/n): 0.5% (8.5% 2.6%) [mem: 2.02e+04] [data: 1374.3 ms]
[INFO    ][2026-09-19 20:04:22][root                ][train_one_epoch          ] [   30] acc (v/n): 4.6% (42.1% 10.5%) recall (v/n): 0.5% (6.9% 2.4%) [mem: 2.02e+04] [data: 936.4 ms]
[INFO    ][2026-09-19 20:05:31][root                ][train_one_epoch          ] [   40] acc (v/n): 4.5% (44.1% 10.5%) recall (v/n): 0.5% (6.2% 2.3%) [mem: 2.02e+04] [data: 712.0 ms]
[INFO    ][2026-09-19 20:06:39][root                ][train_one_epoch          ] [   50] acc (v/n): 4.9% (47.1% 11.2%) recall (v/n): 0.5% (6.2% 2.3%) [mem: 2.02e+04] [data: 575.7 ms]
[INFO    ][2026-09-19 20:07:50][root                ][train_one_epoch          ] [   60] acc (v/n): 5.1% (48.9% 11.6%) recall (v/n): 0.4% (6.1% 2.1%) [mem: 2.02e+04] [data: 484.1 ms]
[INFO    ][2026-09-19 20:08:56][root                ][train_one_epoch          ] [   70] acc (v/n): 5.4% (49.8% 11.9%) recall (v/n): 0.4% (5.7% 2.1%) [mem: 2.02e+04] [data: 418.3 ms]
[INFO    ][2026-09-19 20:10:03][root                ][train_one_epoch          ] [   80] acc (v/n): 5.8% (50.2% 12.0%) recall (v/n): 0.4% (5.6% 2.2%) [mem: 2.02e+04] [data: 368.7 ms]
[INFO    ][2026-09-19 20:11:13][root                ][train_one_epoch          ] [   90] acc (v/n): 5.9% (51.2% 12.4%) recall (v/n): 0.4% (5.6% 2.2%) [mem: 2.02e+04] [data: 330.0 ms]
[INFO    ][2026-09-19 20:12:22][root                ][train_one_epoch          ] [  100] acc (v/n): 6.2% (51.9% 12.7%) recall (v/n): 0.4% (5.8% 2.2%) [mem: 2.02e+04] [data: 299.0 ms]
[INFO    ][2026-09-19 20:13:33][root                ][train_one_epoch          ] [  110] acc (v/n): 6.4% (52.7% 13.4%) recall (v/n): 0.4% (5.7% 2.3%) [mem: 2.02e+04] [data: 273.6 ms]
[INFO    ][2026-09-19 20:14:39][root                ][train_one_epoch          ] [  120] acc (v/n): 6.6% (53.4% 13.7%) recall (v/n): 0.4% (5.7% 2.3%) [mem: 2.02e+04] [data: 252.3 ms]
[INFO    ][2026-09-19 20:15:45][root                ][train_one_epoch          ] [  130] acc (v/n): 6.6% (54.3% 14.0%) recall (v/n): 0.4% (5.6% 2.3%) [mem: 2.02e+04] [data: 234.3 ms]
[INFO    ][2026-09-19 20:16:53][root                ][train_one_epoch          ] [  140] acc (v/n): 6.8% (54.5% 14.0%) recall (v/n): 0.4% (5.5% 2.2%) [mem: 2.02e+04] [data: 218.9 ms]
[INFO    ][2026-09-19 20:17:58][root                ][train_one_epoch          ] [  150] acc (v/n): 6.9% (55.0% 14.1%) recall (v/n): 0.3% (5.4% 2.2%) [mem: 2.02e+04] [data: 205.5 ms]
[INFO    ][2026-09-19 20:19:05][root                ][train_one_epoch          ] [  160] acc (v/n): 7.2% (55.5% 14.4%) recall (v/n): 0.3% (5.4% 2.2%) [mem: 2.02e+04] [data: 193.8 ms]
[INFO    ][2026-09-19 20:20:13][root                ][train_one_epoch          ] [  170] acc (v/n): 7.1% (55.9% 14.4%) recall (v/n): 0.3% (5.4% 2.2%) [mem: 2.02e+04] [data: 183.4 ms]
[INFO    ][2026-09-19 20:21:18][root                ][train_one_epoch          ] [  180] acc (v/n): 7.1% (56.3% 14.3%) recall (v/n): 0.3% (5.4% 2.2%) [mem: 2.02e+04] [data: 174.2 ms]
[INFO    ][2026-09-19 20:22:25][root                ][train_one_epoch          ] [  190] acc (v/n): 7.2% (56.6% 14.6%) recall (v/n): 0.3% (5.4% 2.2%) [mem: 2.02e+04] [data: 166.0 ms]
[INFO    ][2026-09-19 20:23:32][root                ][train_one_epoch          ] [  200] acc (v/n): 7.2% (57.1% 14.5%) recall (v/n): 0.3% (5.3% 2.2%) [mem: 2.02e+04] [data: 158.5 ms]
[INFO    ][2026-09-19 20:24:39][root                ][train_one_epoch          ] [  210] acc (v/n): 7.1% (57.6% 14.5%) recall (v/n): 0.3% (5.3% 2.1%) [mem: 2.02e+04] [data: 151.8 ms]
[INFO    ][2026-09-19 20:25:47][root                ][train_one_epoch          ] [  220] acc (v/n): 7.2% (57.6% 14.5%) recall (v/n): 0.3% (5.3% 2.1%) [mem: 2.02e+04] [data: 145.7 ms]
[INFO    ][2026-09-19 20:26:53][root                ][train_one_epoch          ] [  230] acc (v/n): 7.2% (58.0% 14.6%) recall (v/n): 0.3% (5.3% 2.1%) [mem: 2.02e+04] [data: 140.1 ms]
[INFO    ][2026-09-19 20:28:01][root                ][train_one_epoch          ] [  240] acc (v/n): 7.3% (58.2% 14.7%) recall (v/n): 0.3% (5.3% 2.1%) [mem: 2.02e+04] [data: 135.0 ms]
[INFO    ][2026-09-19 20:29:08][root                ][train_one_epoch          ] [  250] acc (v/n): 7.4% (58.6% 14.9%) recall (v/n): 0.3% (5.3% 2.1%) [mem: 2.02e+04] [data: 130.3 ms]
[INFO    ][2026-09-19 20:30:15][root                ][train_one_epoch          ] [  260] acc (v/n): 7.4% (58.8% 15.1%) recall (v/n): 0.3% (5.3% 2.1%) [mem: 2.02e+04] [data: 125.9 ms]
[INFO    ][2026-09-19 20:31:24][root                ][train_one_epoch          ] [  270] acc (v/n): 7.5% (59.0% 15.1%) recall (v/n): 0.3% (5.3% 2.1%) [mem: 2.02e+04] [data: 121.9 ms]
[INFO    ][2026-09-19 20:32:32][root                ][train_one_epoch          ] [  280] acc (v/n): 7.5% (59.0% 15.1%) recall (v/n): 0.3% (5.3% 2.1%) [mem: 2.02e+04] [data: 118.1 ms]
[INFO    ][2026-09-19 20:33:40][root                ][train_one_epoch          ] [  290] acc (v/n): 7.4% (59.1% 15.1%) recall (v/n): 0.3% (5.3% 2.1%) [mem: 2.02e+04] [data: 114.7 ms]
[INFO    ][2026-09-19 20:34:49][root                ][train_one_epoch          ] [  300] acc (v/n): 7.5% (59.2% 15.2%) recall (v/n): 0.3% (5.4% 2.0%) [mem: 2.02e+04] [data: 111.4 ms]
[INFO    ][2026-09-19 20:35:57][root                ][train_one_epoch          ] [  310] acc (v/n): 7.4% (59.4% 15.2%) recall (v/n): 0.3% (5.4% 2.0%) [mem: 2.02e+04] [data: 108.4 ms]
[INFO    ][2026-09-19 20:37:08][root                ][train_one_epoch          ] [  320] acc (v/n): 7.5% (59.5% 15.2%) recall (v/n): 0.3% (5.4% 2.0%) [mem: 2.02e+04] [data: 105.5 ms]
[INFO    ][2026-09-19 20:38:15][root                ][train_one_epoch          ] [  330] acc (v/n): 7.5% (59.6% 15.1%) recall (v/n): 0.3% (5.4% 2.0%) [mem: 2.02e+04] [data: 102.8 ms]
[INFO    ][2026-09-19 20:39:21][root                ][train_one_epoch          ] [  340] acc (v/n): 7.5% (59.8% 15.2%) recall (v/n): 0.3% (5.4% 2.1%) [mem: 2.02e+04] [data: 100.3 ms]
[INFO    ][2026-09-19 20:40:32][root                ][train_one_epoch          ] [  350] acc (v/n): 7.6% (59.8% 15.2%) recall (v/n): 0.3% (5.4% 2.1%) [mem: 2.02e+04] [data: 97.9 ms]
[INFO    ][2026-09-19 20:41:40][root                ][train_one_epoch          ] [  360] acc (v/n): 7.6% (59.8% 15.3%) recall (v/n): 0.3% (5.4% 2.1%) [mem: 2.02e+04] [data: 95.7 ms]
[INFO    ][2026-09-19 20:43:41][root                ][train_one_epoch          ] [  370] acc (v/n): 7.6% (59.8% 15.3%) recall (v/n): 0.3% (5.4% 2.1%) [mem: 2.02e+04] [data: 93.6 ms]
[INFO    ][2026-09-19 20:45:35][root                ][train_one_epoch          ] [  380] acc (v/n): 7.6% (59.6% 15.3%) recall (v/n): 0.3% (5.4% 2.2%) [mem: 2.02e+04] [data: 91.5 ms]
[INFO    ][2026-09-19 20:47:26][root                ][train_one_epoch          ] [  390] acc (v/n): 7.6% (59.6% 15.3%) recall (v/n): 0.3% (5.4% 2.2%) [mem: 2.02e+04] [data: 89.6 ms]
[INFO    ][2026-09-19 20:49:38][root                ][train_one_epoch          ] [  400] acc (v/n): 7.6% (59.5% 15.2%) recall (v/n): 0.3% (5.4% 2.2%) [mem: 2.02e+04] [data: 87.8 ms]
[INFO    ][2026-09-19 20:50:43][root                ][train_one_epoch          ] [  410] acc (v/n): 7.6% (59.5% 15.3%) recall (v/n): 0.3% (5.4% 2.2%) [mem: 2.02e+04] [data: 86.1 ms]
[INFO    ][2026-09-19 20:51:49][root                ][train_one_epoch          ] [  420] acc (v/n): 7.6% (59.5% 15.2%) recall (v/n): 0.3% (5.4% 2.2%) [mem: 2.02e+04] [data: 84.4 ms]
[INFO    ][2026-09-19 20:53:15][root                ][train_one_epoch          ] [  430] acc (v/n): 7.6% (59.4% 15.2%) recall (v/n): 0.2% (5.4% 2.2%) [mem: 2.02e+04] [data: 82.9 ms]
[INFO    ][2026-09-19 20:54:48][root                ][train_one_epoch          ] [  440] acc (v/n): 7.6% (59.4% 15.1%) recall (v/n): 0.2% (5.4% 2.2%) [mem: 2.02e+04] [data: 81.4 ms]
[INFO    ][2026-09-19 20:56:46][root                ][train_one_epoch          ] [  450] acc (v/n): 7.6% (59.4% 15.1%) recall (v/n): 0.2% (5.4% 2.2%) [mem: 2.02e+04] [data: 79.9 ms]
[INFO    ][2026-09-19 20:57:51][root                ][train_one_epoch          ] [  460] acc (v/n): 7.7% (59.4% 15.1%) recall (v/n): 0.2% (5.4% 2.2%) [mem: 2.02e+04] [data: 78.5 ms]
[INFO    ][2026-09-19 20:58:58][root                ][train_one_epoch          ] [  470] acc (v/n): 7.7% (59.5% 15.2%) recall (v/n): 0.2% (5.4% 2.2%) [mem: 2.02e+04] [data: 77.2 ms]
[INFO    ][2026-09-19 21:00:41][root                ][train_one_epoch          ] [  480] acc (v/n): 7.7% (59.5% 15.2%) recall (v/n): 0.2% (5.4% 2.2%) [mem: 2.02e+04] [data: 76.0 ms]
[INFO    ][2026-09-19 21:02:47][root                ][train_one_epoch          ] [  490] acc (v/n): 7.7% (59.5% 15.3%) recall (v/n): 0.2% (5.4% 2.2%) [mem: 2.02e+04] [data: 74.8 ms]
[INFO    ][2026-09-19 21:04:53][root                ][train_one_epoch          ] [  500] acc (v/n): 7.7% (59.6% 15.2%) recall (v/n): 0.2% (5.4% 2.2%) [mem: 2.02e+04] [data: 73.6 ms]
[INFO    ][2026-09-19 21:07:02][root                ][train_one_epoch          ] [  510] acc (v/n): 7.7% (59.7% 15.3%) recall (v/n): 0.2% (5.4% 2.3%) [mem: 2.02e+04] [data: 72.5 ms]
[INFO    ][2026-09-19 21:08:50][root                ][train_one_epoch          ] [  520] acc (v/n): 7.7% (59.8% 15.3%) recall (v/n): 0.2% (5.5% 2.3%) [mem: 2.02e+04] [data: 71.4 ms]
[INFO    ][2026-09-19 21:09:52][root                ][train_one_epoch          ] [  524] acc (v/n): 7.7% (59.8% 15.3%) recall (v/n): 0.2% (5.5% 2.3%) [mem: 2.02e+04] [data: 141.3 ms]
[INFO    ][2026-09-19 21:09:58][root                ][main                     ] [val skipped] epoch 1 (evaluation.val_every=5)
[INFO    ][2026-09-19 21:09:58][root                ][main                     ] [    1] train acc (v/n): 7.7% (59.8% 15.3%) train recall (v/n): 0.2% (5.5% 2.3%) val acc (v/n): nan% (nan% nan%) val recall (v/n): nan% (nan% nan%) 
[INFO    ][2026-09-19 21:11:29][root                ][main                     ] Epoch 1
[INFO    ][2026-09-19 21:11:29][root                ][main                     ] Training...
[INFO    ][2026-09-19 21:12:10][root                ][train_one_epoch          ] [    0] acc (v/n): 10.2% (70.3% 21.1%) recall (v/n): 6.4% (26.2% 10.5%) [mem: 2.02e+04] [data: 10539.8 ms]
[INFO    ][2026-09-19 21:13:17][root                ][train_one_epoch          ] [   10] acc (v/n): 8.4% (67.5% 16.4%) recall (v/n): 1.1% (9.1% 3.7%) [mem: 2.02e+04] [data: 973.4 ms]
[INFO    ][2026-09-19 21:14:24][root                ][train_one_epoch          ] [   20] acc (v/n): 8.1% (66.4% 16.6%) recall (v/n): 0.7% (8.1% 3.4%) [mem: 2.02e+04] [data: 517.9 ms]
[INFO    ][2026-09-19 21:15:31][root                ][train_one_epoch          ] [   30] acc (v/n): 7.8% (65.9% 16.7%) recall (v/n): 0.6% (7.3% 3.3%) [mem: 2.02e+04] [data: 356.2 ms]
[INFO    ][2026-09-19 21:16:40][root                ][train_one_epoch          ] [   40] acc (v/n): 8.0% (65.1% 16.4%) recall (v/n): 0.6% (7.3% 3.2%) [mem: 2.02e+04] [data: 273.4 ms]
[INFO    ][2026-09-19 21:17:48][root                ][train_one_epoch          ] [   50] acc (v/n): 8.5% (65.1% 17.0%) recall (v/n): 0.5% (7.0% 3.2%) [mem: 2.02e+04] [data: 223.1 ms]
[INFO    ][2026-09-19 21:18:56][root                ][train_one_epoch          ] [   60] acc (v/n): 8.8% (64.4% 16.9%) recall (v/n): 0.5% (6.9% 3.1%) [mem: 2.02e+04] [data: 189.3 ms]
[INFO    ][2026-09-19 21:20:03][root                ][train_one_epoch          ] [   70] acc (v/n): 9.0% (64.0% 17.2%) recall (v/n): 0.4% (6.6% 3.1%) [mem: 2.02e+04] [data: 165.0 ms]
[INFO    ][2026-09-19 21:21:11][root                ][train_one_epoch          ] [   80] acc (v/n): 9.3% (64.2% 17.5%) recall (v/n): 0.4% (6.4% 3.1%) [mem: 2.02e+04] [data: 146.7 ms]
[INFO    ][2026-09-19 21:22:19][root                ][train_one_epoch          ] [   90] acc (v/n): 9.3% (64.4% 18.0%) recall (v/n): 0.4% (6.3% 3.0%) [mem: 2.02e+04] [data: 132.4 ms]
[INFO    ][2026-09-19 21:23:27][root                ][train_one_epoch          ] [  100] acc (v/n): 9.4% (64.5% 18.2%) recall (v/n): 0.4% (6.3% 2.9%) [mem: 2.02e+04] [data: 121.0 ms]
[INFO    ][2026-09-19 21:23:54][root                ][run                      ] Encountered exception getting indices e=DECORDError('[21:23:54] /github/workspace/src/video/video_reader.cc:444: [/data2/local_datasets/EPIC-KITCHENS_resized/P04/videos/P04_116.MP4]Unable to handle EOF because it takes too long to retrieve last few frames and `DECORD_EOF_RETRY_MAX=10240`. You may override the limit by `export DECORD_EOF_RETRY_MAX=20480` for example to allow more EOF retry attempts, exit...')
[INFO    ][2026-09-19 21:24:33][root                ][train_one_epoch          ] [  110] acc (v/n): 9.2% (64.5% 17.9%) recall (v/n): 0.4% (6.4% 2.9%) [mem: 2.02e+04] [data: 111.6 ms]
[INFO    ][2026-09-19 21:25:41][root                ][train_one_epoch          ] [  120] acc (v/n): 9.5% (64.5% 18.6%) recall (v/n): 0.4% (6.4% 3.0%) [mem: 2.02e+04] [data: 103.7 ms]
[INFO    ][2026-09-19 21:26:49][root                ][train_one_epoch          ] [  130] acc (v/n): 9.4% (64.6% 18.7%) recall (v/n): 0.4% (6.3% 3.0%) [mem: 2.02e+04] [data: 97.1 ms]
[INFO    ][2026-09-19 21:27:57][root                ][train_one_epoch          ] [  140] acc (v/n): 9.5% (64.8% 19.0%) recall (v/n): 0.3% (6.4% 3.0%) [mem: 2.02e+04] [data: 91.4 ms]
[INFO    ][2026-09-19 21:29:05][root                ][train_one_epoch          ] [  150] acc (v/n): 9.6% (64.7% 19.1%) recall (v/n): 0.4% (6.4% 3.1%) [mem: 2.02e+04] [data: 86.5 ms]
[INFO    ][2026-09-19 21:30:14][root                ][train_one_epoch          ] [  160] acc (v/n): 9.7% (64.7% 19.3%) recall (v/n): 0.4% (6.4% 3.1%) [mem: 2.02e+04] [data: 82.1 ms]
[INFO    ][2026-09-19 21:31:23][root                ][train_one_epoch          ] [  170] acc (v/n): 9.8% (64.7% 19.4%) recall (v/n): 0.3% (6.5% 3.1%) [mem: 2.02e+04] [data: 78.3 ms]
[INFO    ][2026-09-19 21:32:32][root                ][train_one_epoch          ] [  180] acc (v/n): 9.9% (65.2% 19.6%) recall (v/n): 0.3% (6.6% 3.1%) [mem: 2.02e+04] [data: 74.9 ms]
[INFO    ][2026-09-19 21:33:40][root                ][train_one_epoch          ] [  190] acc (v/n): 10.0% (65.5% 19.9%) recall (v/n): 0.3% (6.7% 3.2%) [mem: 2.02e+04] [data: 71.9 ms]
[INFO    ][2026-09-19 21:34:48][root                ][train_one_epoch          ] [  200] acc (v/n): 10.0% (65.7% 20.0%) recall (v/n): 0.3% (6.7% 3.1%) [mem: 2.02e+04] [data: 69.1 ms]
[INFO    ][2026-09-19 21:35:55][root                ][train_one_epoch          ] [  210] acc (v/n): 10.1% (65.8% 20.1%) recall (v/n): 0.3% (6.8% 3.3%) [mem: 2.02e+04] [data: 66.7 ms]
[INFO    ][2026-09-19 21:37:04][root                ][train_one_epoch          ] [  220] acc (v/n): 10.2% (65.9% 20.2%) recall (v/n): 0.4% (6.9% 3.4%) [mem: 2.02e+04] [data: 64.6 ms]
[INFO    ][2026-09-19 21:38:15][root                ][train_one_epoch          ] [  230] acc (v/n): 10.3% (66.1% 20.5%) recall (v/n): 0.4% (6.9% 3.5%) [mem: 2.02e+04] [data: 62.8 ms]
[INFO    ][2026-09-19 21:39:27][root                ][train_one_epoch          ] [  240] acc (v/n): 10.3% (66.1% 20.6%) recall (v/n): 0.4% (7.0% 3.5%) [mem: 2.02e+04] [data: 60.9 ms]
[INFO    ][2026-09-19 21:40:38][root                ][train_one_epoch          ] [  250] acc (v/n): 10.2% (66.0% 20.6%) recall (v/n): 0.4% (7.0% 3.4%) [mem: 2.02e+04] [data: 59.2 ms]
[INFO    ][2026-09-19 21:41:45][root                ][train_one_epoch          ] [  260] acc (v/n): 10.2% (65.9% 20.7%) recall (v/n): 0.4% (7.4% 3.5%) [mem: 2.02e+04] [data: 57.6 ms]
[INFO    ][2026-09-19 21:42:52][root                ][train_one_epoch          ] [  270] acc (v/n): 10.3% (65.9% 21.0%) recall (v/n): 0.4% (7.3% 3.5%) [mem: 2.02e+04] [data: 56.1 ms]
[INFO    ][2026-09-19 21:44:00][root                ][train_one_epoch          ] [  280] acc (v/n): 10.3% (65.8% 21.0%) recall (v/n): 0.4% (7.6% 3.6%) [mem: 2.02e+04] [data: 54.7 ms]
[INFO    ][2026-09-19 21:45:06][root                ][train_one_epoch          ] [  290] acc (v/n): 10.4% (66.0% 21.1%) recall (v/n): 0.4% (7.6% 3.6%) [mem: 2.02e+04] [data: 53.4 ms]
[INFO    ][2026-09-19 21:46:13][root                ][train_one_epoch          ] [  300] acc (v/n): 10.5% (66.2% 21.3%) recall (v/n): 0.4% (7.7% 3.7%) [mem: 2.02e+04] [data: 52.2 ms]
[INFO    ][2026-09-19 21:47:20][root                ][train_one_epoch          ] [  310] acc (v/n): 10.5% (66.3% 21.5%) recall (v/n): 0.4% (7.8% 3.7%) [mem: 2.02e+04] [data: 51.1 ms]
[INFO    ][2026-09-19 21:48:26][root                ][train_one_epoch          ] [  320] acc (v/n): 10.5% (66.4% 21.5%) recall (v/n): 0.4% (7.8% 3.7%) [mem: 2.02e+04] [data: 50.1 ms]
[INFO    ][2026-09-19 21:49:33][root                ][train_one_epoch          ] [  330] acc (v/n): 10.5% (66.6% 21.6%) recall (v/n): 0.4% (7.8% 3.8%) [mem: 2.02e+04] [data: 49.1 ms]
[INFO    ][2026-09-19 21:50:39][root                ][train_one_epoch          ] [  340] acc (v/n): 10.7% (66.8% 21.8%) recall (v/n): 0.4% (7.9% 3.8%) [mem: 2.02e+04] [data: 48.1 ms]
[INFO    ][2026-09-19 21:51:46][root                ][train_one_epoch          ] [  350] acc (v/n): 10.8% (67.0% 21.9%) recall (v/n): 0.4% (7.9% 3.9%) [mem: 2.02e+04] [data: 47.3 ms]
[INFO    ][2026-09-19 21:52:54][root                ][train_one_epoch          ] [  360] acc (v/n): 10.9% (67.1% 22.0%) recall (v/n): 0.4% (7.9% 3.9%) [mem: 2.02e+04] [data: 46.4 ms]
[INFO    ][2026-09-19 21:54:00][root                ][train_one_epoch          ] [  370] acc (v/n): 11.0% (67.1% 22.2%) recall (v/n): 0.4% (8.2% 4.0%) [mem: 2.02e+04] [data: 45.7 ms]
[INFO    ][2026-09-19 21:55:07][root                ][train_one_epoch          ] [  380] acc (v/n): 11.1% (67.3% 22.3%) recall (v/n): 0.5% (8.2% 4.0%) [mem: 2.02e+04] [data: 45.0 ms]
[INFO    ][2026-09-19 21:56:12][root                ][train_one_epoch          ] [  390] acc (v/n): 11.1% (67.3% 22.3%) recall (v/n): 0.5% (8.2% 4.1%) [mem: 2.02e+04] [data: 44.3 ms]
[INFO    ][2026-09-19 21:57:18][root                ][train_one_epoch          ] [  400] acc (v/n): 11.2% (67.4% 22.3%) recall (v/n): 0.5% (8.3% 4.1%) [mem: 2.02e+04] [data: 43.6 ms]
[INFO    ][2026-09-19 21:58:24][root                ][train_one_epoch          ] [  410] acc (v/n): 11.2% (67.5% 22.4%) recall (v/n): 0.5% (8.3% 4.1%) [mem: 2.02e+04] [data: 43.0 ms]
[INFO    ][2026-09-19 21:59:31][root                ][train_one_epoch          ] [  420] acc (v/n): 11.4% (67.5% 22.7%) recall (v/n): 0.5% (8.3% 4.1%) [mem: 2.02e+04] [data: 42.4 ms]
[INFO    ][2026-09-19 22:00:41][root                ][train_one_epoch          ] [  430] acc (v/n): 11.4% (67.6% 22.9%) recall (v/n): 0.5% (8.3% 4.3%) [mem: 2.02e+04] [data: 41.8 ms]
[INFO    ][2026-09-19 22:01:52][root                ][train_one_epoch          ] [  440] acc (v/n): 11.5% (67.6% 23.1%) recall (v/n): 0.5% (8.4% 4.4%) [mem: 2.02e+04] [data: 41.2 ms]
[INFO    ][2026-09-19 22:02:58][root                ][train_one_epoch          ] [  450] acc (v/n): 11.6% (67.7% 23.1%) recall (v/n): 0.5% (8.4% 4.4%) [mem: 2.02e+04] [data: 40.7 ms]
[INFO    ][2026-09-19 22:04:21][root                ][train_one_epoch          ] [  460] acc (v/n): 11.6% (67.7% 23.2%) recall (v/n): 0.5% (8.4% 4.5%) [mem: 2.02e+04] [data: 40.2 ms]
[INFO    ][2026-09-19 22:06:15][root                ][train_one_epoch          ] [  470] acc (v/n): 11.7% (67.7% 23.2%) recall (v/n): 0.5% (8.4% 4.5%) [mem: 2.02e+04] [data: 39.7 ms]
[INFO    ][2026-09-19 22:08:12][root                ][train_one_epoch          ] [  480] acc (v/n): 11.7% (67.8% 23.2%) recall (v/n): 0.5% (8.5% 4.5%) [mem: 2.02e+04] [data: 39.3 ms]
[INFO    ][2026-09-19 22:09:52][root                ][train_one_epoch          ] [  490] acc (v/n): 11.7% (67.9% 23.3%) recall (v/n): 0.5% (8.5% 4.5%) [mem: 2.02e+04] [data: 38.8 ms]
[INFO    ][2026-09-19 22:11:31][root                ][train_one_epoch          ] [  500] acc (v/n): 11.8% (68.0% 23.4%) recall (v/n): 0.5% (8.6% 4.6%) [mem: 2.02e+04] [data: 38.4 ms]
[INFO    ][2026-09-19 22:12:36][root                ][train_one_epoch          ] [  510] acc (v/n): 11.9% (68.1% 23.6%) recall (v/n): 0.5% (8.6% 4.7%) [mem: 2.02e+04] [data: 38.0 ms]
[INFO    ][2026-09-19 22:13:43][root                ][train_one_epoch          ] [  520] acc (v/n): 11.9% (68.2% 23.7%) recall (v/n): 0.5% (8.7% 4.7%) [mem: 2.02e+04] [data: 37.6 ms]
[INFO    ][2026-09-19 22:14:09][root                ][train_one_epoch          ] [  524] acc (v/n): 12.0% (68.2% 23.8%) recall (v/n): 0.5% (8.7% 4.8%) [mem: 2.02e+04] [data: 37.4 ms]
[INFO    ][2026-09-19 22:14:14][root                ][main                     ] [val skipped] epoch 2 (evaluation.val_every=5)
[INFO    ][2026-09-19 22:14:14][root                ][main                     ] [    2] train acc (v/n): 12.0% (68.2% 23.8%) train recall (v/n): 0.5% (8.7% 4.8%) val acc (v/n): nan% (nan% nan%) val recall (v/n): nan% (nan% nan%) 
[INFO    ][2026-09-19 22:15:00][root                ][main                     ] Epoch 2
[INFO    ][2026-09-19 22:15:00][root                ][main                     ] Training...
[INFO    ][2026-09-19 22:15:43][root                ][train_one_epoch          ] [    0] acc (v/n): 19.5% (75.8% 26.6%) recall (v/n): 12.2% (30.0% 21.4%) [mem: 2.02e+04] [data: 10359.9 ms]
[INFO    ][2026-09-19 22:16:50][root                ][train_one_epoch          ] [   10] acc (v/n): 16.1% (73.4% 27.3%) recall (v/n): 2.4% (12.2% 8.3%) [mem: 2.02e+04] [data: 957.5 ms]
[INFO    ][2026-09-19 22:17:57][root                ][train_one_epoch          ] [   20] acc (v/n): 15.5% (74.0% 26.6%) recall (v/n): 1.7% (11.4% 7.1%) [mem: 2.02e+04] [data: 510.3 ms]
[INFO    ][2026-09-19 22:19:03][root                ][train_one_epoch          ] [   30] acc (v/n): 16.9% (73.5% 28.6%) recall (v/n): 1.8% (11.5% 7.2%) [mem: 2.02e+04] [data: 351.1 ms]
[INFO    ][2026-09-19 22:20:09][root                ][train_one_epoch          ] [   40] acc (v/n): 16.6% (72.9% 28.9%) recall (v/n): 1.7% (11.4% 7.2%) [mem: 2.02e+04] [data: 269.7 ms]
[INFO    ][2026-09-19 22:21:17][root                ][train_one_epoch          ] [   50] acc (v/n): 17.0% (73.1% 29.7%) recall (v/n): 1.6% (11.2% 7.1%) [mem: 2.02e+04] [data: 220.4 ms]
[INFO    ][2026-09-19 22:22:24][root                ][train_one_epoch          ] [   60] acc (v/n): 17.8% (73.2% 30.6%) recall (v/n): 1.5% (11.2% 7.2%) [mem: 2.02e+04] [data: 187.1 ms]
[INFO    ][2026-09-19 22:23:29][root                ][train_one_epoch          ] [   70] acc (v/n): 17.9% (73.4% 31.1%) recall (v/n): 1.3% (10.9% 7.1%) [mem: 2.02e+04] [data: 163.3 ms]
[INFO    ][2026-09-19 22:24:36][root                ][train_one_epoch          ] [   80] acc (v/n): 17.8% (73.3% 30.9%) recall (v/n): 1.3% (10.8% 7.3%) [mem: 2.02e+04] [data: 145.2 ms]
[INFO    ][2026-09-19 22:25:43][root                ][train_one_epoch          ] [   90] acc (v/n): 17.9% (73.5% 31.1%) recall (v/n): 1.3% (11.1% 7.3%) [mem: 2.02e+04] [data: 131.1 ms]
[INFO    ][2026-09-19 22:26:50][root                ][train_one_epoch          ] [  100] acc (v/n): 17.8% (73.5% 31.1%) recall (v/n): 1.3% (11.1% 7.5%) [mem: 2.02e+04] [data: 119.8 ms]
[INFO    ][2026-09-19 22:27:56][root                ][train_one_epoch          ] [  110] acc (v/n): 17.7% (73.4% 31.1%) recall (v/n): 1.2% (11.1% 7.8%) [mem: 2.02e+04] [data: 110.5 ms]
[INFO    ][2026-09-19 22:29:03][root                ][train_one_epoch          ] [  120] acc (v/n): 17.6% (73.4% 31.6%) recall (v/n): 1.2% (11.1% 7.9%) [mem: 2.02e+04] [data: 102.8 ms]
[INFO    ][2026-09-19 22:30:10][root                ][train_one_epoch          ] [  130] acc (v/n): 17.8% (73.5% 31.7%) recall (v/n): 1.2% (11.0% 7.8%) [mem: 2.02e+04] [data: 96.4 ms]
[INFO    ][2026-09-19 22:31:15][root                ][train_one_epoch          ] [  140] acc (v/n): 17.6% (73.0% 31.8%) recall (v/n): 1.2% (11.3% 7.8%) [mem: 2.02e+04] [data: 90.8 ms]
[INFO    ][2026-09-19 22:32:23][root                ][train_one_epoch          ] [  150] acc (v/n): 17.8% (73.0% 32.1%) recall (v/n): 1.2% (11.6% 7.9%) [mem: 2.02e+04] [data: 86.0 ms]
[INFO    ][2026-09-19 22:33:29][root                ][train_one_epoch          ] [  160] acc (v/n): 18.0% (72.9% 32.2%) recall (v/n): 1.2% (11.6% 7.9%) [mem: 2.02e+04] [data: 81.8 ms]
[INFO    ][2026-09-19 22:34:35][root                ][train_one_epoch          ] [  170] acc (v/n): 18.0% (72.8% 32.4%) recall (v/n): 1.2% (11.5% 7.9%) [mem: 2.02e+04] [data: 78.0 ms]
[INFO    ][2026-09-19 22:35:42][root                ][train_one_epoch          ] [  180] acc (v/n): 18.0% (72.9% 32.6%) recall (v/n): 1.2% (11.5% 7.9%) [mem: 2.02e+04] [data: 74.6 ms]
[INFO    ][2026-09-19 22:36:50][root                ][train_one_epoch          ] [  190] acc (v/n): 18.3% (73.0% 32.9%) recall (v/n): 1.2% (11.6% 8.0%) [mem: 2.02e+04] [data: 71.5 ms]
[INFO    ][2026-09-19 22:37:58][root                ][train_one_epoch          ] [  200] acc (v/n): 18.2% (72.9% 33.0%) recall (v/n): 1.2% (11.7% 8.0%) [mem: 2.02e+04] [data: 68.8 ms]
[INFO    ][2026-09-19 22:39:06][root                ][train_one_epoch          ] [  210] acc (v/n): 18.2% (72.9% 33.0%) recall (v/n): 1.2% (11.7% 7.9%) [mem: 2.02e+04] [data: 66.4 ms]
[INFO    ][2026-09-19 22:40:17][root                ][train_one_epoch          ] [  220] acc (v/n): 18.2% (72.7% 33.0%) recall (v/n): 1.2% (12.0% 8.0%) [mem: 2.02e+04] [data: 64.1 ms]
[INFO    ][2026-09-19 22:41:27][root                ][train_one_epoch          ] [  230] acc (v/n): 18.1% (72.6% 33.0%) recall (v/n): 1.2% (12.0% 8.0%) [mem: 2.02e+04] [data: 62.1 ms]
[INFO    ][2026-09-19 22:42:38][root                ][train_one_epoch          ] [  240] acc (v/n): 18.1% (72.6% 33.0%) recall (v/n): 1.2% (12.1% 8.2%) [mem: 2.02e+04] [data: 60.2 ms]
[INFO    ][2026-09-19 22:43:43][root                ][train_one_epoch          ] [  250] acc (v/n): 18.1% (72.6% 33.1%) recall (v/n): 1.2% (12.2% 8.3%) [mem: 2.02e+04] [data: 58.5 ms]
[INFO    ][2026-09-19 22:44:50][root                ][train_one_epoch          ] [  260] acc (v/n): 18.0% (72.6% 33.1%) recall (v/n): 1.2% (12.3% 8.4%) [mem: 2.02e+04] [data: 57.0 ms]
[INFO    ][2026-09-19 22:45:57][root                ][train_one_epoch          ] [  270] acc (v/n): 17.9% (72.6% 33.1%) recall (v/n): 1.2% (12.3% 8.6%) [mem: 2.02e+04] [data: 55.6 ms]
[INFO    ][2026-09-19 22:47:05][root                ][train_one_epoch          ] [  280] acc (v/n): 17.9% (72.6% 33.3%) recall (v/n): 1.2% (12.3% 8.8%) [mem: 2.02e+04] [data: 54.2 ms]
[INFO    ][2026-09-19 22:48:15][root                ][train_one_epoch          ] [  290] acc (v/n): 18.1% (72.7% 33.5%) recall (v/n): 1.3% (12.7% 9.0%) [mem: 2.02e+04] [data: 52.9 ms]
[INFO    ][2026-09-19 22:49:26][root                ][train_one_epoch          ] [  300] acc (v/n): 18.1% (72.6% 33.6%) recall (v/n): 1.2% (12.7% 8.9%) [mem: 2.02e+04] [data: 51.8 ms]
[INFO    ][2026-09-19 22:50:35][root                ][train_one_epoch          ] [  310] acc (v/n): 18.1% (72.5% 33.6%) recall (v/n): 1.2% (12.7% 8.9%) [mem: 2.02e+04] [data: 50.7 ms]
[INFO    ][2026-09-19 22:51:43][root                ][train_one_epoch          ] [  320] acc (v/n): 18.2% (72.5% 33.7%) recall (v/n): 1.2% (12.7% 8.9%) [mem: 2.02e+04] [data: 49.7 ms]
[INFO    ][2026-09-19 22:52:49][root                ][train_one_epoch          ] [  330] acc (v/n): 18.2% (72.3% 34.0%) recall (v/n): 1.3% (12.8% 9.0%) [mem: 2.02e+04] [data: 48.7 ms]
[INFO    ][2026-09-19 22:53:57][root                ][train_one_epoch          ] [  340] acc (v/n): 18.3% (72.3% 34.2%) recall (v/n): 1.2% (12.9% 9.1%) [mem: 2.02e+04] [data: 47.8 ms]
[INFO    ][2026-09-19 22:55:47][root                ][train_one_epoch          ] [  350] acc (v/n): 18.4% (72.2% 34.1%) recall (v/n): 1.2% (13.1% 9.0%) [mem: 2.02e+04] [data: 47.0 ms]
[INFO    ][2026-09-19 22:56:54][root                ][train_one_epoch          ] [  360] acc (v/n): 18.4% (72.3% 34.1%) recall (v/n): 1.2% (13.1% 9.0%) [mem: 2.02e+04] [data: 46.3 ms]
[INFO    ][2026-09-19 22:58:01][root                ][train_one_epoch          ] [  370] acc (v/n): 18.4% (72.3% 34.2%) recall (v/n): 1.2% (13.1% 9.0%) [mem: 2.02e+04] [data: 45.5 ms]
[INFO    ][2026-09-19 22:59:08][root                ][train_one_epoch          ] [  380] acc (v/n): 18.5% (72.4% 34.3%) recall (v/n): 1.2% (13.1% 9.0%) [mem: 2.02e+04] [data: 44.8 ms]
[INFO    ][2026-09-19 23:00:15][root                ][train_one_epoch          ] [  390] acc (v/n): 18.5% (72.4% 34.4%) recall (v/n): 1.2% (13.1% 9.0%) [mem: 2.02e+04] [data: 44.3 ms]
[INFO    ][2026-09-19 23:01:22][root                ][train_one_epoch          ] [  400] acc (v/n): 18.6% (72.4% 34.6%) recall (v/n): 1.2% (13.0% 9.1%) [mem: 2.02e+04] [data: 43.7 ms]
[INFO    ][2026-09-19 23:02:29][root                ][train_one_epoch          ] [  410] acc (v/n): 18.8% (72.5% 34.8%) recall (v/n): 1.2% (12.9% 9.1%) [mem: 2.02e+04] [data: 43.0 ms]
[INFO    ][2026-09-19 23:03:36][root                ][train_one_epoch          ] [  420] acc (v/n): 18.9% (72.6% 35.0%) recall (v/n): 1.2% (13.0% 9.1%) [mem: 2.02e+04] [data: 42.4 ms]
[INFO    ][2026-09-19 23:04:42][root                ][train_one_epoch          ] [  430] acc (v/n): 19.0% (72.7% 35.1%) recall (v/n): 1.2% (13.0% 9.1%) [mem: 2.02e+04] [data: 41.8 ms]
[INFO    ][2026-09-19 23:06:29][root                ][train_one_epoch          ] [  440] acc (v/n): 19.0% (72.8% 35.1%) recall (v/n): 1.2% (13.0% 9.2%) [mem: 2.02e+04] [data: 41.2 ms]
[INFO    ][2026-09-19 23:07:34][root                ][train_one_epoch          ] [  450] acc (v/n): 19.1% (72.9% 35.2%) recall (v/n): 1.2% (13.0% 9.1%) [mem: 2.02e+04] [data: 40.7 ms]
[INFO    ][2026-09-19 23:08:40][root                ][train_one_epoch          ] [  460] acc (v/n): 19.2% (72.9% 35.2%) recall (v/n): 1.2% (13.1% 9.1%) [mem: 2.02e+04] [data: 40.2 ms]
[INFO    ][2026-09-19 23:09:48][root                ][train_one_epoch          ] [  470] acc (v/n): 19.2% (72.9% 35.3%) recall (v/n): 1.2% (13.0% 9.2%) [mem: 2.02e+04] [data: 39.7 ms]
[INFO    ][2026-09-19 23:10:55][root                ][train_one_epoch          ] [  480] acc (v/n): 19.2% (72.8% 35.2%) recall (v/n): 1.2% (13.1% 9.2%) [mem: 2.02e+04] [data: 39.2 ms]
[INFO    ][2026-09-19 23:12:03][root                ][train_one_epoch          ] [  490] acc (v/n): 19.3% (72.8% 35.4%) recall (v/n): 1.2% (13.4% 9.2%) [mem: 2.02e+04] [data: 38.8 ms]
[INFO    ][2026-09-19 23:13:10][root                ][train_one_epoch          ] [  500] acc (v/n): 19.3% (72.8% 35.4%) recall (v/n): 1.2% (13.4% 9.3%) [mem: 2.02e+04] [data: 38.3 ms]
[INFO    ][2026-09-19 23:14:27][root                ][train_one_epoch          ] [  510] acc (v/n): 19.4% (72.8% 35.4%) recall (v/n): 1.3% (13.3% 9.2%) [mem: 2.02e+04] [data: 37.9 ms]
[INFO    ][2026-09-19 23:16:12][root                ][train_one_epoch          ] [  520] acc (v/n): 19.5% (72.8% 35.5%) recall (v/n): 1.3% (13.4% 9.2%) [mem: 2.02e+04] [data: 37.5 ms]
[INFO    ][2026-09-19 23:16:40][root                ][train_one_epoch          ] [  524] acc (v/n): 19.5% (72.8% 35.6%) recall (v/n): 1.3% (13.3% 9.2%) [mem: 2.02e+04] [data: 37.3 ms]
[INFO    ][2026-09-19 23:16:45][root                ][main                     ] [val skipped] epoch 3 (evaluation.val_every=5)
[INFO    ][2026-09-19 23:16:45][root                ][main                     ] [    3] train acc (v/n): 19.5% (72.8% 35.6%) train recall (v/n): 1.3% (13.3% 9.2%) val acc (v/n): nan% (nan% nan%) val recall (v/n): nan% (nan% nan%) 
[INFO    ][2026-09-19 23:17:13][root                ][main                     ] Epoch 3
[INFO    ][2026-09-19 23:17:13][root                ][main                     ] Training...
[INFO    ][2026-09-19 23:17:55][root                ][train_one_epoch          ] [    0] acc (v/n): 15.6% (71.1% 25.0%) recall (v/n): 10.5% (30.3% 20.5%) [mem: 2.02e+04] [data: 10656.0 ms]
[INFO    ][2026-09-19 23:19:02][root                ][train_one_epoch          ] [   10] acc (v/n): 21.4% (76.6% 34.9%) recall (v/n): 5.0% (17.6% 11.7%) [mem: 2.02e+04] [data: 984.5 ms]
[INFO    ][2026-09-19 23:20:08][root                ][train_one_epoch          ] [   20] acc (v/n): 22.4% (77.3% 36.5%) recall (v/n): 3.8% (15.1% 11.8%) [mem: 2.02e+04] [data: 523.5 ms]
[INFO    ][2026-09-19 23:21:15][root                ][train_one_epoch          ] [   30] acc (v/n): 23.1% (77.4% 38.1%) recall (v/n): 3.5% (14.3% 11.8%) [mem: 2.02e+04] [data: 360.0 ms]
[INFO    ][2026-09-19 23:22:22][root                ][train_one_epoch          ] [   40] acc (v/n): 23.5% (77.3% 38.5%) recall (v/n): 3.2% (14.0% 11.4%) [mem: 2.02e+04] [data: 276.2 ms]
[INFO    ][2026-09-19 23:23:27][root                ][train_one_epoch          ] [   50] acc (v/n): 23.6% (76.7% 39.2%) recall (v/n): 3.1% (13.3% 11.8%) [mem: 2.02e+04] [data: 225.3 ms]
[INFO    ][2026-09-19 23:24:35][root                ][train_one_epoch          ] [   60] acc (v/n): 23.4% (76.4% 38.4%) recall (v/n): 3.0% (13.4% 11.2%) [mem: 2.02e+04] [data: 191.1 ms]
[INFO    ][2026-09-19 23:25:41][root                ][train_one_epoch          ] [   70] acc (v/n): 23.3% (76.1% 38.1%) recall (v/n): 3.0% (13.2% 11.0%) [mem: 2.02e+04] [data: 166.6 ms]
[INFO    ][2026-09-19 23:26:48][root                ][train_one_epoch          ] [   80] acc (v/n): 23.1% (75.7% 38.4%) recall (v/n): 2.9% (13.9% 11.1%) [mem: 2.02e+04] [data: 148.2 ms]
[INFO    ][2026-09-19 23:27:55][root                ][train_one_epoch          ] [   90] acc (v/n): 23.4% (75.6% 38.5%) recall (v/n): 2.8% (14.6% 11.0%) [mem: 2.02e+04] [data: 133.7 ms]
[INFO    ][2026-09-19 23:29:01][root                ][train_one_epoch          ] [  100] acc (v/n): 23.7% (75.5% 39.1%) recall (v/n): 2.8% (14.8% 11.3%) [mem: 2.02e+04] [data: 122.1 ms]
[INFO    ][2026-09-19 23:30:08][root                ][train_one_epoch          ] [  110] acc (v/n): 23.8% (75.5% 39.3%) recall (v/n): 2.7% (14.9% 11.4%) [mem: 2.02e+04] [data: 112.7 ms]
[INFO    ][2026-09-19 23:31:15][root                ][train_one_epoch          ] [  120] acc (v/n): 23.9% (75.3% 39.7%) recall (v/n): 2.7% (15.0% 11.5%) [mem: 2.02e+04] [data: 104.8 ms]
[INFO    ][2026-09-19 23:32:21][root                ][train_one_epoch          ] [  130] acc (v/n): 23.8% (74.9% 39.5%) recall (v/n): 2.7% (15.3% 11.7%) [mem: 2.02e+04] [data: 98.1 ms]
[INFO    ][2026-09-19 23:33:28][root                ][train_one_epoch          ] [  140] acc (v/n): 23.6% (74.7% 39.4%) recall (v/n): 2.6% (15.7% 11.5%) [mem: 2.02e+04] [data: 92.3 ms]
[INFO    ][2026-09-19 23:34:35][root                ][train_one_epoch          ] [  150] acc (v/n): 23.7% (74.8% 39.4%) recall (v/n): 2.6% (15.7% 11.6%) [mem: 2.02e+04] [data: 87.3 ms]
[INFO    ][2026-09-19 23:35:42][root                ][train_one_epoch          ] [  160] acc (v/n): 23.7% (74.8% 39.3%) recall (v/n): 2.5% (15.6% 11.6%) [mem: 2.02e+04] [data: 82.9 ms]
[INFO    ][2026-09-19 23:36:49][root                ][train_one_epoch          ] [  170] acc (v/n): 23.7% (74.8% 39.4%) recall (v/n): 2.5% (16.0% 11.5%) [mem: 2.02e+04] [data: 79.0 ms]
[INFO    ][2026-09-19 23:37:55][root                ][train_one_epoch          ] [  180] acc (v/n): 23.6% (74.8% 39.4%) recall (v/n): 2.5% (15.8% 11.4%) [mem: 2.02e+04] [data: 75.6 ms]
[INFO    ][2026-09-19 23:39:02][root                ][train_one_epoch          ] [  190] acc (v/n): 23.8% (74.9% 39.8%) recall (v/n): 2.4% (16.0% 11.3%) [mem: 2.02e+04] [data: 72.6 ms]
[INFO    ][2026-09-19 23:40:10][root                ][train_one_epoch          ] [  200] acc (v/n): 23.8% (74.9% 39.8%) recall (v/n): 2.4% (16.0% 11.2%) [mem: 2.02e+04] [data: 69.8 ms]
[INFO    ][2026-09-19 23:41:16][root                ][train_one_epoch          ] [  210] acc (v/n): 23.8% (74.9% 40.0%) recall (v/n): 2.4% (16.1% 11.4%) [mem: 2.02e+04] [data: 67.3 ms]
[INFO    ][2026-09-19 23:42:23][root                ][train_one_epoch          ] [  220] acc (v/n): 23.7% (74.9% 39.9%) recall (v/n): 2.3% (16.5% 11.2%) [mem: 2.02e+04] [data: 65.0 ms]
[INFO    ][2026-09-19 23:43:30][root                ][train_one_epoch          ] [  230] acc (v/n): 23.6% (74.9% 40.0%) recall (v/n): 2.3% (16.6% 11.3%) [mem: 2.02e+04] [data: 63.0 ms]
[INFO    ][2026-09-19 23:44:37][root                ][train_one_epoch          ] [  240] acc (v/n): 23.7% (74.9% 40.1%) recall (v/n): 2.3% (16.6% 11.3%) [mem: 2.02e+04] [data: 61.0 ms]
[INFO    ][2026-09-19 23:45:45][root                ][train_one_epoch          ] [  250] acc (v/n): 23.7% (75.0% 40.2%) recall (v/n): 2.2% (16.7% 11.2%) [mem: 2.02e+04] [data: 59.3 ms]
[INFO    ][2026-09-19 23:46:51][root                ][train_one_epoch          ] [  260] acc (v/n): 23.7% (75.0% 40.1%) recall (v/n): 2.2% (16.7% 11.2%) [mem: 2.02e+04] [data: 57.8 ms]
[INFO    ][2026-09-19 23:47:57][root                ][train_one_epoch          ] [  270] acc (v/n): 23.9% (75.0% 40.3%) recall (v/n): 2.2% (16.6% 11.2%) [mem: 2.02e+04] [data: 56.3 ms]
[INFO    ][2026-09-19 23:49:04][root                ][train_one_epoch          ] [  280] acc (v/n): 23.9% (74.9% 40.4%) recall (v/n): 2.2% (16.6% 11.3%) [mem: 2.02e+04] [data: 54.9 ms]
[INFO    ][2026-09-19 23:50:12][root                ][train_one_epoch          ] [  290] acc (v/n): 23.9% (74.9% 40.4%) recall (v/n): 2.2% (16.5% 11.6%) [mem: 2.02e+04] [data: 53.6 ms]
[INFO    ][2026-09-19 23:51:17][root                ][train_one_epoch          ] [  300] acc (v/n): 23.9% (74.9% 40.6%) recall (v/n): 2.2% (16.7% 11.8%) [mem: 2.02e+04] [data: 52.3 ms]
[INFO    ][2026-09-19 23:52:22][root                ][train_one_epoch          ] [  310] acc (v/n): 23.9% (74.9% 40.6%) recall (v/n): 2.2% (16.6% 11.9%) [mem: 2.02e+04] [data: 51.2 ms]
[INFO    ][2026-09-19 23:53:28][root                ][train_one_epoch          ] [  320] acc (v/n): 23.9% (74.9% 40.8%) recall (v/n): 2.2% (16.6% 12.0%) [mem: 2.02e+04] [data: 50.1 ms]
[INFO    ][2026-09-19 23:54:35][root                ][train_one_epoch          ] [  330] acc (v/n): 24.0% (74.9% 41.1%) recall (v/n): 2.2% (16.7% 12.1%) [mem: 2.02e+04] [data: 49.1 ms]
[INFO    ][2026-09-19 23:55:41][root                ][train_one_epoch          ] [  340] acc (v/n): 24.1% (74.9% 41.3%) recall (v/n): 2.2% (16.9% 12.2%) [mem: 2.02e+04] [data: 48.2 ms]
[INFO    ][2026-09-19 23:56:47][root                ][train_one_epoch          ] [  350] acc (v/n): 24.2% (75.0% 41.3%) recall (v/n): 2.2% (16.9% 12.2%) [mem: 2.02e+04] [data: 47.3 ms]
[INFO    ][2026-09-19 23:57:54][root                ][train_one_epoch          ] [  360] acc (v/n): 24.2% (74.9% 41.4%) recall (v/n): 2.2% (17.0% 12.3%) [mem: 2.02e+04] [data: 46.5 ms]
[INFO    ][2026-09-19 23:59:00][root                ][train_one_epoch          ] [  370] acc (v/n): 24.1% (74.9% 41.3%) recall (v/n): 2.1% (16.9% 12.5%) [mem: 2.02e+04] [data: 45.7 ms]
[INFO    ][2026-09-20 00:00:07][root                ][train_one_epoch          ] [  380] acc (v/n): 24.1% (74.8% 41.3%) recall (v/n): 2.1% (17.0% 12.7%) [mem: 2.02e+04] [data: 44.9 ms]
[INFO    ][2026-09-20 00:01:11][root                ][train_one_epoch          ] [  390] acc (v/n): 24.1% (74.8% 41.4%) recall (v/n): 2.2% (17.0% 13.0%) [mem: 2.02e+04] [data: 44.2 ms]
[INFO    ][2026-09-20 00:02:17][root                ][train_one_epoch          ] [  400] acc (v/n): 24.2% (74.6% 41.5%) recall (v/n): 2.2% (17.1% 13.0%) [mem: 2.02e+04] [data: 43.5 ms]
[INFO    ][2026-09-20 00:03:42][root                ][train_one_epoch          ] [  410] acc (v/n): 24.2% (74.7% 41.6%) recall (v/n): 2.2% (17.0% 13.1%) [mem: 2.02e+04] [data: 42.8 ms]
[INFO    ][2026-09-20 00:05:39][root                ][train_one_epoch          ] [  420] acc (v/n): 24.2% (74.7% 41.6%) recall (v/n): 2.2% (17.1% 13.1%) [mem: 2.02e+04] [data: 42.2 ms]
[INFO    ][2026-09-20 00:07:56][root                ][train_one_epoch          ] [  430] acc (v/n): 24.1% (74.6% 41.5%) recall (v/n): 2.2% (17.0% 13.1%) [mem: 2.02e+04] [data: 41.6 ms]
[INFO    ][2026-09-20 00:10:05][root                ][train_one_epoch          ] [  440] acc (v/n): 24.2% (74.6% 41.5%) recall (v/n): 2.2% (17.0% 13.1%) [mem: 2.02e+04] [data: 41.0 ms]
[INFO    ][2026-09-20 00:12:03][root                ][train_one_epoch          ] [  450] acc (v/n): 24.2% (74.6% 41.6%) recall (v/n): 2.2% (17.1% 13.1%) [mem: 2.02e+04] [data: 40.5 ms]
[INFO    ][2026-09-20 00:13:43][root                ][train_one_epoch          ] [  460] acc (v/n): 24.2% (74.5% 41.5%) recall (v/n): 2.1% (17.0% 13.2%) [mem: 2.02e+04] [data: 40.0 ms]
[INFO    ][2026-09-20 00:15:26][root                ][train_one_epoch          ] [  470] acc (v/n): 24.2% (74.5% 41.4%) recall (v/n): 2.1% (17.0% 13.0%) [mem: 2.02e+04] [data: 39.5 ms]
[INFO    ][2026-09-20 00:17:20][root                ][train_one_epoch          ] [  480] acc (v/n): 24.1% (74.4% 41.2%) recall (v/n): 2.1% (17.0% 13.0%) [mem: 2.02e+04] [data: 39.0 ms]
[INFO    ][2026-09-20 00:19:13][root                ][train_one_epoch          ] [  490] acc (v/n): 24.0% (74.4% 41.3%) recall (v/n): 2.1% (17.0% 13.1%) [mem: 2.02e+04] [data: 38.6 ms]
[INFO    ][2026-09-20 00:21:32][root                ][train_one_epoch          ] [  500] acc (v/n): 24.0% (74.4% 41.3%) recall (v/n): 2.1% (16.9% 13.1%) [mem: 2.02e+04] [data: 112.5 ms]
[INFO    ][2026-09-20 00:23:34][root                ][train_one_epoch          ] [  510] acc (v/n): 24.0% (74.4% 41.2%) recall (v/n): 2.1% (16.8% 13.1%) [mem: 2.02e+04] [data: 110.6 ms]
[INFO    ][2026-09-20 00:24:40][root                ][train_one_epoch          ] [  520] acc (v/n): 24.0% (74.4% 41.2%) recall (v/n): 2.1% (16.8% 13.1%) [mem: 2.02e+04] [data: 108.8 ms]
[INFO    ][2026-09-20 00:25:21][root                ][train_one_epoch          ] [  524] acc (v/n): 24.0% (74.5% 41.2%) recall (v/n): 2.1% (16.8% 13.1%) [mem: 2.02e+04] [data: 108.1 ms]
[INFO    ][2026-09-20 00:25:25][root                ][main                     ] [val skipped] epoch 4 (evaluation.val_every=5)
[INFO    ][2026-09-20 00:25:25][root                ][main                     ] [    4] train acc (v/n): 24.0% (74.5% 41.2%) train recall (v/n): 2.1% (16.8% 13.1%) val acc (v/n): nan% (nan% nan%) val recall (v/n): nan% (nan% nan%) 
[INFO    ][2026-09-20 00:26:12][root                ][main                     ] Epoch 4
[INFO    ][2026-09-20 00:26:12][root                ][main                     ] Training...
[INFO    ][2026-09-20 00:26:58][root                ][train_one_epoch          ] [    0] acc (v/n): 25.0% (75.0% 39.8%) recall (v/n): 18.5% (38.0% 29.4%) [mem: 2.02e+04] [data: 13150.9 ms]
[INFO    ][2026-09-20 00:28:07][root                ][train_one_epoch          ] [   10] acc (v/n): 25.2% (76.9% 42.5%) recall (v/n): 7.5% (22.8% 18.1%) [mem: 2.02e+04] [data: 1211.2 ms]
[INFO    ][2026-09-20 00:29:15][root                ][train_one_epoch          ] [   20] acc (v/n): 27.2% (77.9% 42.9%) recall (v/n): 6.3% (20.7% 16.5%) [mem: 2.02e+04] [data: 642.4 ms]
[INFO    ][2026-09-20 00:30:22][root                ][train_one_epoch          ] [   30] acc (v/n): 26.3% (77.1% 42.6%) recall (v/n): 5.4% (18.4% 16.7%) [mem: 2.02e+04] [data: 440.8 ms]
[INFO    ][2026-09-20 00:31:29][root                ][train_one_epoch          ] [   40] acc (v/n): 26.4% (77.2% 42.8%) recall (v/n): 5.0% (17.1% 17.8%) [mem: 2.02e+04] [data: 337.6 ms]
[INFO    ][2026-09-20 00:32:36][root                ][train_one_epoch          ] [   50] acc (v/n): 27.1% (76.6% 44.1%) recall (v/n): 5.1% (17.6% 17.8%) [mem: 2.02e+04] [data: 274.7 ms]
[INFO    ][2026-09-20 00:33:43][root                ][train_one_epoch          ] [   60] acc (v/n): 27.7% (76.6% 44.4%) recall (v/n): 4.8% (18.2% 17.4%) [mem: 2.02e+04] [data: 232.6 ms]
[INFO    ][2026-09-20 00:34:50][root                ][train_one_epoch          ] [   70] acc (v/n): 27.5% (76.8% 44.2%) recall (v/n): 4.5% (17.5% 16.7%) [mem: 2.02e+04] [data: 202.2 ms]
[INFO    ][2026-09-20 00:35:57][root                ][train_one_epoch          ] [   80] acc (v/n): 27.4% (76.2% 44.4%) recall (v/n): 4.3% (17.8% 16.5%) [mem: 2.02e+04] [data: 179.3 ms]
[INFO    ][2026-09-20 00:37:03][root                ][train_one_epoch          ] [   90] acc (v/n): 27.4% (76.3% 44.7%) recall (v/n): 4.1% (17.9% 16.3%) [mem: 2.02e+04] [data: 161.4 ms]
[INFO    ][2026-09-20 00:38:10][root                ][train_one_epoch          ] [  100] acc (v/n): 27.4% (76.5% 44.8%) recall (v/n): 4.0% (17.5% 15.9%) [mem: 2.02e+04] [data: 147.1 ms]
[INFO    ][2026-09-20 00:39:18][root                ][train_one_epoch          ] [  110] acc (v/n): 27.5% (76.5% 45.0%) recall (v/n): 4.1% (17.6% 16.2%) [mem: 2.02e+04] [data: 135.4 ms]
[INFO    ][2026-09-20 00:40:25][root                ][train_one_epoch          ] [  120] acc (v/n): 27.6% (76.7% 45.1%) recall (v/n): 4.0% (17.6% 16.0%) [mem: 2.02e+04] [data: 125.6 ms]
[INFO    ][2026-09-20 00:41:31][root                ][train_one_epoch          ] [  130] acc (v/n): 27.6% (76.6% 45.2%) recall (v/n): 3.8% (17.2% 15.8%) [mem: 2.02e+04] [data: 117.2 ms]
[INFO    ][2026-09-20 00:42:37][root                ][train_one_epoch          ] [  140] acc (v/n): 27.4% (76.5% 45.1%) recall (v/n): 3.8% (17.3% 15.9%) [mem: 2.02e+04] [data: 110.1 ms]
[INFO    ][2026-09-20 00:43:44][root                ][train_one_epoch          ] [  150] acc (v/n): 27.4% (76.4% 45.2%) recall (v/n): 3.7% (17.1% 16.1%) [mem: 2.02e+04] [data: 103.9 ms]
[INFO    ][2026-09-20 00:44:51][root                ][train_one_epoch          ] [  160] acc (v/n): 27.3% (76.5% 45.1%) recall (v/n): 3.7% (17.4% 16.2%) [mem: 2.02e+04] [data: 98.5 ms]
[INFO    ][2026-09-20 00:45:58][root                ][train_one_epoch          ] [  170] acc (v/n): 27.3% (76.4% 45.0%) recall (v/n): 3.7% (17.8% 16.2%) [mem: 2.02e+04] [data: 93.7 ms]
[INFO    ][2026-09-20 00:47:04][root                ][train_one_epoch          ] [  180] acc (v/n): 27.3% (76.2% 45.1%) recall (v/n): 3.7% (18.1% 16.1%) [mem: 2.02e+04] [data: 89.5 ms]
[INFO    ][2026-09-20 00:48:12][root                ][train_one_epoch          ] [  190] acc (v/n): 27.5% (76.2% 45.2%) recall (v/n): 3.6% (18.4% 16.1%) [mem: 2.02e+04] [data: 85.7 ms]
[INFO    ][2026-09-20 00:49:19][root                ][train_one_epoch          ] [  200] acc (v/n): 27.3% (76.1% 45.1%) recall (v/n): 3.5% (18.4% 15.9%) [mem: 2.02e+04] [data: 82.2 ms]
[INFO    ][2026-09-20 00:50:27][root                ][train_one_epoch          ] [  210] acc (v/n): 27.2% (76.0% 45.0%) recall (v/n): 3.4% (18.2% 16.0%) [mem: 2.02e+04] [data: 79.1 ms]
[INFO    ][2026-09-20 00:51:34][root                ][train_one_epoch          ] [  220] acc (v/n): 27.1% (75.8% 45.0%) recall (v/n): 3.4% (18.4% 16.4%) [mem: 2.02e+04] [data: 76.3 ms]
[INFO    ][2026-09-20 00:52:42][root                ][train_one_epoch          ] [  230] acc (v/n): 27.1% (75.8% 44.9%) recall (v/n): 3.4% (18.5% 16.4%) [mem: 2.02e+04] [data: 73.7 ms]
[INFO    ][2026-09-20 00:53:49][root                ][train_one_epoch          ] [  240] acc (v/n): 27.2% (75.8% 45.0%) recall (v/n): 3.3% (18.9% 16.4%) [mem: 2.02e+04] [data: 71.3 ms]
[INFO    ][2026-09-20 00:54:57][root                ][train_one_epoch          ] [  250] acc (v/n): 27.2% (75.8% 45.1%) recall (v/n): 3.3% (19.2% 16.3%) [mem: 2.02e+04] [data: 69.1 ms]
[INFO    ][2026-09-20 00:56:04][root                ][train_one_epoch          ] [  260] acc (v/n): 27.2% (75.7% 45.2%) recall (v/n): 3.2% (19.2% 16.2%) [mem: 2.02e+04] [data: 67.1 ms]
[INFO    ][2026-09-20 00:57:11][root                ][train_one_epoch          ] [  270] acc (v/n): 27.1% (75.6% 45.3%) recall (v/n): 3.3% (19.4% 16.4%) [mem: 2.02e+04] [data: 65.3 ms]
[INFO    ][2026-09-20 00:58:17][root                ][train_one_epoch          ] [  280] acc (v/n): 27.1% (75.7% 45.3%) recall (v/n): 3.2% (19.4% 16.5%) [mem: 2.02e+04] [data: 63.5 ms]
[INFO    ][2026-09-20 00:59:24][root                ][train_one_epoch          ] [  290] acc (v/n): 27.2% (75.6% 45.5%) recall (v/n): 3.2% (19.3% 16.4%) [mem: 2.02e+04] [data: 61.9 ms]
[INFO    ][2026-09-20 01:00:32][root                ][train_one_epoch          ] [  300] acc (v/n): 27.1% (75.6% 45.5%) recall (v/n): 3.2% (19.1% 16.5%) [mem: 2.02e+04] [data: 60.4 ms]
[INFO    ][2026-09-20 01:01:39][root                ][train_one_epoch          ] [  310] acc (v/n): 27.2% (75.6% 45.5%) recall (v/n): 3.2% (19.1% 16.6%) [mem: 2.02e+04] [data: 59.0 ms]
[INFO    ][2026-09-20 01:02:46][root                ][train_one_epoch          ] [  320] acc (v/n): 27.2% (75.5% 45.6%) recall (v/n): 3.2% (19.0% 16.5%) [mem: 2.02e+04] [data: 57.7 ms]
[INFO    ][2026-09-20 01:03:51][root                ][train_one_epoch          ] [  330] acc (v/n): 27.2% (75.6% 45.6%) recall (v/n): 3.1% (18.9% 16.4%) [mem: 2.02e+04] [data: 56.5 ms]
[INFO    ][2026-09-20 01:04:59][root                ][train_one_epoch          ] [  340] acc (v/n): 27.3% (75.6% 45.7%) recall (v/n): 3.1% (19.1% 16.5%) [mem: 2.02e+04] [data: 55.3 ms]
[INFO    ][2026-09-20 01:06:03][root                ][train_one_epoch          ] [  350] acc (v/n): 27.3% (75.5% 45.7%) recall (v/n): 3.1% (19.3% 16.6%) [mem: 2.02e+04] [data: 54.2 ms]
[INFO    ][2026-09-20 01:07:10][root                ][train_one_epoch          ] [  360] acc (v/n): 27.3% (75.5% 45.7%) recall (v/n): 3.1% (19.3% 16.7%) [mem: 2.02e+04] [data: 53.2 ms]
[INFO    ][2026-09-20 01:08:17][root                ][train_one_epoch          ] [  370] acc (v/n): 27.3% (75.4% 45.7%) recall (v/n): 3.1% (19.3% 16.7%) [mem: 2.02e+04] [data: 52.2 ms]
[INFO    ][2026-09-20 01:09:23][root                ][train_one_epoch          ] [  380] acc (v/n): 27.2% (75.3% 45.6%) recall (v/n): 3.1% (19.5% 16.7%) [mem: 2.02e+04] [data: 51.3 ms]
[INFO    ][2026-09-20 01:11:05][root                ][train_one_epoch          ] [  390] acc (v/n): 27.2% (75.3% 45.6%) recall (v/n): 3.1% (19.6% 16.4%) [mem: 2.02e+04] [data: 50.3 ms]
[INFO    ][2026-09-20 01:13:01][root                ][train_one_epoch          ] [  400] acc (v/n): 27.1% (75.3% 45.5%) recall (v/n): 3.0% (19.7% 16.4%) [mem: 2.02e+04] [data: 49.5 ms]
[INFO    ][2026-09-20 01:15:03][root                ][train_one_epoch          ] [  410] acc (v/n): 27.1% (75.4% 45.5%) recall (v/n): 3.0% (19.7% 16.5%) [mem: 2.02e+04] [data: 48.7 ms]
[INFO    ][2026-09-20 01:16:09][root                ][train_one_epoch          ] [  420] acc (v/n): 27.1% (75.5% 45.5%) recall (v/n): 3.0% (19.7% 16.5%) [mem: 2.02e+04] [data: 48.0 ms]
[INFO    ][2026-09-20 01:17:15][root                ][train_one_epoch          ] [  430] acc (v/n): 27.1% (75.5% 45.5%) recall (v/n): 3.0% (19.7% 16.6%) [mem: 2.02e+04] [data: 47.2 ms]
[INFO    ][2026-09-20 01:18:19][root                ][train_one_epoch          ] [  440] acc (v/n): 27.1% (75.5% 45.6%) recall (v/n): 3.0% (19.8% 16.6%) [mem: 2.02e+04] [data: 46.5 ms]
[INFO    ][2026-09-20 01:19:26][root                ][train_one_epoch          ] [  450] acc (v/n): 27.1% (75.5% 45.5%) recall (v/n): 3.0% (19.8% 16.7%) [mem: 2.02e+04] [data: 45.9 ms]
[INFO    ][2026-09-20 01:20:31][root                ][train_one_epoch          ] [  460] acc (v/n): 27.1% (75.4% 45.5%) recall (v/n): 3.0% (20.0% 16.7%) [mem: 2.02e+04] [data: 45.2 ms]
[INFO    ][2026-09-20 01:22:29][root                ][train_one_epoch          ] [  470] acc (v/n): 27.1% (75.5% 45.5%) recall (v/n): 3.0% (20.0% 16.9%) [mem: 2.02e+04] [data: 44.6 ms]
[INFO    ][2026-09-20 01:23:55][root                ][train_one_epoch          ] [  480] acc (v/n): 27.1% (75.5% 45.4%) recall (v/n): 3.0% (20.1% 16.8%) [mem: 2.02e+04] [data: 88.8 ms]
[INFO    ][2026-09-20 01:25:22][root                ][train_one_epoch          ] [  490] acc (v/n): 27.0% (75.5% 45.3%) recall (v/n): 3.0% (20.1% 16.8%) [mem: 2.02e+04] [data: 138.9 ms]
[INFO    ][2026-09-20 01:27:10][root                ][train_one_epoch          ] [  500] acc (v/n): 26.9% (75.5% 45.3%) recall (v/n): 2.9% (20.1% 16.7%) [mem: 2.02e+04] [data: 208.3 ms]
[INFO    ][2026-09-20 01:29:06][root                ][train_one_epoch          ] [  510] acc (v/n): 27.0% (75.5% 45.4%) recall (v/n): 2.9% (20.1% 16.8%) [mem: 2.02e+04] [data: 204.5 ms]
[INFO    ][2026-09-20 01:30:46][root                ][train_one_epoch          ] [  520] acc (v/n): 27.0% (75.5% 45.3%) recall (v/n): 2.9% (20.1% 16.7%) [mem: 2.02e+04] [data: 200.9 ms]
[INFO    ][2026-09-20 01:31:19][root                ][train_one_epoch          ] [  524] acc (v/n): 27.0% (75.5% 45.3%) recall (v/n): 2.9% (20.1% 16.7%) [mem: 2.02e+04] [data: 199.5 ms]
[INFO    ][2026-09-20 01:31:57][root                ][validate_exact           ] [exact val] itr 0  clips so far (this rank) 16
[INFO    ][2026-09-20 01:33:57][root                ][validate_exact           ] [exact val] itr 50  clips so far (this rank) 796
[INFO    ][2026-09-20 01:36:06][root                ][validate_exact           ] [exact val] itr 100  clips so far (this rank) 1573
[INFO    ][2026-09-20 01:37:17][root                ][main                     ] [exact val] epoch 5  n_clips 9296/9296  mean class recall@5  action 5.66  verb 20.84  noun 17.76
[INFO    ][2026-09-20 01:37:17][root                ][main                     ] [    5] train acc (v/n): 27.0% (75.5% 45.3%) train recall (v/n): 2.9% (20.1% 16.7%) val acc (v/n): 27.5% (76.8% 45.0%) val recall (v/n): 5.7% (20.8% 17.8%) 
[INFO    ][2026-09-20 01:37:51][root                ][main                     ] Epoch 5
[INFO    ][2026-09-20 01:37:51][root                ][main                     ] Training...
[INFO    ][2026-09-20 01:38:33][root                ][train_one_epoch          ] [    0] acc (v/n): 35.9% (85.9% 49.2%) recall (v/n): 26.0% (52.9% 34.3%) [mem: 2.02e+04] [data: 8915.3 ms]
[INFO    ][2026-09-20 01:39:41][root                ][train_one_epoch          ] [   10] acc (v/n): 26.7% (76.4% 44.7%) recall (v/n): 11.0% (22.8% 19.3%) [mem: 2.02e+04] [data: 826.8 ms]
[INFO    ][2026-09-20 01:40:48][root                ][train_one_epoch          ] [   20] acc (v/n): 27.0% (75.4% 45.8%) recall (v/n): 9.1% (19.9% 20.7%) [mem: 2.02e+04] [data: 440.9 ms]
[INFO    ][2026-09-20 01:41:55][root                ][train_one_epoch          ] [   30] acc (v/n): 27.4% (76.2% 45.3%) recall (v/n): 8.2% (19.0% 20.4%) [mem: 2.02e+04] [data: 304.0 ms]
[INFO    ][2026-09-20 01:43:01][root                ][train_one_epoch          ] [   40] acc (v/n): 28.1% (76.7% 45.3%) recall (v/n): 7.6% (19.1% 20.3%) [mem: 2.02e+04] [data: 233.9 ms]
[INFO    ][2026-09-20 01:44:08][root                ][train_one_epoch          ] [   50] acc (v/n): 28.7% (77.1% 45.9%) recall (v/n): 7.3% (20.2% 20.1%) [mem: 2.02e+04] [data: 191.4 ms]
[INFO    ][2026-09-20 01:45:15][root                ][train_one_epoch          ] [   60] acc (v/n): 29.0% (77.2% 46.2%) recall (v/n): 7.1% (20.1% 20.6%) [mem: 2.02e+04] [data: 162.8 ms]
[INFO    ][2026-09-20 01:46:22][root                ][train_one_epoch          ] [   70] acc (v/n): 28.8% (76.9% 46.4%) recall (v/n): 6.7% (20.1% 20.5%) [mem: 2.02e+04] [data: 142.3 ms]
[INFO    ][2026-09-20 01:47:29][root                ][train_one_epoch          ] [   80] acc (v/n): 28.9% (76.9% 46.3%) recall (v/n): 6.4% (19.7% 20.4%) [mem: 2.02e+04] [data: 126.9 ms]
[INFO    ][2026-09-20 01:48:36][root                ][train_one_epoch          ] [   90] acc (v/n): 28.9% (77.2% 46.7%) recall (v/n): 6.2% (20.1% 20.2%) [mem: 2.02e+04] [data: 114.7 ms]
[INFO    ][2026-09-20 01:49:43][root                ][train_one_epoch          ] [  100] acc (v/n): 29.1% (77.3% 46.8%) recall (v/n): 6.0% (21.1% 20.0%) [mem: 2.02e+04] [data: 105.0 ms]
[INFO    ][2026-09-20 01:50:50][root                ][train_one_epoch          ] [  110] acc (v/n): 29.5% (77.4% 47.0%) recall (v/n): 6.0% (21.4% 20.1%) [mem: 2.02e+04] [data: 97.0 ms]
[INFO    ][2026-09-20 01:51:57][root                ][train_one_epoch          ] [  120] acc (v/n): 29.7% (77.6% 47.3%) recall (v/n): 5.8% (21.2% 19.7%) [mem: 2.02e+04] [data: 90.4 ms]
[INFO    ][2026-09-20 01:53:04][root                ][train_one_epoch          ] [  130] acc (v/n): 29.6% (77.8% 47.2%) recall (v/n): 5.6% (21.0% 19.1%) [mem: 2.02e+04] [data: 84.9 ms]
[INFO    ][2026-09-20 01:54:11][root                ][train_one_epoch          ] [  140] acc (v/n): 29.5% (77.8% 47.1%) recall (v/n): 5.5% (20.7% 19.1%) [mem: 2.02e+04] [data: 80.2 ms]
[INFO    ][2026-09-20 01:55:18][root                ][train_one_epoch          ] [  150] acc (v/n): 29.7% (77.9% 47.3%) recall (v/n): 5.4% (20.7% 19.1%) [mem: 2.02e+04] [data: 76.0 ms]
[INFO    ][2026-09-20 01:56:25][root                ][train_one_epoch          ] [  160] acc (v/n): 29.9% (78.0% 47.5%) recall (v/n): 5.2% (20.6% 19.1%) [mem: 2.02e+04] [data: 72.3 ms]
[INFO    ][2026-09-20 01:57:32][root                ][train_one_epoch          ] [  170] acc (v/n): 30.0% (78.0% 47.5%) recall (v/n): 5.1% (20.3% 19.1%) [mem: 2.02e+04] [data: 69.1 ms]
[INFO    ][2026-09-20 01:58:38][root                ][train_one_epoch          ] [  180] acc (v/n): 30.0% (78.0% 47.5%) recall (v/n): 5.2% (20.3% 19.6%) [mem: 2.02e+04] [data: 66.2 ms]
[INFO    ][2026-09-20 01:59:45][root                ][train_one_epoch          ] [  190] acc (v/n): 30.0% (77.9% 47.7%) recall (v/n): 5.1% (20.3% 19.8%) [mem: 2.02e+04] [data: 63.7 ms]
[INFO    ][2026-09-20 02:00:52][root                ][train_one_epoch          ] [  200] acc (v/n): 30.0% (77.7% 47.7%) recall (v/n): 5.1% (20.5% 19.8%) [mem: 2.02e+04] [data: 61.3 ms]
[INFO    ][2026-09-20 02:01:58][root                ][train_one_epoch          ] [  210] acc (v/n): 30.0% (77.5% 47.8%) recall (v/n): 5.0% (20.4% 19.8%) [mem: 2.02e+04] [data: 59.2 ms]
[INFO    ][2026-09-20 02:03:04][root                ][train_one_epoch          ] [  220] acc (v/n): 29.8% (77.5% 47.5%) recall (v/n): 4.8% (20.6% 19.6%) [mem: 2.02e+04] [data: 57.3 ms]
[INFO    ][2026-09-20 02:04:09][root                ][train_one_epoch          ] [  230] acc (v/n): 29.8% (77.4% 47.6%) recall (v/n): 4.8% (21.3% 19.5%) [mem: 2.02e+04] [data: 55.6 ms]
[INFO    ][2026-09-20 02:05:16][root                ][train_one_epoch          ] [  240] acc (v/n): 29.8% (77.4% 47.5%) recall (v/n): 4.7% (21.6% 19.2%) [mem: 2.02e+04] [data: 54.0 ms]
[INFO    ][2026-09-20 02:06:23][root                ][train_one_epoch          ] [  250] acc (v/n): 29.8% (77.3% 47.6%) recall (v/n): 4.7% (21.6% 19.4%) [mem: 2.02e+04] [data: 52.5 ms]
[INFO    ][2026-09-20 02:07:29][root                ][train_one_epoch          ] [  260] acc (v/n): 29.8% (77.2% 47.6%) recall (v/n): 4.7% (22.1% 19.4%) [mem: 2.02e+04] [data: 51.1 ms]
[INFO    ][2026-09-20 02:08:36][root                ][train_one_epoch          ] [  270] acc (v/n): 29.6% (77.1% 47.6%) recall (v/n): 4.6% (22.2% 19.6%) [mem: 2.02e+04] [data: 49.9 ms]
[INFO    ][2026-09-20 02:09:44][root                ][train_one_epoch          ] [  280] acc (v/n): 29.6% (77.0% 47.5%) recall (v/n): 4.5% (22.1% 19.5%) [mem: 2.02e+04] [data: 48.7 ms]
[INFO    ][2026-09-20 02:10:51][root                ][train_one_epoch          ] [  290] acc (v/n): 29.6% (76.9% 47.6%) recall (v/n): 4.5% (22.1% 19.6%) [mem: 2.02e+04] [data: 47.6 ms]
[INFO    ][2026-09-20 02:11:58][root                ][train_one_epoch          ] [  300] acc (v/n): 29.6% (76.9% 47.7%) recall (v/n): 4.5% (22.4% 19.8%) [mem: 2.02e+04] [data: 46.6 ms]
[INFO    ][2026-09-20 02:13:05][root                ][train_one_epoch          ] [  310] acc (v/n): 29.6% (76.8% 47.7%) recall (v/n): 4.5% (22.6% 19.8%) [mem: 2.02e+04] [data: 45.6 ms]
[INFO    ][2026-09-20 02:14:12][root                ][train_one_epoch          ] [  320] acc (v/n): 29.6% (76.8% 47.8%) recall (v/n): 4.4% (22.8% 19.8%) [mem: 2.02e+04] [data: 44.7 ms]
[INFO    ][2026-09-20 02:15:17][root                ][train_one_epoch          ] [  330] acc (v/n): 29.7% (76.7% 48.0%) recall (v/n): 4.5% (22.8% 20.0%) [mem: 2.02e+04] [data: 43.9 ms]
[INFO    ][2026-09-20 02:16:23][root                ][train_one_epoch          ] [  340] acc (v/n): 29.8% (76.7% 48.1%) recall (v/n): 4.4% (22.8% 20.0%) [mem: 2.02e+04] [data: 43.1 ms]
[INFO    ][2026-09-20 02:17:28][root                ][train_one_epoch          ] [  350] acc (v/n): 29.7% (76.7% 48.1%) recall (v/n): 4.4% (22.7% 19.9%) [mem: 2.02e+04] [data: 42.3 ms]
[INFO    ][2026-09-20 02:18:35][root                ][train_one_epoch          ] [  360] acc (v/n): 29.6% (76.7% 48.0%) recall (v/n): 4.3% (22.8% 19.9%) [mem: 2.02e+04] [data: 41.6 ms]
[INFO    ][2026-09-20 02:19:40][root                ][train_one_epoch          ] [  370] acc (v/n): 29.6% (76.6% 47.9%) recall (v/n): 4.3% (22.7% 19.8%) [mem: 2.02e+04] [data: 40.9 ms]
[INFO    ][2026-09-20 02:20:44][root                ][train_one_epoch          ] [  380] acc (v/n): 29.6% (76.6% 48.0%) recall (v/n): 4.2% (22.7% 19.7%) [mem: 2.02e+04] [data: 40.3 ms]
[INFO    ][2026-09-20 02:21:48][root                ][train_one_epoch          ] [  390] acc (v/n): 29.4% (76.5% 47.9%) recall (v/n): 4.1% (22.4% 19.5%) [mem: 2.02e+04] [data: 39.7 ms]
[INFO    ][2026-09-20 02:22:52][root                ][train_one_epoch          ] [  400] acc (v/n): 29.4% (76.4% 47.9%) recall (v/n): 4.1% (22.3% 19.4%) [mem: 2.02e+04] [data: 39.1 ms]
[INFO    ][2026-09-20 02:23:57][root                ][train_one_epoch          ] [  410] acc (v/n): 29.4% (76.5% 47.9%) recall (v/n): 4.1% (22.3% 19.4%) [mem: 2.02e+04] [data: 38.5 ms]
[INFO    ][2026-09-20 02:25:22][root                ][train_one_epoch          ] [  420] acc (v/n): 29.3% (76.4% 47.9%) recall (v/n): 4.0% (22.1% 19.5%) [mem: 2.02e+04] [data: 38.0 ms]
[INFO    ][2026-09-20 02:27:02][root                ][train_one_epoch          ] [  430] acc (v/n): 29.4% (76.5% 47.9%) recall (v/n): 4.0% (22.1% 19.5%) [mem: 2.02e+04] [data: 37.5 ms]
[INFO    ][2026-09-20 02:28:53][root                ][train_one_epoch          ] [  440] acc (v/n): 29.4% (76.4% 48.0%) recall (v/n): 4.0% (22.1% 19.6%) [mem: 2.02e+04] [data: 37.0 ms]
[INFO    ][2026-09-20 02:31:09][root                ][train_one_epoch          ] [  450] acc (v/n): 29.3% (76.4% 48.0%) recall (v/n): 4.0% (21.9% 19.6%) [mem: 2.02e+04] [data: 36.6 ms]
[INFO    ][2026-09-20 02:32:15][root                ][train_one_epoch          ] [  460] acc (v/n): 29.4% (76.4% 48.0%) recall (v/n): 3.9% (21.8% 19.6%) [mem: 2.02e+04] [data: 36.2 ms]
[INFO    ][2026-09-20 02:33:19][root                ][train_one_epoch          ] [  470] acc (v/n): 29.4% (76.3% 48.0%) recall (v/n): 3.9% (21.9% 19.6%) [mem: 2.02e+04] [data: 35.8 ms]
[INFO    ][2026-09-20 02:34:54][root                ][train_one_epoch          ] [  480] acc (v/n): 29.3% (76.3% 47.9%) recall (v/n): 3.9% (21.9% 19.7%) [mem: 2.02e+04] [data: 35.4 ms]
[INFO    ][2026-09-20 02:37:21][root                ][train_one_epoch          ] [  490] acc (v/n): 29.3% (76.2% 47.8%) recall (v/n): 3.9% (22.0% 19.7%) [mem: 2.02e+04] [data: 35.0 ms]
[INFO    ][2026-09-20 02:39:06][root                ][train_one_epoch          ] [  500] acc (v/n): 29.3% (76.2% 47.8%) recall (v/n): 3.9% (22.2% 19.7%) [mem: 2.02e+04] [data: 34.7 ms]
[INFO    ][2026-09-20 02:40:47][root                ][train_one_epoch          ] [  510] acc (v/n): 29.3% (76.1% 47.8%) recall (v/n): 3.9% (22.3% 19.6%) [mem: 2.02e+04] [data: 34.3 ms]
[INFO    ][2026-09-20 02:42:27][root                ][train_one_epoch          ] [  520] acc (v/n): 29.3% (76.1% 47.7%) recall (v/n): 3.9% (22.3% 19.7%) [mem: 2.02e+04] [data: 34.0 ms]
[INFO    ][2026-09-20 02:43:01][root                ][train_one_epoch          ] [  524] acc (v/n): 29.3% (76.2% 47.7%) recall (v/n): 3.9% (22.4% 19.7%) [mem: 2.02e+04] [data: 33.8 ms]
[INFO    ][2026-09-20 02:43:05][root                ][main                     ] [val skipped] epoch 6 (evaluation.val_every=5)
[INFO    ][2026-09-20 02:43:05][root                ][main                     ] [    6] train acc (v/n): 29.3% (76.2% 47.7%) train recall (v/n): 3.9% (22.4% 19.7%) val acc (v/n): nan% (nan% nan%) val recall (v/n): nan% (nan% nan%) 
[INFO    ][2026-09-20 02:43:33][root                ][main                     ] Epoch 6
[INFO    ][2026-09-20 02:43:33][root                ][main                     ] Training...
[INFO    ][2026-09-20 02:44:17][root                ][train_one_epoch          ] [    0] acc (v/n): 34.4% (82.8% 50.8%) recall (v/n): 24.3% (53.8% 28.4%) [mem: 2.02e+04] [data: 12061.5 ms]
[INFO    ][2026-09-20 02:45:25][root                ][train_one_epoch          ] [   10] acc (v/n): 30.3% (77.5% 45.8%) recall (v/n): 11.5% (26.1% 21.8%) [mem: 2.02e+04] [data: 1111.6 ms]
[INFO    ][2026-09-20 02:46:33][root                ][train_one_epoch          ] [   20] acc (v/n): 30.8% (76.7% 46.8%) recall (v/n): 10.1% (23.9% 22.8%) [mem: 2.02e+04] [data: 590.1 ms]
[INFO    ][2026-09-20 02:47:40][root                ][train_one_epoch          ] [   30] acc (v/n): 30.2% (76.5% 46.8%) recall (v/n): 9.2% (22.0% 21.4%) [mem: 2.02e+04] [data: 405.1 ms]
[INFO    ][2026-09-20 02:48:48][root                ][train_one_epoch          ] [   40] acc (v/n): 30.4% (76.7% 48.0%) recall (v/n): 8.3% (20.6% 21.5%) [mem: 2.02e+04] [data: 310.3 ms]
[INFO    ][2026-09-20 02:49:55][root                ][train_one_epoch          ] [   50] acc (v/n): 30.5% (76.9% 48.5%) recall (v/n): 8.0% (20.8% 20.9%) [mem: 2.02e+04] [data: 252.7 ms]
[INFO    ][2026-09-20 02:51:01][root                ][train_one_epoch          ] [   60] acc (v/n): 30.8% (76.4% 48.9%) recall (v/n): 7.8% (21.0% 21.4%) [mem: 2.02e+04] [data: 214.0 ms]
[INFO    ][2026-09-20 02:52:09][root                ][train_one_epoch          ] [   70] acc (v/n): 31.7% (76.7% 49.8%) recall (v/n): 7.8% (21.3% 22.0%) [mem: 2.02e+04] [data: 186.2 ms]
[INFO    ][2026-09-20 02:53:16][root                ][train_one_epoch          ] [   80] acc (v/n): 31.8% (76.8% 50.3%) recall (v/n): 7.4% (21.2% 21.8%) [mem: 2.02e+04] [data: 165.2 ms]
[INFO    ][2026-09-20 02:54:24][root                ][train_one_epoch          ] [   90] acc (v/n): 32.3% (77.4% 50.7%) recall (v/n): 7.2% (22.1% 22.1%) [mem: 2.02e+04] [data: 148.9 ms]
[INFO    ][2026-09-20 02:55:31][root                ][train_one_epoch          ] [  100] acc (v/n): 32.6% (77.7% 51.0%) recall (v/n): 7.2% (22.1% 22.7%) [mem: 2.02e+04] [data: 135.8 ms]
[INFO    ][2026-09-20 02:56:39][root                ][train_one_epoch          ] [  110] acc (v/n): 32.6% (77.7% 51.4%) recall (v/n): 7.0% (22.7% 23.1%) [mem: 2.02e+04] [data: 125.1 ms]
[INFO    ][2026-09-20 02:57:46][root                ][train_one_epoch          ] [  120] acc (v/n): 32.9% (77.8% 51.7%) recall (v/n): 7.1% (23.2% 23.1%) [mem: 2.02e+04] [data: 116.1 ms]
[INFO    ][2026-09-20 02:58:53][root                ][train_one_epoch          ] [  130] acc (v/n): 32.7% (77.7% 51.6%) recall (v/n): 6.9% (23.4% 23.1%) [mem: 2.02e+04] [data: 108.5 ms]
[INFO    ][2026-09-20 03:00:00][root                ][train_one_epoch          ] [  140] acc (v/n): 32.6% (77.6% 51.8%) recall (v/n): 6.7% (23.2% 23.1%) [mem: 2.02e+04] [data: 102.0 ms]
[INFO    ][2026-09-20 03:01:07][root                ][train_one_epoch          ] [  150] acc (v/n): 32.9% (77.8% 52.1%) recall (v/n): 6.6% (23.8% 22.8%) [mem: 2.02e+04] [data: 96.3 ms]
[INFO    ][2026-09-20 03:02:15][root                ][train_one_epoch          ] [  160] acc (v/n): 33.0% (77.7% 52.0%) recall (v/n): 6.5% (24.0% 22.8%) [mem: 2.02e+04] [data: 91.4 ms]
[INFO    ][2026-09-20 03:03:22][root                ][train_one_epoch          ] [  170] acc (v/n): 33.0% (77.8% 52.0%) recall (v/n): 6.5% (23.9% 22.9%) [mem: 2.02e+04] [data: 87.0 ms]
[INFO    ][2026-09-20 03:04:28][root                ][train_one_epoch          ] [  180] acc (v/n): 32.8% (77.7% 51.9%) recall (v/n): 6.4% (23.7% 22.8%) [mem: 2.02e+04] [data: 83.1 ms]
[INFO    ][2026-09-20 03:05:36][root                ][train_one_epoch          ] [  190] acc (v/n): 32.8% (77.7% 52.0%) recall (v/n): 6.3% (23.8% 23.1%) [mem: 2.02e+04] [data: 79.7 ms]
[INFO    ][2026-09-20 03:06:43][root                ][train_one_epoch          ] [  200] acc (v/n): 32.7% (77.7% 51.9%) recall (v/n): 6.2% (24.1% 23.1%) [mem: 2.02e+04] [data: 76.5 ms]
[INFO    ][2026-09-20 03:07:49][root                ][train_one_epoch          ] [  210] acc (v/n): 32.7% (77.8% 51.8%) recall (v/n): 6.1% (24.0% 23.3%) [mem: 2.02e+04] [data: 73.7 ms]
[INFO    ][2026-09-20 03:08:56][root                ][train_one_epoch          ] [  220] acc (v/n): 32.7% (77.7% 51.7%) recall (v/n): 6.1% (24.1% 23.3%) [mem: 2.02e+04] [data: 71.1 ms]
[INFO    ][2026-09-20 03:10:03][root                ][train_one_epoch          ] [  230] acc (v/n): 32.7% (77.8% 51.8%) recall (v/n): 6.1% (24.1% 23.4%) [mem: 2.02e+04] [data: 68.7 ms]
[INFO    ][2026-09-20 03:11:09][root                ][train_one_epoch          ] [  240] acc (v/n): 32.6% (77.8% 51.7%) recall (v/n): 6.0% (24.3% 23.1%) [mem: 2.02e+04] [data: 66.6 ms]
[INFO    ][2026-09-20 03:12:15][root                ][train_one_epoch          ] [  250] acc (v/n): 32.5% (77.8% 51.7%) recall (v/n): 5.9% (24.4% 23.0%) [mem: 2.02e+04] [data: 64.6 ms]
[INFO    ][2026-09-20 03:13:22][root                ][train_one_epoch          ] [  260] acc (v/n): 32.6% (77.8% 51.7%) recall (v/n): 5.9% (24.6% 22.8%) [mem: 2.02e+04] [data: 62.7 ms]
[INFO    ][2026-09-20 03:14:29][root                ][train_one_epoch          ] [  270] acc (v/n): 32.6% (77.8% 51.5%) recall (v/n): 5.8% (24.9% 22.6%) [mem: 2.02e+04] [data: 61.1 ms]
[INFO    ][2026-09-20 03:15:35][root                ][train_one_epoch          ] [  280] acc (v/n): 32.6% (77.7% 51.6%) recall (v/n): 5.7% (24.9% 22.7%) [mem: 2.02e+04] [data: 59.5 ms]
[INFO    ][2026-09-20 03:16:42][root                ][train_one_epoch          ] [  290] acc (v/n): 32.7% (77.8% 51.5%) recall (v/n): 5.8% (24.9% 23.0%) [mem: 2.02e+04] [data: 58.1 ms]
[INFO    ][2026-09-20 03:17:47][root                ][train_one_epoch          ] [  300] acc (v/n): 32.6% (77.8% 51.4%) recall (v/n): 5.7% (24.8% 23.1%) [mem: 2.02e+04] [data: 56.7 ms]
[INFO    ][2026-09-20 03:18:19][root                ][run                      ] Encountered exception getting indices e=DECORDError('[03:18:19] /github/workspace/src/video/video_reader.cc:444: [/data2/local_datasets/EPIC-KITCHENS_resized/P04/videos/P04_22.MP4]Unable to handle EOF because it takes too long to retrieve last few frames and `DECORD_EOF_RETRY_MAX=10240`. You may override the limit by `export DECORD_EOF_RETRY_MAX=20480` for example to allow more EOF retry attempts, exit...')
[INFO    ][2026-09-20 03:18:52][root                ][train_one_epoch          ] [  310] acc (v/n): 32.7% (77.9% 51.4%) recall (v/n): 5.7% (24.8% 23.3%) [mem: 2.02e+04] [data: 55.4 ms]
[INFO    ][2026-09-20 03:19:59][root                ][train_one_epoch          ] [  320] acc (v/n): 32.7% (78.0% 51.3%) recall (v/n): 5.7% (24.7% 23.2%) [mem: 2.02e+04] [data: 54.2 ms]
[INFO    ][2026-09-20 03:21:06][root                ][train_one_epoch          ] [  330] acc (v/n): 32.7% (78.0% 51.3%) recall (v/n): 5.7% (24.9% 23.1%) [mem: 2.02e+04] [data: 53.1 ms]
[INFO    ][2026-09-20 03:22:11][root                ][train_one_epoch          ] [  340] acc (v/n): 32.6% (77.9% 51.1%) recall (v/n): 5.7% (24.9% 22.9%) [mem: 2.02e+04] [data: 52.1 ms]
[INFO    ][2026-09-20 03:23:17][root                ][train_one_epoch          ] [  350] acc (v/n): 32.7% (77.9% 51.1%) recall (v/n): 5.6% (24.8% 22.9%) [mem: 2.02e+04] [data: 51.1 ms]
[INFO    ][2026-09-20 03:24:23][root                ][train_one_epoch          ] [  360] acc (v/n): 32.6% (77.9% 51.1%) recall (v/n): 5.6% (24.7% 22.9%) [mem: 2.02e+04] [data: 50.1 ms]
[INFO    ][2026-09-20 03:25:29][root                ][train_one_epoch          ] [  370] acc (v/n): 32.5% (77.9% 51.0%) recall (v/n): 5.5% (24.8% 22.9%) [mem: 2.02e+04] [data: 49.2 ms]
[INFO    ][2026-09-20 03:26:35][root                ][train_one_epoch          ] [  380] acc (v/n): 32.5% (77.8% 50.9%) recall (v/n): 5.5% (25.0% 23.1%) [mem: 2.02e+04] [data: 48.3 ms]
[INFO    ][2026-09-20 03:27:57][root                ][train_one_epoch          ] [  390] acc (v/n): 32.5% (77.8% 51.0%) recall (v/n): 5.5% (25.0% 23.2%) [mem: 2.02e+04] [data: 47.6 ms]
[INFO    ][2026-09-20 03:29:37][root                ][train_one_epoch          ] [  400] acc (v/n): 32.5% (77.7% 51.1%) recall (v/n): 5.5% (25.2% 23.2%) [mem: 2.02e+04] [data: 46.8 ms]
[INFO    ][2026-09-20 03:31:28][root                ][train_one_epoch          ] [  410] acc (v/n): 32.5% (77.7% 51.1%) recall (v/n): 5.5% (25.4% 23.2%) [mem: 2.02e+04] [data: 46.0 ms]
[INFO    ][2026-09-20 03:33:31][root                ][train_one_epoch          ] [  420] acc (v/n): 32.5% (77.7% 51.2%) recall (v/n): 5.5% (25.3% 23.1%) [mem: 2.02e+04] [data: 45.4 ms]
[INFO    ][2026-09-20 03:34:40][root                ][train_one_epoch          ] [  430] acc (v/n): 32.5% (77.7% 51.2%) recall (v/n): 5.5% (25.5% 23.2%) [mem: 2.02e+04] [data: 44.7 ms]
[INFO    ][2026-09-20 03:36:07][root                ][train_one_epoch          ] [  440] acc (v/n): 32.4% (77.7% 51.1%) recall (v/n): 5.4% (25.4% 23.2%) [mem: 2.02e+04] [data: 44.0 ms]
[INFO    ][2026-09-20 03:37:48][root                ][train_one_epoch          ] [  450] acc (v/n): 32.5% (77.7% 51.3%) recall (v/n): 5.4% (25.2% 23.4%) [mem: 2.02e+04] [data: 43.4 ms]
[INFO    ][2026-09-20 03:38:55][root                ][train_one_epoch          ] [  460] acc (v/n): 32.5% (77.7% 51.3%) recall (v/n): 5.4% (25.2% 23.4%) [mem: 2.02e+04] [data: 42.9 ms]
[INFO    ][2026-09-20 03:40:00][root                ][train_one_epoch          ] [  470] acc (v/n): 32.4% (77.6% 51.3%) recall (v/n): 5.4% (25.2% 23.5%) [mem: 2.02e+04] [data: 42.3 ms]
[INFO    ][2026-09-20 03:41:18][root                ][train_one_epoch          ] [  480] acc (v/n): 32.4% (77.5% 51.3%) recall (v/n): 5.4% (25.3% 23.4%) [mem: 2.02e+04] [data: 41.8 ms]
[INFO    ][2026-09-20 03:43:29][root                ][train_one_epoch          ] [  490] acc (v/n): 32.5% (77.4% 51.4%) recall (v/n): 5.4% (25.7% 23.4%) [mem: 2.02e+04] [data: 41.2 ms]
[INFO    ][2026-09-20 03:45:32][root                ][train_one_epoch          ] [  500] acc (v/n): 32.5% (77.4% 51.5%) recall (v/n): 5.4% (25.7% 23.6%) [mem: 2.02e+04] [data: 40.8 ms]
[INFO    ][2026-09-20 03:47:26][root                ][train_one_epoch          ] [  510] acc (v/n): 32.6% (77.4% 51.5%) recall (v/n): 5.3% (25.7% 23.4%) [mem: 2.02e+04] [data: 40.3 ms]
[INFO    ][2026-09-20 03:48:55][root                ][train_one_epoch          ] [  520] acc (v/n): 32.6% (77.4% 51.5%) recall (v/n): 5.3% (25.8% 23.4%) [mem: 2.02e+04] [data: 39.8 ms]
[INFO    ][2026-09-20 03:49:28][root                ][train_one_epoch          ] [  524] acc (v/n): 32.6% (77.4% 51.5%) recall (v/n): 5.3% (25.6% 23.5%) [mem: 2.02e+04] [data: 39.7 ms]
[INFO    ][2026-09-20 03:49:32][root                ][main                     ] [val skipped] epoch 7 (evaluation.val_every=5)
[INFO    ][2026-09-20 03:49:32][root                ][main                     ] [    7] train acc (v/n): 32.6% (77.4% 51.5%) train recall (v/n): 5.3% (25.6% 23.5%) val acc (v/n): nan% (nan% nan%) val recall (v/n): nan% (nan% nan%) 
[INFO    ][2026-09-20 03:50:54][root                ][main                     ] Epoch 7
[INFO    ][2026-09-20 03:50:54][root                ][main                     ] Training...
[INFO    ][2026-09-20 03:51:39][root                ][train_one_epoch          ] [    0] acc (v/n): 28.9% (71.1% 40.6%) recall (v/n): 23.4% (50.9% 33.2%) [mem: 2.02e+04] [data: 13551.0 ms]
[INFO    ][2026-09-20 03:52:47][root                ][train_one_epoch          ] [   10] acc (v/n): 30.2% (75.3% 47.5%) recall (v/n): 13.2% (23.5% 27.0%) [mem: 2.02e+04] [data: 1246.9 ms]
[INFO    ][2026-09-20 03:53:52][root                ][train_one_epoch          ] [   20] acc (v/n): 30.9% (75.4% 49.4%) recall (v/n): 10.7% (22.3% 26.0%) [mem: 2.02e+04] [data: 661.1 ms]
[INFO    ][2026-09-20 03:54:58][root                ][train_one_epoch          ] [   30] acc (v/n): 33.2% (75.9% 51.7%) recall (v/n): 10.6% (22.7% 25.7%) [mem: 2.02e+04] [data: 453.1 ms]
[INFO    ][2026-09-20 03:56:05][root                ][train_one_epoch          ] [   40] acc (v/n): 33.7% (76.0% 52.1%) recall (v/n): 10.2% (21.0% 25.9%) [mem: 2.02e+04] [data: 346.6 ms]
[INFO    ][2026-09-20 03:57:13][root                ][train_one_epoch          ] [   50] acc (v/n): 33.8% (76.5% 51.8%) recall (v/n): 10.0% (20.5% 25.1%) [mem: 2.02e+04] [data: 281.9 ms]
[INFO    ][2026-09-20 03:58:19][root                ][train_one_epoch          ] [   60] acc (v/n): 33.5% (76.7% 51.6%) recall (v/n): 9.5% (21.3% 25.5%) [mem: 2.02e+04] [data: 238.4 ms]
[INFO    ][2026-09-20 03:59:25][root                ][train_one_epoch          ] [   70] acc (v/n): 33.7% (77.0% 52.1%) recall (v/n): 9.1% (20.7% 25.6%) [mem: 2.02e+04] [data: 207.2 ms]
[INFO    ][2026-09-20 04:00:34][root                ][train_one_epoch          ] [   80] acc (v/n): 34.2% (77.6% 52.7%) recall (v/n): 8.9% (21.9% 25.9%) [mem: 2.02e+04] [data: 183.6 ms]
[INFO    ][2026-09-20 04:01:40][root                ][train_one_epoch          ] [   90] acc (v/n): 34.5% (78.2% 53.0%) recall (v/n): 8.9% (22.3% 25.5%) [mem: 2.02e+04] [data: 165.3 ms]
[INFO    ][2026-09-20 04:02:48][root                ][train_one_epoch          ] [  100] acc (v/n): 34.7% (78.6% 53.1%) recall (v/n): 8.8% (22.6% 25.5%) [mem: 2.02e+04] [data: 150.6 ms]
[INFO    ][2026-09-20 04:03:55][root                ][train_one_epoch          ] [  110] acc (v/n): 34.5% (78.7% 52.9%) recall (v/n): 8.6% (23.0% 25.0%) [mem: 2.02e+04] [data: 138.5 ms]
[INFO    ][2026-09-20 04:05:02][root                ][train_one_epoch          ] [  120] acc (v/n): 34.5% (78.8% 52.9%) recall (v/n): 8.5% (23.1% 25.0%) [mem: 2.02e+04] [data: 128.5 ms]
[INFO    ][2026-09-20 04:06:09][root                ][train_one_epoch          ] [  130] acc (v/n): 34.4% (78.6% 52.8%) recall (v/n): 8.5% (22.8% 25.1%) [mem: 2.02e+04] [data: 119.9 ms]
[INFO    ][2026-09-20 04:07:17][root                ][train_one_epoch          ] [  140] acc (v/n): 34.6% (78.6% 53.0%) recall (v/n): 8.4% (23.0% 25.2%) [mem: 2.02e+04] [data: 112.6 ms]
[INFO    ][2026-09-20 04:08:24][root                ][train_one_epoch          ] [  150] acc (v/n): 34.6% (78.6% 53.0%) recall (v/n): 8.3% (24.0% 25.6%) [mem: 2.02e+04] [data: 106.4 ms]
[INFO    ][2026-09-20 04:09:31][root                ][train_one_epoch          ] [  160] acc (v/n): 34.5% (78.4% 52.7%) recall (v/n): 8.0% (24.6% 25.2%) [mem: 2.02e+04] [data: 100.8 ms]
[INFO    ][2026-09-20 04:10:38][root                ][train_one_epoch          ] [  170] acc (v/n): 34.2% (78.3% 52.4%) recall (v/n): 7.8% (24.5% 24.9%) [mem: 2.02e+04] [data: 96.0 ms]
[INFO    ][2026-09-20 04:11:46][root                ][train_one_epoch          ] [  180] acc (v/n): 34.2% (78.1% 52.6%) recall (v/n): 7.9% (24.8% 26.1%) [mem: 2.02e+04] [data: 91.6 ms]
[INFO    ][2026-09-20 04:12:53][root                ][train_one_epoch          ] [  190] acc (v/n): 34.1% (78.1% 52.5%) recall (v/n): 7.8% (25.0% 26.2%) [mem: 2.02e+04] [data: 87.6 ms]
[INFO    ][2026-09-20 04:14:00][root                ][train_one_epoch          ] [  200] acc (v/n): 34.2% (78.0% 52.5%) recall (v/n): 7.8% (25.1% 26.3%) [mem: 2.02e+04] [data: 84.2 ms]
[INFO    ][2026-09-20 04:15:07][root                ][train_one_epoch          ] [  210] acc (v/n): 34.4% (78.1% 53.0%) recall (v/n): 7.8% (25.3% 26.5%) [mem: 2.02e+04] [data: 81.0 ms]
[INFO    ][2026-09-20 04:16:14][root                ][train_one_epoch          ] [  220] acc (v/n): 34.4% (78.2% 53.1%) recall (v/n): 7.8% (25.6% 26.3%) [mem: 2.02e+04] [data: 78.1 ms]
[INFO    ][2026-09-20 04:17:22][root                ][train_one_epoch          ] [  230] acc (v/n): 34.6% (78.2% 53.1%) recall (v/n): 7.8% (26.0% 26.2%) [mem: 2.02e+04] [data: 75.4 ms]
[INFO    ][2026-09-20 04:18:28][root                ][train_one_epoch          ] [  240] acc (v/n): 34.6% (78.2% 53.2%) recall (v/n): 7.5% (25.8% 26.1%) [mem: 2.02e+04] [data: 73.0 ms]
[INFO    ][2026-09-20 04:19:34][root                ][train_one_epoch          ] [  250] acc (v/n): 34.6% (78.2% 53.3%) recall (v/n): 7.5% (25.8% 26.3%) [mem: 2.02e+04] [data: 70.7 ms]
[INFO    ][2026-09-20 04:20:42][root                ][train_one_epoch          ] [  260] acc (v/n): 34.6% (78.2% 53.3%) recall (v/n): 7.5% (26.0% 26.5%) [mem: 2.02e+04] [data: 68.7 ms]
[INFO    ][2026-09-20 04:21:49][root                ][train_one_epoch          ] [  270] acc (v/n): 34.7% (78.2% 53.4%) recall (v/n): 7.6% (26.3% 26.6%) [mem: 2.02e+04] [data: 66.7 ms]
[INFO    ][2026-09-20 04:22:56][root                ][train_one_epoch          ] [  280] acc (v/n): 34.7% (78.2% 53.5%) recall (v/n): 7.5% (26.2% 26.6%) [mem: 2.02e+04] [data: 65.0 ms]
[INFO    ][2026-09-20 04:24:03][root                ][train_one_epoch          ] [  290] acc (v/n): 34.7% (78.3% 53.6%) recall (v/n): 7.5% (26.0% 26.7%) [mem: 2.02e+04] [data: 63.3 ms]
[INFO    ][2026-09-20 04:25:10][root                ][train_one_epoch          ] [  300] acc (v/n): 34.8% (78.2% 53.6%) recall (v/n): 7.6% (25.9% 26.9%) [mem: 2.02e+04] [data: 61.7 ms]
[INFO    ][2026-09-20 04:26:17][root                ][train_one_epoch          ] [  310] acc (v/n): 34.8% (78.3% 53.6%) recall (v/n): 7.5% (26.0% 26.9%) [mem: 2.02e+04] [data: 60.3 ms]
[INFO    ][2026-09-20 04:27:23][root                ][train_one_epoch          ] [  320] acc (v/n): 34.9% (78.4% 53.7%) recall (v/n): 7.5% (26.2% 27.0%) [mem: 2.02e+04] [data: 58.9 ms]
[INFO    ][2026-09-20 04:28:28][root                ][train_one_epoch          ] [  330] acc (v/n): 35.0% (78.4% 53.8%) recall (v/n): 7.5% (26.3% 27.1%) [mem: 2.02e+04] [data: 57.6 ms]
[INFO    ][2026-09-20 04:29:35][root                ][train_one_epoch          ] [  340] acc (v/n): 35.0% (78.4% 53.8%) recall (v/n): 7.4% (26.2% 26.9%) [mem: 2.02e+04] [data: 56.4 ms]
[INFO    ][2026-09-20 04:30:42][root                ][train_one_epoch          ] [  350] acc (v/n): 35.0% (78.4% 53.8%) recall (v/n): 7.3% (26.1% 26.9%) [mem: 2.02e+04] [data: 55.3 ms]
[INFO    ][2026-09-20 04:32:12][root                ][train_one_epoch          ] [  360] acc (v/n): 35.0% (78.5% 53.7%) recall (v/n): 7.3% (26.2% 26.8%) [mem: 2.02e+04] [data: 129.6 ms]
[INFO    ][2026-09-20 04:33:37][root                ][train_one_epoch          ] [  370] acc (v/n): 34.8% (78.3% 53.7%) recall (v/n): 7.2% (26.4% 26.9%) [mem: 2.02e+04] [data: 184.4 ms]
[INFO    ][2026-09-20 04:35:20][root                ][train_one_epoch          ] [  380] acc (v/n): 34.8% (78.3% 53.7%) recall (v/n): 7.2% (26.3% 26.9%) [mem: 2.02e+04] [data: 283.2 ms]
[INFO    ][2026-09-20 04:36:26][root                ][train_one_epoch          ] [  390] acc (v/n): 35.0% (78.4% 53.8%) recall (v/n): 7.1% (26.5% 26.8%) [mem: 2.02e+04] [data: 276.4 ms]
[INFO    ][2026-09-20 04:37:32][root                ][train_one_epoch          ] [  400] acc (v/n): 34.9% (78.4% 53.7%) recall (v/n): 7.1% (26.5% 26.6%) [mem: 2.02e+04] [data: 269.9 ms]
[INFO    ][2026-09-20 04:38:36][root                ][train_one_epoch          ] [  410] acc (v/n): 34.9% (78.3% 53.7%) recall (v/n): 7.1% (26.6% 26.5%) [mem: 2.02e+04] [data: 263.8 ms]
[INFO    ][2026-09-20 04:40:17][root                ][train_one_epoch          ] [  420] acc (v/n): 35.0% (78.3% 53.8%) recall (v/n): 7.1% (26.9% 26.8%) [mem: 2.02e+04] [data: 257.9 ms]
[INFO    ][2026-09-20 04:42:08][root                ][train_one_epoch          ] [  430] acc (v/n): 34.9% (78.1% 53.7%) recall (v/n): 7.1% (27.0% 26.8%) [mem: 2.02e+04] [data: 252.3 ms]
[INFO    ][2026-09-20 04:43:47][root                ][train_one_epoch          ] [  440] acc (v/n): 34.9% (78.0% 53.7%) recall (v/n): 7.1% (27.0% 27.0%) [mem: 2.02e+04] [data: 247.0 ms]
[INFO    ][2026-09-20 04:45:35][root                ][train_one_epoch          ] [  450] acc (v/n): 34.9% (78.1% 53.7%) recall (v/n): 7.0% (27.1% 27.1%) [mem: 2.02e+04] [data: 241.9 ms]
[INFO    ][2026-09-20 04:46:51][root                ][train_one_epoch          ] [  460] acc (v/n): 34.9% (78.0% 53.7%) recall (v/n): 7.0% (27.0% 27.1%) [mem: 2.02e+04] [data: 237.0 ms]
[INFO    ][2026-09-20 04:48:51][root                ][train_one_epoch          ] [  470] acc (v/n): 35.0% (78.0% 53.7%) recall (v/n): 7.0% (27.0% 27.1%) [mem: 2.02e+04] [data: 232.3 ms]
[INFO    ][2026-09-20 04:51:42][root                ][train_one_epoch          ] [  480] acc (v/n): 35.0% (78.0% 53.6%) recall (v/n): 6.9% (26.9% 27.0%) [mem: 2.02e+04] [data: 227.8 ms]
[INFO    ][2026-09-20 04:54:16][root                ][train_one_epoch          ] [  490] acc (v/n): 34.9% (78.0% 53.5%) recall (v/n): 6.9% (26.9% 27.1%) [mem: 2.02e+04] [data: 223.5 ms]
[INFO    ][2026-09-20 04:55:50][root                ][train_one_epoch          ] [  500] acc (v/n): 35.0% (78.0% 53.6%) recall (v/n): 6.9% (26.8% 27.1%) [mem: 2.02e+04] [data: 219.4 ms]
[INFO    ][2026-09-20 04:57:23][root                ][train_one_epoch          ] [  510] acc (v/n): 34.9% (77.9% 53.6%) recall (v/n): 6.9% (26.9% 27.1%) [mem: 2.02e+04] [data: 215.4 ms]
[INFO    ][2026-09-20 04:59:43][root                ][train_one_epoch          ] [  520] acc (v/n): 34.9% (77.9% 53.6%) recall (v/n): 6.9% (26.8% 27.1%) [mem: 2.02e+04] [data: 211.6 ms]
[INFO    ][2026-09-20 05:00:09][root                ][train_one_epoch          ] [  524] acc (v/n): 34.9% (77.8% 53.6%) recall (v/n): 6.9% (26.8% 27.1%) [mem: 2.02e+04] [data: 210.1 ms]
[INFO    ][2026-09-20 05:00:16][root                ][main                     ] [val skipped] epoch 8 (evaluation.val_every=5)
[INFO    ][2026-09-20 05:00:16][root                ][main                     ] [    8] train acc (v/n): 34.9% (77.8% 53.6%) train recall (v/n): 6.9% (26.8% 27.1%) val acc (v/n): nan% (nan% nan%) val recall (v/n): nan% (nan% nan%) 
[INFO    ][2026-09-20 05:00:40][root                ][main                     ] Epoch 8
[INFO    ][2026-09-20 05:00:40][root                ][main                     ] Training...
[INFO    ][2026-09-20 05:01:21][root                ][train_one_epoch          ] [    0] acc (v/n): 35.9% (74.2% 49.2%) recall (v/n): 26.4% (44.6% 45.3%) [mem: 2.02e+04] [data: 9593.1 ms]
[INFO    ][2026-09-20 05:02:30][root                ][train_one_epoch          ] [   10] acc (v/n): 34.5% (79.3% 52.5%) recall (v/n): 17.1% (32.4% 29.5%) [mem: 2.02e+04] [data: 887.9 ms]
[INFO    ][2026-09-20 05:03:38][root                ][train_one_epoch          ] [   20] acc (v/n): 34.9% (78.6% 53.1%) recall (v/n): 15.0% (25.9% 28.2%) [mem: 2.02e+04] [data: 472.9 ms]
[INFO    ][2026-09-20 05:04:46][root                ][train_one_epoch          ] [   30] acc (v/n): 34.8% (79.2% 53.2%) recall (v/n): 14.1% (25.5% 29.1%) [mem: 2.02e+04] [data: 325.7 ms]
[INFO    ][2026-09-20 05:05:53][root                ][train_one_epoch          ] [   40] acc (v/n): 35.6% (79.3% 53.9%) recall (v/n): 13.8% (25.7% 28.9%) [mem: 2.02e+04] [data: 250.3 ms]
[INFO    ][2026-09-20 05:06:59][root                ][train_one_epoch          ] [   50] acc (v/n): 35.9% (79.2% 54.6%) recall (v/n): 12.8% (25.3% 28.1%) [mem: 2.02e+04] [data: 204.5 ms]
[INFO    ][2026-09-20 05:08:07][root                ][train_one_epoch          ] [   60] acc (v/n): 35.8% (79.2% 54.8%) recall (v/n): 12.2% (26.0% 28.4%) [mem: 2.02e+04] [data: 173.7 ms]
[INFO    ][2026-09-20 05:09:14][root                ][train_one_epoch          ] [   70] acc (v/n): 35.8% (79.2% 54.2%) recall (v/n): 11.6% (27.6% 27.8%) [mem: 2.02e+04] [data: 151.5 ms]
[INFO    ][2026-09-20 05:10:21][root                ][train_one_epoch          ] [   80] acc (v/n): 35.5% (78.7% 54.0%) recall (v/n): 10.9% (26.9% 27.5%) [mem: 2.02e+04] [data: 134.9 ms]
[INFO    ][2026-09-20 05:11:28][root                ][train_one_epoch          ] [   90] acc (v/n): 35.5% (78.3% 54.2%) recall (v/n): 10.7% (26.1% 27.5%) [mem: 2.02e+04] [data: 121.9 ms]
[INFO    ][2026-09-20 05:12:35][root                ][train_one_epoch          ] [  100] acc (v/n): 35.3% (78.4% 54.4%) recall (v/n): 10.6% (26.7% 28.2%) [mem: 2.02e+04] [data: 111.5 ms]
[INFO    ][2026-09-20 05:13:42][root                ][train_one_epoch          ] [  110] acc (v/n): 35.9% (78.6% 54.9%) recall (v/n): 10.7% (27.0% 28.3%) [mem: 2.02e+04] [data: 103.0 ms]
[INFO    ][2026-09-20 05:14:50][root                ][train_one_epoch          ] [  120] acc (v/n): 35.9% (78.6% 54.9%) recall (v/n): 10.4% (26.3% 28.4%) [mem: 2.02e+04] [data: 95.8 ms]
[INFO    ][2026-09-20 05:15:56][root                ][train_one_epoch          ] [  130] acc (v/n): 35.8% (78.7% 54.8%) recall (v/n): 10.2% (26.5% 28.3%) [mem: 2.02e+04] [data: 89.8 ms]
[INFO    ][2026-09-20 05:17:02][root                ][train_one_epoch          ] [  140] acc (v/n): 35.8% (78.6% 54.8%) recall (v/n): 10.1% (26.8% 28.4%) [mem: 2.02e+04] [data: 84.6 ms]
[INFO    ][2026-09-20 05:18:09][root                ][train_one_epoch          ] [  150] acc (v/n): 35.8% (78.6% 54.8%) recall (v/n): 9.9% (26.3% 28.1%) [mem: 2.02e+04] [data: 80.1 ms]
[INFO    ][2026-09-20 05:19:16][root                ][train_one_epoch          ] [  160] acc (v/n): 35.6% (78.5% 54.6%) recall (v/n): 9.7% (26.2% 27.6%) [mem: 2.02e+04] [data: 76.2 ms]
[INFO    ][2026-09-20 05:20:22][root                ][train_one_epoch          ] [  170] acc (v/n): 35.6% (78.6% 54.5%) recall (v/n): 9.4% (26.0% 27.6%) [mem: 2.02e+04] [data: 72.7 ms]
[INFO    ][2026-09-20 05:21:28][root                ][train_one_epoch          ] [  180] acc (v/n): 35.5% (78.6% 54.6%) recall (v/n): 9.3% (26.1% 27.5%) [mem: 2.02e+04] [data: 69.6 ms]
[INFO    ][2026-09-20 05:22:35][root                ][train_one_epoch          ] [  190] acc (v/n): 35.3% (78.6% 54.4%) recall (v/n): 9.1% (25.7% 27.3%) [mem: 2.02e+04] [data: 66.9 ms]
[INFO    ][2026-09-20 05:23:43][root                ][train_one_epoch          ] [  200] acc (v/n): 35.3% (78.6% 54.3%) recall (v/n): 9.1% (26.0% 27.5%) [mem: 2.02e+04] [data: 64.4 ms]
[INFO    ][2026-09-20 05:24:48][root                ][train_one_epoch          ] [  210] acc (v/n): 35.4% (78.6% 54.5%) recall (v/n): 9.1% (27.0% 27.7%) [mem: 2.02e+04] [data: 62.1 ms]
[INFO    ][2026-09-20 05:25:55][root                ][train_one_epoch          ] [  220] acc (v/n): 35.3% (78.6% 54.5%) recall (v/n): 9.0% (26.9% 28.0%) [mem: 2.02e+04] [data: 60.1 ms]
[INFO    ][2026-09-20 05:27:01][root                ][train_one_epoch          ] [  230] acc (v/n): 35.4% (78.6% 54.6%) recall (v/n): 9.0% (26.7% 28.1%) [mem: 2.02e+04] [data: 58.2 ms]
[INFO    ][2026-09-20 05:28:09][root                ][train_one_epoch          ] [  240] acc (v/n): 35.4% (78.6% 54.6%) recall (v/n): 9.0% (26.8% 28.3%) [mem: 2.02e+04] [data: 56.4 ms]
[INFO    ][2026-09-20 05:29:16][root                ][train_one_epoch          ] [  250] acc (v/n): 35.5% (78.7% 54.7%) recall (v/n): 9.1% (27.0% 28.4%) [mem: 2.02e+04] [data: 54.8 ms]
[INFO    ][2026-09-20 05:30:22][root                ][train_one_epoch          ] [  260] acc (v/n): 35.7% (78.7% 54.8%) recall (v/n): 9.1% (27.2% 28.5%) [mem: 2.02e+04] [data: 53.4 ms]
[INFO    ][2026-09-20 05:31:29][root                ][train_one_epoch          ] [  270] acc (v/n): 35.8% (78.5% 55.0%) recall (v/n): 9.0% (27.1% 28.8%) [mem: 2.02e+04] [data: 52.0 ms]
[INFO    ][2026-09-20 05:32:35][root                ][train_one_epoch          ] [  280] acc (v/n): 35.8% (78.6% 55.1%) recall (v/n): 9.0% (27.4% 28.9%) [mem: 2.02e+04] [data: 50.7 ms]
[INFO    ][2026-09-20 05:33:42][root                ][train_one_epoch          ] [  290] acc (v/n): 35.9% (78.7% 55.1%) recall (v/n): 8.9% (27.6% 28.9%) [mem: 2.02e+04] [data: 49.6 ms]
[INFO    ][2026-09-20 05:34:49][root                ][train_one_epoch          ] [  300] acc (v/n): 35.9% (78.7% 55.1%) recall (v/n): 8.9% (27.8% 28.8%) [mem: 2.02e+04] [data: 48.5 ms]
[INFO    ][2026-09-20 05:35:55][root                ][train_one_epoch          ] [  310] acc (v/n): 36.0% (78.7% 55.1%) recall (v/n): 8.9% (28.3% 28.7%) [mem: 2.02e+04] [data: 47.4 ms]
[INFO    ][2026-09-20 05:37:02][root                ][train_one_epoch          ] [  320] acc (v/n): 36.1% (78.8% 55.2%) recall (v/n): 8.8% (28.2% 28.7%) [mem: 2.02e+04] [data: 46.5 ms]
[INFO    ][2026-09-20 05:38:10][root                ][train_one_epoch          ] [  330] acc (v/n): 36.1% (78.8% 55.3%) recall (v/n): 8.7% (28.3% 28.6%) [mem: 2.02e+04] [data: 45.6 ms]
[INFO    ][2026-09-20 05:39:16][root                ][train_one_epoch          ] [  340] acc (v/n): 36.1% (78.8% 55.2%) recall (v/n): 8.7% (28.1% 28.7%) [mem: 2.02e+04] [data: 44.7 ms]
[INFO    ][2026-09-20 05:41:07][root                ][train_one_epoch          ] [  350] acc (v/n): 36.1% (78.8% 55.2%) recall (v/n): 8.7% (28.3% 28.7%) [mem: 2.02e+04] [data: 179.6 ms]
[INFO    ][2026-09-20 05:43:09][root                ][train_one_epoch          ] [  360] acc (v/n): 36.1% (78.9% 55.2%) recall (v/n): 8.6% (28.3% 28.8%) [mem: 2.02e+04] [data: 340.0 ms]
[INFO    ][2026-09-20 05:45:10][root                ][train_one_epoch          ] [  370] acc (v/n): 36.1% (78.9% 55.2%) recall (v/n): 8.5% (28.6% 28.8%) [mem: 2.02e+04] [data: 489.0 ms]
[INFO    ][2026-09-20 05:47:05][root                ][train_one_epoch          ] [  380] acc (v/n): 36.0% (78.9% 55.1%) recall (v/n): 8.5% (29.0% 28.8%) [mem: 2.02e+04] [data: 613.1 ms]
[INFO    ][2026-09-20 05:48:51][root                ][train_one_epoch          ] [  390] acc (v/n): 36.1% (78.9% 55.2%) recall (v/n): 8.5% (29.1% 28.8%) [mem: 2.02e+04] [data: 708.0 ms]
[INFO    ][2026-09-20 05:50:34][root                ][train_one_epoch          ] [  400] acc (v/n): 36.2% (79.0% 55.2%) recall (v/n): 8.5% (29.0% 29.0%) [mem: 2.02e+04] [data: 790.9 ms]
[INFO    ][2026-09-20 05:51:41][root                ][train_one_epoch          ] [  410] acc (v/n): 36.3% (79.0% 55.3%) recall (v/n): 8.5% (28.9% 29.0%) [mem: 2.02e+04] [data: 772.1 ms]
[INFO    ][2026-09-20 05:52:47][root                ][train_one_epoch          ] [  420] acc (v/n): 36.4% (79.0% 55.4%) recall (v/n): 8.4% (28.9% 28.9%) [mem: 2.02e+04] [data: 754.1 ms]
[INFO    ][2026-09-20 05:53:53][root                ][train_one_epoch          ] [  430] acc (v/n): 36.5% (79.1% 55.4%) recall (v/n): 8.4% (28.8% 29.0%) [mem: 2.02e+04] [data: 737.0 ms]
[INFO    ][2026-09-20 05:54:58][root                ][train_one_epoch          ] [  440] acc (v/n): 36.6% (79.2% 55.4%) recall (v/n): 8.4% (28.9% 29.2%) [mem: 2.02e+04] [data: 720.7 ms]
[INFO    ][2026-09-20 05:56:03][root                ][train_one_epoch          ] [  450] acc (v/n): 36.6% (79.1% 55.5%) recall (v/n): 8.4% (28.8% 29.3%) [mem: 2.02e+04] [data: 705.1 ms]
[INFO    ][2026-09-20 05:57:08][root                ][train_one_epoch          ] [  460] acc (v/n): 36.6% (79.0% 55.4%) recall (v/n): 8.3% (28.9% 29.3%) [mem: 2.02e+04] [data: 690.1 ms]
[INFO    ][2026-09-20 05:58:13][root                ][train_one_epoch          ] [  470] acc (v/n): 36.6% (79.0% 55.5%) recall (v/n): 8.4% (29.1% 29.6%) [mem: 2.02e+04] [data: 675.8 ms]
[INFO    ][2026-09-20 05:59:27][root                ][train_one_epoch          ] [  480] acc (v/n): 36.6% (79.0% 55.5%) recall (v/n): 8.4% (29.1% 29.7%) [mem: 2.02e+04] [data: 662.1 ms]
[INFO    ][2026-09-20 06:01:09][root                ][train_one_epoch          ] [  490] acc (v/n): 36.6% (79.0% 55.5%) recall (v/n): 8.3% (29.0% 30.0%) [mem: 2.02e+04] [data: 649.0 ms]
[INFO    ][2026-09-20 06:02:14][root                ][train_one_epoch          ] [  500] acc (v/n): 36.7% (78.9% 55.5%) recall (v/n): 8.4% (29.2% 30.4%) [mem: 2.02e+04] [data: 636.4 ms]
[INFO    ][2026-09-20 06:04:19][root                ][train_one_epoch          ] [  510] acc (v/n): 36.6% (78.8% 55.4%) recall (v/n): 8.4% (29.4% 30.3%) [mem: 2.02e+04] [data: 624.2 ms]
[INFO    ][2026-09-20 06:05:23][root                ][train_one_epoch          ] [  520] acc (v/n): 36.6% (78.8% 55.4%) recall (v/n): 8.4% (29.4% 30.2%) [mem: 2.02e+04] [data: 612.6 ms]
[INFO    ][2026-09-20 06:05:50][root                ][train_one_epoch          ] [  524] acc (v/n): 36.6% (78.8% 55.4%) recall (v/n): 8.4% (29.3% 30.2%) [mem: 2.02e+04] [data: 608.0 ms]
[INFO    ][2026-09-20 06:05:55][root                ][main                     ] [val skipped] epoch 9 (evaluation.val_every=5)
[INFO    ][2026-09-20 06:05:55][root                ][main                     ] [    9] train acc (v/n): 36.6% (78.8% 55.4%) train recall (v/n): 8.4% (29.3% 30.2%) val acc (v/n): nan% (nan% nan%) val recall (v/n): nan% (nan% nan%) 
[INFO    ][2026-09-20 06:06:25][root                ][main                     ] Epoch 9
[INFO    ][2026-09-20 06:06:25][root                ][main                     ] Training...
[INFO    ][2026-09-20 06:07:08][root                ][train_one_epoch          ] [    0] acc (v/n): 41.4% (84.4% 53.1%) recall (v/n): 34.0% (47.7% 42.6%) [mem: 2.02e+04] [data: 10913.0 ms]
[INFO    ][2026-09-20 06:08:16][root                ][train_one_epoch          ] [   10] acc (v/n): 39.6% (84.8% 56.6%) recall (v/n): 21.0% (32.6% 32.1%) [mem: 2.02e+04] [data: 1007.2 ms]
[INFO    ][2026-09-20 06:09:24][root                ][train_one_epoch          ] [   20] acc (v/n): 40.3% (83.1% 57.2%) recall (v/n): 17.4% (27.4% 29.4%) [mem: 2.02e+04] [data: 535.5 ms]
[INFO    ][2026-09-20 06:10:32][root                ][train_one_epoch          ] [   30] acc (v/n): 39.7% (83.1% 57.7%) recall (v/n): 15.4% (24.2% 28.5%) [mem: 2.02e+04] [data: 368.1 ms]
[INFO    ][2026-09-20 06:11:39][root                ][train_one_epoch          ] [   40] acc (v/n): 40.0% (82.8% 58.6%) recall (v/n): 15.5% (24.7% 31.1%) [mem: 2.02e+04] [data: 282.4 ms]
[INFO    ][2026-09-20 06:12:46][root                ][train_one_epoch          ] [   50] acc (v/n): 40.0% (82.0% 58.7%) recall (v/n): 14.7% (25.5% 31.7%) [mem: 2.02e+04] [data: 230.3 ms]
[INFO    ][2026-09-20 06:13:53][root                ][train_one_epoch          ] [   60] acc (v/n): 40.3% (81.6% 58.9%) recall (v/n): 14.4% (24.9% 32.5%) [mem: 2.02e+04] [data: 195.3 ms]
[INFO    ][2026-09-20 06:14:59][root                ][train_one_epoch          ] [   70] acc (v/n): 40.2% (81.3% 58.9%) recall (v/n): 14.4% (26.0% 32.2%) [mem: 2.02e+04] [data: 170.1 ms]
[INFO    ][2026-09-20 06:16:06][root                ][train_one_epoch          ] [   80] acc (v/n): 39.9% (80.9% 58.4%) recall (v/n): 14.1% (25.4% 31.7%) [mem: 2.02e+04] [data: 151.1 ms]
[INFO    ][2026-09-20 06:17:13][root                ][train_one_epoch          ] [   90] acc (v/n): 39.8% (80.8% 58.2%) recall (v/n): 13.9% (26.3% 32.6%) [mem: 2.02e+04] [data: 136.5 ms]
[INFO    ][2026-09-20 06:18:19][root                ][train_one_epoch          ] [  100] acc (v/n): 39.6% (80.4% 58.1%) recall (v/n): 13.7% (25.9% 33.1%) [mem: 2.02e+04] [data: 124.7 ms]
[INFO    ][2026-09-20 06:19:27][root                ][train_one_epoch          ] [  110] acc (v/n): 39.5% (80.5% 58.1%) recall (v/n): 13.6% (26.0% 33.3%) [mem: 2.02e+04] [data: 114.9 ms]
[INFO    ][2026-09-20 06:20:34][root                ][train_one_epoch          ] [  120] acc (v/n): 39.8% (80.8% 58.3%) recall (v/n): 13.4% (26.9% 33.1%) [mem: 2.02e+04] [data: 106.9 ms]
[INFO    ][2026-09-20 06:21:40][root                ][train_one_epoch          ] [  130] acc (v/n): 39.8% (80.9% 58.3%) recall (v/n): 13.1% (26.7% 33.0%) [mem: 2.02e+04] [data: 100.0 ms]
[INFO    ][2026-09-20 06:22:48][root                ][train_one_epoch          ] [  140] acc (v/n): 39.6% (80.8% 58.0%) recall (v/n): 12.9% (27.4% 32.7%) [mem: 2.02e+04] [data: 94.1 ms]
[INFO    ][2026-09-20 06:23:54][root                ][train_one_epoch          ] [  150] acc (v/n): 39.4% (80.6% 57.7%) recall (v/n): 12.4% (27.4% 32.4%) [mem: 2.02e+04] [data: 89.0 ms]
[INFO    ][2026-09-20 06:25:02][root                ][train_one_epoch          ] [  160] acc (v/n): 39.5% (80.7% 57.6%) recall (v/n): 12.2% (27.4% 32.5%) [mem: 2.02e+04] [data: 84.5 ms]
[INFO    ][2026-09-20 06:26:08][root                ][train_one_epoch          ] [  170] acc (v/n): 39.3% (80.4% 57.5%) recall (v/n): 12.1% (28.4% 32.8%) [mem: 2.02e+04] [data: 80.6 ms]
[INFO    ][2026-09-20 06:27:14][root                ][train_one_epoch          ] [  180] acc (v/n): 39.1% (80.2% 57.4%) recall (v/n): 12.1% (29.4% 33.3%) [mem: 2.02e+04] [data: 77.1 ms]
[INFO    ][2026-09-20 06:28:21][root                ][train_one_epoch          ] [  190] acc (v/n): 39.2% (80.2% 57.5%) recall (v/n): 12.2% (29.5% 33.3%) [mem: 2.02e+04] [data: 73.9 ms]
[INFO    ][2026-09-20 06:29:27][root                ][train_one_epoch          ] [  200] acc (v/n): 39.2% (80.3% 57.6%) recall (v/n): 12.1% (29.8% 33.4%) [mem: 2.02e+04] [data: 71.1 ms]
[INFO    ][2026-09-20 06:30:34][root                ][train_one_epoch          ] [  210] acc (v/n): 39.3% (80.4% 57.5%) recall (v/n): 11.9% (29.8% 33.0%) [mem: 2.02e+04] [data: 68.5 ms]
[INFO    ][2026-09-20 06:31:41][root                ][train_one_epoch          ] [  220] acc (v/n): 39.4% (80.4% 57.5%) recall (v/n): 11.8% (29.3% 33.1%) [mem: 2.02e+04] [data: 66.2 ms]
[INFO    ][2026-09-20 06:32:48][root                ][train_one_epoch          ] [  230] acc (v/n): 39.5% (80.3% 57.5%) recall (v/n): 11.8% (29.1% 32.9%) [mem: 2.02e+04] [data: 64.1 ms]
[INFO    ][2026-09-20 06:33:54][root                ][train_one_epoch          ] [  240] acc (v/n): 39.5% (80.2% 57.5%) recall (v/n): 11.8% (29.5% 33.5%) [mem: 2.02e+04] [data: 62.1 ms]
[INFO    ][2026-09-20 06:35:02][root                ][train_one_epoch          ] [  250] acc (v/n): 39.6% (80.2% 57.5%) recall (v/n): 11.7% (29.7% 33.4%) [mem: 2.02e+04] [data: 60.3 ms]
[INFO    ][2026-09-20 06:36:08][root                ][train_one_epoch          ] [  260] acc (v/n): 39.6% (80.2% 57.5%) recall (v/n): 11.6% (30.0% 33.7%) [mem: 2.02e+04] [data: 58.6 ms]
[INFO    ][2026-09-20 06:37:15][root                ][train_one_epoch          ] [  270] acc (v/n): 39.7% (80.2% 57.6%) recall (v/n): 11.7% (30.3% 33.6%) [mem: 2.02e+04] [data: 57.1 ms]
[INFO    ][2026-09-20 06:38:21][root                ][train_one_epoch          ] [  280] acc (v/n): 39.8% (80.1% 57.8%) recall (v/n): 11.7% (30.8% 33.7%) [mem: 2.02e+04] [data: 55.7 ms]
[INFO    ][2026-09-20 06:39:28][root                ][train_one_epoch          ] [  290] acc (v/n): 40.0% (80.1% 57.9%) recall (v/n): 11.6% (30.8% 33.8%) [mem: 2.02e+04] [data: 54.3 ms]
[INFO    ][2026-09-20 06:40:36][root                ][train_one_epoch          ] [  300] acc (v/n): 40.1% (80.0% 58.0%) recall (v/n): 11.5% (30.9% 33.9%) [mem: 2.02e+04] [data: 53.1 ms]
[INFO    ][2026-09-20 06:41:41][root                ][train_one_epoch          ] [  310] acc (v/n): 40.1% (80.0% 58.0%) recall (v/n): 11.5% (31.3% 33.7%) [mem: 2.02e+04] [data: 51.9 ms]
[INFO    ][2026-09-20 06:42:49][root                ][train_one_epoch          ] [  320] acc (v/n): 40.1% (79.9% 58.2%) recall (v/n): 11.4% (31.3% 33.7%) [mem: 2.02e+04] [data: 50.8 ms]
[INFO    ][2026-09-20 06:43:54][root                ][train_one_epoch          ] [  330] acc (v/n): 40.2% (79.9% 58.2%) recall (v/n): 11.4% (31.4% 33.7%) [mem: 2.02e+04] [data: 49.8 ms]
[INFO    ][2026-09-20 06:44:59][root                ][train_one_epoch          ] [  340] acc (v/n): 40.3% (79.9% 58.3%) recall (v/n): 11.4% (31.5% 34.0%) [mem: 2.02e+04] [data: 48.8 ms]
[INFO    ][2026-09-20 06:46:04][root                ][train_one_epoch          ] [  350] acc (v/n): 40.3% (79.8% 58.3%) recall (v/n): 11.3% (31.4% 33.8%) [mem: 2.02e+04] [data: 47.9 ms]
[INFO    ][2026-09-20 06:47:08][root                ][train_one_epoch          ] [  360] acc (v/n): 40.2% (79.7% 58.3%) recall (v/n): 11.2% (31.7% 33.8%) [mem: 2.02e+04] [data: 47.0 ms]
[INFO    ][2026-09-20 06:48:13][root                ][train_one_epoch          ] [  370] acc (v/n): 40.1% (79.6% 58.3%) recall (v/n): 11.2% (31.7% 33.8%) [mem: 2.02e+04] [data: 46.2 ms]
[INFO    ][2026-09-20 06:49:18][root                ][train_one_epoch          ] [  380] acc (v/n): 40.1% (79.5% 58.3%) recall (v/n): 11.2% (31.8% 33.8%) [mem: 2.02e+04] [data: 45.4 ms]
[INFO    ][2026-09-20 06:50:28][root                ][train_one_epoch          ] [  390] acc (v/n): 40.1% (79.5% 58.3%) recall (v/n): 11.2% (31.8% 34.0%) [mem: 2.02e+04] [data: 44.7 ms]
[INFO    ][2026-09-20 06:51:39][root                ][train_one_epoch          ] [  400] acc (v/n): 40.1% (79.4% 58.4%) recall (v/n): 11.1% (31.8% 34.0%) [mem: 2.02e+04] [data: 44.0 ms]
[INFO    ][2026-09-20 06:52:52][root                ][train_one_epoch          ] [  410] acc (v/n): 40.0% (79.4% 58.4%) recall (v/n): 11.1% (31.7% 34.1%) [mem: 2.02e+04] [data: 43.3 ms]
[INFO    ][2026-09-20 06:54:08][root                ][train_one_epoch          ] [  420] acc (v/n): 39.9% (79.4% 58.3%) recall (v/n): 11.1% (31.6% 34.0%) [mem: 2.02e+04] [data: 42.6 ms]
[INFO    ][2026-09-20 06:55:39][root                ][train_one_epoch          ] [  430] acc (v/n): 39.9% (79.4% 58.4%) recall (v/n): 11.0% (31.6% 33.9%) [mem: 2.02e+04] [data: 42.1 ms]
[INFO    ][2026-09-20 06:57:53][root                ][train_one_epoch          ] [  440] acc (v/n): 39.9% (79.4% 58.3%) recall (v/n): 11.0% (31.4% 33.9%) [mem: 2.02e+04] [data: 41.5 ms]
[INFO    ][2026-09-20 06:59:00][root                ][train_one_epoch          ] [  450] acc (v/n): 39.9% (79.4% 58.2%) recall (v/n): 10.9% (31.4% 33.6%) [mem: 2.02e+04] [data: 40.9 ms]
[INFO    ][2026-09-20 07:00:40][root                ][train_one_epoch          ] [  460] acc (v/n): 39.8% (79.4% 58.2%) recall (v/n): 10.8% (31.3% 33.7%) [mem: 2.02e+04] [data: 40.4 ms]
[INFO    ][2026-09-20 07:01:46][root                ][train_one_epoch          ] [  470] acc (v/n): 39.9% (79.5% 58.2%) recall (v/n): 10.8% (31.5% 33.7%) [mem: 2.02e+04] [data: 39.9 ms]
[INFO    ][2026-09-20 07:02:52][root                ][train_one_epoch          ] [  480] acc (v/n): 39.8% (79.5% 58.1%) recall (v/n): 10.7% (31.5% 33.8%) [mem: 2.02e+04] [data: 39.4 ms]
[INFO    ][2026-09-20 07:03:57][root                ][train_one_epoch          ] [  490] acc (v/n): 39.8% (79.5% 58.1%) recall (v/n): 10.7% (31.4% 33.7%) [mem: 2.02e+04] [data: 39.0 ms]
[INFO    ][2026-09-20 07:05:34][root                ][train_one_epoch          ] [  500] acc (v/n): 39.8% (79.5% 58.1%) recall (v/n): 10.7% (31.6% 33.9%) [mem: 2.02e+04] [data: 38.5 ms]
[INFO    ][2026-09-20 07:07:16][root                ][train_one_epoch          ] [  510] acc (v/n): 39.7% (79.4% 58.1%) recall (v/n): 10.6% (31.4% 33.6%) [mem: 2.02e+04] [data: 38.1 ms]
[INFO    ][2026-09-20 07:09:23][root                ][train_one_epoch          ] [  520] acc (v/n): 39.8% (79.5% 58.2%) recall (v/n): 10.5% (31.3% 33.6%) [mem: 2.02e+04] [data: 37.6 ms]
[INFO    ][2026-09-20 07:10:22][root                ][train_one_epoch          ] [  524] acc (v/n): 39.8% (79.5% 58.1%) recall (v/n): 10.5% (31.2% 33.5%) [mem: 2.02e+04] [data: 37.5 ms]
[INFO    ][2026-09-20 07:10:57][root                ][validate_exact           ] [exact val] itr 0  clips so far (this rank) 16
[INFO    ][2026-09-20 07:12:57][root                ][validate_exact           ] [exact val] itr 50  clips so far (this rank) 796
[INFO    ][2026-09-20 07:15:05][root                ][validate_exact           ] [exact val] itr 100  clips so far (this rank) 1573
[INFO    ][2026-09-20 07:16:17][root                ][main                     ] [exact val] epoch 10  n_clips 9296/9296  mean class recall@5  action 12.24  verb 25.11  noun 26.08
[INFO    ][2026-09-20 07:16:17][root                ][main                     ] [   10] train acc (v/n): 39.8% (79.5% 58.1%) train recall (v/n): 10.5% (31.2% 33.5%) val acc (v/n): 35.6% (79.6% 52.9%) val recall (v/n): 12.2% (25.1% 26.1%) 
[INFO    ][2026-09-20 07:16:38][root                ][main                     ] Epoch 10
[INFO    ][2026-09-20 07:16:38][root                ][main                     ] Training...
[INFO    ][2026-09-20 07:17:22][root                ][train_one_epoch          ] [    0] acc (v/n): 36.7% (82.0% 47.7%) recall (v/n): 24.2% (42.4% 40.1%) [mem: 2.02e+04] [data: 12278.6 ms]
[INFO    ][2026-09-20 07:18:31][root                ][train_one_epoch          ] [   10] acc (v/n): 41.3% (80.7% 57.2%) recall (v/n): 24.5% (32.7% 37.9%) [mem: 2.02e+04] [data: 1131.4 ms]
[INFO    ][2026-09-20 07:19:37][root                ][train_one_epoch          ] [   20] acc (v/n): 42.2% (80.5% 59.4%) recall (v/n): 20.3% (30.4% 34.7%) [mem: 2.02e+04] [data: 600.5 ms]
[INFO    ][2026-09-20 07:20:42][root                ][train_one_epoch          ] [   30] acc (v/n): 41.6% (81.7% 59.3%) recall (v/n): 19.3% (29.9% 37.0%) [mem: 2.02e+04] [data: 412.2 ms]
[INFO    ][2026-09-20 07:21:47][root                ][train_one_epoch          ] [   40] acc (v/n): 41.9% (81.5% 59.1%) recall (v/n): 19.5% (30.8% 37.5%) [mem: 2.02e+04] [data: 315.7 ms]
[INFO    ][2026-09-20 07:22:54][root                ][train_one_epoch          ] [   50] acc (v/n): 41.7% (81.2% 59.0%) recall (v/n): 18.8% (31.0% 37.2%) [mem: 2.02e+04] [data: 257.1 ms]
[INFO    ][2026-09-20 07:24:01][root                ][train_one_epoch          ] [   60] acc (v/n): 41.4% (81.2% 58.7%) recall (v/n): 18.2% (30.2% 36.3%) [mem: 2.02e+04] [data: 217.6 ms]
[INFO    ][2026-09-20 07:25:07][root                ][train_one_epoch          ] [   70] acc (v/n): 40.9% (81.2% 58.2%) recall (v/n): 17.4% (29.6% 36.1%) [mem: 2.02e+04] [data: 189.3 ms]
[INFO    ][2026-09-20 07:26:14][root                ][train_one_epoch          ] [   80] acc (v/n): 40.9% (80.8% 58.1%) recall (v/n): 17.5% (30.0% 36.6%) [mem: 2.02e+04] [data: 168.0 ms]
[INFO    ][2026-09-20 07:27:22][root                ][train_one_epoch          ] [   90] acc (v/n): 41.1% (80.9% 58.2%) recall (v/n): 17.4% (31.1% 36.1%) [mem: 2.02e+04] [data: 151.4 ms]
[INFO    ][2026-09-20 07:28:29][root                ][train_one_epoch          ] [  100] acc (v/n): 41.2% (81.0% 58.3%) recall (v/n): 17.0% (30.3% 36.6%) [mem: 2.02e+04] [data: 138.0 ms]
[INFO    ][2026-09-20 07:29:37][root                ][train_one_epoch          ] [  110] acc (v/n): 41.1% (80.8% 58.5%) recall (v/n): 16.6% (31.3% 36.2%) [mem: 2.02e+04] [data: 127.1 ms]
[INFO    ][2026-09-20 07:30:44][root                ][train_one_epoch          ] [  120] acc (v/n): 41.1% (80.7% 58.4%) recall (v/n): 16.2% (30.8% 35.7%) [mem: 2.02e+04] [data: 117.9 ms]
[INFO    ][2026-09-20 07:31:51][root                ][train_one_epoch          ] [  130] acc (v/n): 41.3% (80.7% 58.6%) recall (v/n): 16.0% (31.4% 35.5%) [mem: 2.02e+04] [data: 110.2 ms]
[INFO    ][2026-09-20 07:32:58][root                ][train_one_epoch          ] [  140] acc (v/n): 41.3% (80.7% 58.6%) recall (v/n): 16.2% (31.4% 36.0%) [mem: 2.02e+04] [data: 103.6 ms]
[INFO    ][2026-09-20 07:34:04][root                ][train_one_epoch          ] [  150] acc (v/n): 41.0% (80.6% 58.4%) recall (v/n): 15.9% (31.5% 35.9%) [mem: 2.02e+04] [data: 97.8 ms]
[INFO    ][2026-09-20 07:35:10][root                ][train_one_epoch          ] [  160] acc (v/n): 40.9% (80.6% 58.3%) recall (v/n): 15.9% (31.2% 36.1%) [mem: 2.02e+04] [data: 92.8 ms]
[INFO    ][2026-09-20 07:36:16][root                ][train_one_epoch          ] [  170] acc (v/n): 40.9% (80.5% 58.1%) recall (v/n): 15.7% (31.0% 36.0%) [mem: 2.02e+04] [data: 88.4 ms]
[INFO    ][2026-09-20 07:37:22][root                ][train_one_epoch          ] [  180] acc (v/n): 41.1% (80.5% 58.4%) recall (v/n): 15.8% (31.3% 36.4%) [mem: 2.02e+04] [data: 84.4 ms]
[INFO    ][2026-09-20 07:38:29][root                ][train_one_epoch          ] [  190] acc (v/n): 41.1% (80.6% 58.5%) recall (v/n): 15.4% (31.2% 36.1%) [mem: 2.02e+04] [data: 80.9 ms]
[INFO    ][2026-09-20 07:39:35][root                ][train_one_epoch          ] [  200] acc (v/n): 41.2% (80.4% 58.5%) recall (v/n): 15.3% (31.3% 36.5%) [mem: 2.02e+04] [data: 77.7 ms]
[INFO    ][2026-09-20 07:40:41][root                ][train_one_epoch          ] [  210] acc (v/n): 41.1% (80.5% 58.6%) recall (v/n): 15.1% (31.3% 36.4%) [mem: 2.02e+04] [data: 74.8 ms]
[INFO    ][2026-09-20 07:41:47][root                ][train_one_epoch          ] [  220] acc (v/n): 41.2% (80.5% 58.7%) recall (v/n): 15.1% (31.2% 36.6%) [mem: 2.02e+04] [data: 72.2 ms]
[INFO    ][2026-09-20 07:42:51][root                ][train_one_epoch          ] [  230] acc (v/n): 41.4% (80.6% 58.9%) recall (v/n): 15.1% (31.6% 36.5%) [mem: 2.02e+04] [data: 69.8 ms]
[INFO    ][2026-09-20 07:43:57][root                ][train_one_epoch          ] [  240] acc (v/n): 41.5% (80.6% 58.9%) recall (v/n): 15.0% (31.8% 36.4%) [mem: 2.02e+04] [data: 67.6 ms]
[INFO    ][2026-09-20 07:45:03][root                ][train_one_epoch          ] [  250] acc (v/n): 41.5% (80.6% 58.8%) recall (v/n): 14.8% (31.6% 36.3%) [mem: 2.02e+04] [data: 65.6 ms]
[INFO    ][2026-09-20 07:46:10][root                ][train_one_epoch          ] [  260] acc (v/n): 41.6% (80.7% 58.9%) recall (v/n): 14.7% (31.5% 36.4%) [mem: 2.02e+04] [data: 63.7 ms]
[INFO    ][2026-09-20 07:47:17][root                ][train_one_epoch          ] [  270] acc (v/n): 41.7% (80.7% 58.9%) recall (v/n): 14.7% (31.4% 36.6%) [mem: 2.02e+04] [data: 62.0 ms]
[INFO    ][2026-09-20 07:48:24][root                ][train_one_epoch          ] [  280] acc (v/n): 41.8% (80.7% 58.9%) recall (v/n): 14.6% (31.6% 36.8%) [mem: 2.02e+04] [data: 60.4 ms]
[INFO    ][2026-09-20 07:49:30][root                ][train_one_epoch          ] [  290] acc (v/n): 41.9% (80.7% 59.1%) recall (v/n): 14.6% (31.4% 37.1%) [mem: 2.02e+04] [data: 58.9 ms]
[INFO    ][2026-09-20 07:50:37][root                ][train_one_epoch          ] [  300] acc (v/n): 42.0% (80.7% 59.2%) recall (v/n): 14.5% (31.6% 37.1%) [mem: 2.02e+04] [data: 57.5 ms]
[INFO    ][2026-09-20 07:51:43][root                ][train_one_epoch          ] [  310] acc (v/n): 42.2% (80.7% 59.3%) recall (v/n): 14.7% (32.1% 37.1%) [mem: 2.02e+04] [data: 56.1 ms]
[INFO    ][2026-09-20 07:52:49][root                ][train_one_epoch          ] [  320] acc (v/n): 42.3% (80.8% 59.5%) recall (v/n): 14.6% (32.5% 37.4%) [mem: 2.02e+04] [data: 54.9 ms]
[INFO    ][2026-09-20 07:53:55][root                ][train_one_epoch          ] [  330] acc (v/n): 42.2% (80.8% 59.5%) recall (v/n): 14.6% (32.5% 37.3%) [mem: 2.02e+04] [data: 53.8 ms]
[INFO    ][2026-09-20 07:55:02][root                ][train_one_epoch          ] [  340] acc (v/n): 42.2% (80.8% 59.5%) recall (v/n): 14.5% (32.6% 37.2%) [mem: 2.02e+04] [data: 52.6 ms]
[INFO    ][2026-09-20 07:56:08][root                ][train_one_epoch          ] [  350] acc (v/n): 42.2% (80.8% 59.6%) recall (v/n): 14.4% (32.7% 37.4%) [mem: 2.02e+04] [data: 51.6 ms]
[INFO    ][2026-09-20 07:57:16][root                ][train_one_epoch          ] [  360] acc (v/n): 42.3% (80.8% 59.7%) recall (v/n): 14.3% (33.2% 37.5%) [mem: 2.02e+04] [data: 50.6 ms]
[INFO    ][2026-09-20 07:58:23][root                ][train_one_epoch          ] [  370] acc (v/n): 42.3% (80.8% 59.8%) recall (v/n): 14.3% (33.2% 37.3%) [mem: 2.02e+04] [data: 49.7 ms]
[INFO    ][2026-09-20 07:59:29][root                ][train_one_epoch          ] [  380] acc (v/n): 42.4% (80.7% 60.0%) recall (v/n): 14.2% (33.3% 37.7%) [mem: 2.02e+04] [data: 48.8 ms]
[INFO    ][2026-09-20 08:00:34][root                ][train_one_epoch          ] [  390] acc (v/n): 42.4% (80.7% 60.0%) recall (v/n): 14.2% (33.4% 37.6%) [mem: 2.02e+04] [data: 48.0 ms]
[INFO    ][2026-09-20 08:01:41][root                ][train_one_epoch          ] [  400] acc (v/n): 42.4% (80.7% 60.0%) recall (v/n): 14.1% (33.2% 37.7%) [mem: 2.02e+04] [data: 47.2 ms]
[INFO    ][2026-09-20 08:02:46][root                ][train_one_epoch          ] [  410] acc (v/n): 42.3% (80.6% 60.0%) recall (v/n): 14.1% (33.5% 37.8%) [mem: 2.02e+04] [data: 46.5 ms]
[INFO    ][2026-09-20 08:03:50][root                ][train_one_epoch          ] [  420] acc (v/n): 42.2% (80.6% 60.0%) recall (v/n): 14.0% (33.5% 37.9%) [mem: 2.02e+04] [data: 45.8 ms]
[INFO    ][2026-09-20 08:04:57][root                ][train_one_epoch          ] [  430] acc (v/n): 42.1% (80.6% 59.9%) recall (v/n): 14.0% (33.3% 37.8%) [mem: 2.02e+04] [data: 45.1 ms]
[INFO    ][2026-09-20 08:06:06][root                ][train_one_epoch          ] [  440] acc (v/n): 42.2% (80.6% 59.9%) recall (v/n): 13.9% (33.4% 37.8%) [mem: 2.02e+04] [data: 44.4 ms]
[INFO    ][2026-09-20 08:07:49][root                ][train_one_epoch          ] [  450] acc (v/n): 42.2% (80.5% 60.0%) recall (v/n): 13.8% (33.5% 37.3%) [mem: 2.02e+04] [data: 43.8 ms]
[INFO    ][2026-09-20 08:09:09][root                ][train_one_epoch          ] [  460] acc (v/n): 42.1% (80.5% 60.0%) recall (v/n): 13.8% (33.4% 37.8%) [mem: 2.02e+04] [data: 43.2 ms]
[INFO    ][2026-09-20 08:10:52][root                ][train_one_epoch          ] [  470] acc (v/n): 42.1% (80.5% 60.0%) recall (v/n): 13.7% (33.3% 37.6%) [mem: 2.02e+04] [data: 42.7 ms]
[INFO    ][2026-09-20 08:12:38][root                ][train_one_epoch          ] [  480] acc (v/n): 42.1% (80.4% 60.0%) recall (v/n): 13.6% (33.3% 37.4%) [mem: 2.02e+04] [data: 42.1 ms]
[INFO    ][2026-09-20 08:14:41][root                ][train_one_epoch          ] [  490] acc (v/n): 42.2% (80.4% 60.1%) recall (v/n): 13.5% (33.6% 37.4%) [mem: 2.02e+04] [data: 41.6 ms]
[INFO    ][2026-09-20 08:17:02][root                ][train_one_epoch          ] [  500] acc (v/n): 42.2% (80.4% 60.0%) recall (v/n): 13.5% (33.5% 37.4%) [mem: 2.02e+04] [data: 41.1 ms]
[INFO    ][2026-09-20 08:18:53][root                ][train_one_epoch          ] [  510] acc (v/n): 42.2% (80.4% 60.1%) recall (v/n): 13.6% (33.7% 37.6%) [mem: 2.02e+04] [data: 40.6 ms]
[INFO    ][2026-09-20 08:20:38][root                ][train_one_epoch          ] [  520] acc (v/n): 42.3% (80.5% 60.1%) recall (v/n): 13.5% (33.9% 37.7%) [mem: 2.02e+04] [data: 40.1 ms]
[INFO    ][2026-09-20 08:21:07][root                ][train_one_epoch          ] [  524] acc (v/n): 42.3% (80.5% 60.1%) recall (v/n): 13.5% (33.9% 37.6%) [mem: 2.02e+04] [data: 46.8 ms]
[INFO    ][2026-09-20 08:21:12][root                ][main                     ] [val skipped] epoch 11 (evaluation.val_every=5)
[INFO    ][2026-09-20 08:21:12][root                ][main                     ] [   11] train acc (v/n): 42.3% (80.5% 60.1%) train recall (v/n): 13.5% (33.9% 37.6%) val acc (v/n): nan% (nan% nan%) val recall (v/n): nan% (nan% nan%) 
[INFO    ][2026-09-20 08:21:36][root                ][main                     ] Epoch 11
[INFO    ][2026-09-20 08:21:36][root                ][main                     ] Training...
[INFO    ][2026-09-20 08:22:20][root                ][train_one_epoch          ] [    0] acc (v/n): 40.6% (87.5% 56.2%) recall (v/n): 31.1% (57.9% 52.7%) [mem: 2.02e+04] [data: 11070.2 ms]
[INFO    ][2026-09-20 08:23:29][root                ][train_one_epoch          ] [   10] acc (v/n): 46.4% (86.2% 61.5%) recall (v/n): 26.7% (43.5% 35.7%) [mem: 2.02e+04] [data: 1021.3 ms]
[INFO    ][2026-09-20 08:24:36][root                ][train_one_epoch          ] [   20] acc (v/n): 45.7% (85.0% 61.5%) recall (v/n): 23.2% (36.2% 35.9%) [mem: 2.02e+04] [data: 543.2 ms]
[INFO    ][2026-09-20 08:25:42][root                ][train_one_epoch          ] [   30] acc (v/n): 47.4% (84.7% 62.7%) recall (v/n): 23.1% (36.4% 37.9%) [mem: 2.02e+04] [data: 373.2 ms]
[INFO    ][2026-09-20 08:26:48][root                ][train_one_epoch          ] [   40] acc (v/n): 47.7% (84.5% 63.9%) recall (v/n): 22.9% (35.8% 39.8%) [mem: 2.02e+04] [data: 286.2 ms]
[INFO    ][2026-09-20 08:27:54][root                ][train_one_epoch          ] [   50] acc (v/n): 47.4% (83.9% 63.6%) recall (v/n): 22.0% (35.4% 37.9%) [mem: 2.02e+04] [data: 233.3 ms]
[INFO    ][2026-09-20 08:29:01][root                ][train_one_epoch          ] [   60] acc (v/n): 46.9% (83.2% 63.3%) recall (v/n): 21.7% (35.5% 38.2%) [mem: 2.02e+04] [data: 197.8 ms]
[INFO    ][2026-09-20 08:30:08][root                ][train_one_epoch          ] [   70] acc (v/n): 46.6% (83.1% 63.0%) recall (v/n): 21.5% (35.2% 38.5%) [mem: 2.02e+04] [data: 172.3 ms]
[INFO    ][2026-09-20 08:31:14][root                ][train_one_epoch          ] [   80] acc (v/n): 46.3% (82.4% 62.6%) recall (v/n): 20.9% (33.3% 38.0%) [mem: 2.02e+04] [data: 153.0 ms]
[INFO    ][2026-09-20 08:32:21][root                ][train_one_epoch          ] [   90] acc (v/n): 45.8% (82.3% 62.0%) recall (v/n): 20.6% (33.7% 37.4%) [mem: 2.02e+04] [data: 138.0 ms]
[INFO    ][2026-09-20 08:33:28][root                ][train_one_epoch          ] [  100] acc (v/n): 45.7% (82.0% 62.0%) recall (v/n): 20.4% (33.3% 37.4%) [mem: 2.02e+04] [data: 126.0 ms]
[INFO    ][2026-09-20 08:34:34][root                ][train_one_epoch          ] [  110] acc (v/n): 45.6% (81.9% 62.0%) recall (v/n): 20.2% (33.6% 37.9%) [mem: 2.02e+04] [data: 116.2 ms]
[INFO    ][2026-09-20 08:35:41][root                ][train_one_epoch          ] [  120] acc (v/n): 46.0% (82.0% 62.5%) recall (v/n): 20.5% (34.1% 37.5%) [mem: 2.02e+04] [data: 107.9 ms]
[INFO    ][2026-09-20 08:36:47][root                ][train_one_epoch          ] [  130] acc (v/n): 45.8% (81.8% 62.5%) recall (v/n): 20.2% (34.1% 38.3%) [mem: 2.02e+04] [data: 100.9 ms]
[INFO    ][2026-09-20 08:37:55][root                ][train_one_epoch          ] [  140] acc (v/n): 45.6% (81.7% 62.5%) recall (v/n): 20.0% (34.1% 38.3%) [mem: 2.02e+04] [data: 95.0 ms]
[INFO    ][2026-09-20 08:39:03][root                ][train_one_epoch          ] [  150] acc (v/n): 45.9% (81.8% 62.7%) recall (v/n): 19.8% (33.3% 38.1%) [mem: 2.02e+04] [data: 89.8 ms]
[INFO    ][2026-09-20 08:40:10][root                ][train_one_epoch          ] [  160] acc (v/n): 45.8% (81.8% 62.6%) recall (v/n): 19.4% (34.0% 38.2%) [mem: 2.02e+04] [data: 85.2 ms]
[INFO    ][2026-09-20 08:41:18][root                ][train_one_epoch          ] [  170] acc (v/n): 45.6% (81.8% 62.5%) recall (v/n): 19.1% (35.1% 37.6%) [mem: 2.02e+04] [data: 81.2 ms]
[INFO    ][2026-09-20 08:42:25][root                ][train_one_epoch          ] [  180] acc (v/n): 45.5% (81.8% 62.6%) recall (v/n): 19.1% (35.2% 38.2%) [mem: 2.02e+04] [data: 77.7 ms]
[INFO    ][2026-09-20 08:43:32][root                ][train_one_epoch          ] [  190] acc (v/n): 45.5% (81.7% 62.5%) recall (v/n): 19.3% (35.3% 38.5%) [mem: 2.02e+04] [data: 74.5 ms]
[INFO    ][2026-09-20 08:44:39][root                ][train_one_epoch          ] [  200] acc (v/n): 45.7% (81.8% 62.7%) recall (v/n): 19.4% (36.3% 38.8%) [mem: 2.02e+04] [data: 71.6 ms]
[INFO    ][2026-09-20 08:45:46][root                ][train_one_epoch          ] [  210] acc (v/n): 45.8% (81.7% 62.9%) recall (v/n): 19.0% (36.7% 38.7%) [mem: 2.02e+04] [data: 69.0 ms]
[INFO    ][2026-09-20 08:46:53][root                ][train_one_epoch          ] [  220] acc (v/n): 45.9% (81.8% 62.9%) recall (v/n): 19.0% (36.7% 38.8%) [mem: 2.02e+04] [data: 66.6 ms]
[INFO    ][2026-09-20 08:48:00][root                ][train_one_epoch          ] [  230] acc (v/n): 45.9% (81.8% 62.9%) recall (v/n): 18.8% (36.7% 38.8%) [mem: 2.02e+04] [data: 64.5 ms]
[INFO    ][2026-09-20 08:49:07][root                ][train_one_epoch          ] [  240] acc (v/n): 45.8% (81.8% 62.8%) recall (v/n): 18.7% (36.6% 39.1%) [mem: 2.02e+04] [data: 62.5 ms]
[INFO    ][2026-09-20 08:50:13][root                ][train_one_epoch          ] [  250] acc (v/n): 45.9% (81.8% 62.8%) recall (v/n): 18.8% (36.8% 39.3%) [mem: 2.02e+04] [data: 60.6 ms]
[INFO    ][2026-09-20 08:51:19][root                ][train_one_epoch          ] [  260] acc (v/n): 45.8% (81.7% 62.9%) recall (v/n): 18.7% (36.9% 39.4%) [mem: 2.02e+04] [data: 58.9 ms]
[INFO    ][2026-09-20 08:52:26][root                ][train_one_epoch          ] [  270] acc (v/n): 45.9% (81.6% 63.0%) recall (v/n): 18.7% (36.8% 39.1%) [mem: 2.02e+04] [data: 57.4 ms]
[INFO    ][2026-09-20 08:53:34][root                ][train_one_epoch          ] [  280] acc (v/n): 45.9% (81.6% 63.0%) recall (v/n): 18.5% (36.6% 38.8%) [mem: 2.02e+04] [data: 55.9 ms]
[INFO    ][2026-09-20 08:54:39][root                ][train_one_epoch          ] [  290] acc (v/n): 45.9% (81.7% 63.0%) recall (v/n): 18.4% (36.7% 39.3%) [mem: 2.02e+04] [data: 54.6 ms]
[INFO    ][2026-09-20 08:55:46][root                ][train_one_epoch          ] [  300] acc (v/n): 46.0% (81.7% 63.0%) recall (v/n): 18.3% (36.7% 39.7%) [mem: 2.02e+04] [data: 53.4 ms]
[INFO    ][2026-09-20 08:56:53][root                ][train_one_epoch          ] [  310] acc (v/n): 45.9% (81.7% 63.0%) recall (v/n): 18.3% (36.8% 40.0%) [mem: 2.02e+04] [data: 52.2 ms]
[INFO    ][2026-09-20 08:57:58][root                ][train_one_epoch          ] [  320] acc (v/n): 46.0% (81.8% 63.0%) recall (v/n): 18.2% (36.8% 40.2%) [mem: 2.02e+04] [data: 51.1 ms]
[INFO    ][2026-09-20 08:59:05][root                ][train_one_epoch          ] [  330] acc (v/n): 46.0% (81.8% 63.1%) recall (v/n): 18.2% (36.8% 40.8%) [mem: 2.02e+04] [data: 50.0 ms]
[INFO    ][2026-09-20 09:00:12][root                ][train_one_epoch          ] [  340] acc (v/n): 46.0% (81.7% 63.1%) recall (v/n): 18.2% (36.8% 40.8%) [mem: 2.02e+04] [data: 49.1 ms]
[INFO    ][2026-09-20 09:01:19][root                ][train_one_epoch          ] [  350] acc (v/n): 46.0% (81.6% 63.1%) recall (v/n): 18.1% (36.8% 40.7%) [mem: 2.02e+04] [data: 48.1 ms]
[INFO    ][2026-09-20 09:02:23][root                ][train_one_epoch          ] [  360] acc (v/n): 46.0% (81.5% 63.1%) recall (v/n): 18.0% (37.1% 41.0%) [mem: 2.02e+04] [data: 47.3 ms]
[INFO    ][2026-09-20 09:03:28][root                ][train_one_epoch          ] [  370] acc (v/n): 46.0% (81.5% 63.0%) recall (v/n): 17.9% (37.1% 40.9%) [mem: 2.02e+04] [data: 46.4 ms]
[INFO    ][2026-09-20 09:04:56][root                ][train_one_epoch          ] [  380] acc (v/n): 45.9% (81.5% 63.0%) recall (v/n): 17.9% (37.2% 41.2%) [mem: 2.02e+04] [data: 107.4 ms]
[INFO    ][2026-09-20 09:06:22][root                ][train_one_epoch          ] [  390] acc (v/n): 45.9% (81.4% 63.0%) recall (v/n): 17.8% (37.1% 41.3%) [mem: 2.02e+04] [data: 164.8 ms]
[INFO    ][2026-09-20 09:08:04][root                ][train_one_epoch          ] [  400] acc (v/n): 45.8% (81.3% 63.0%) recall (v/n): 17.8% (36.8% 41.1%) [mem: 2.02e+04] [data: 258.4 ms]
[INFO    ][2026-09-20 09:09:57][root                ][train_one_epoch          ] [  410] acc (v/n): 45.7% (81.3% 62.9%) recall (v/n): 17.7% (36.8% 41.1%) [mem: 2.02e+04] [data: 374.3 ms]
[INFO    ][2026-09-20 09:11:54][root                ][train_one_epoch          ] [  420] acc (v/n): 45.6% (81.3% 62.9%) recall (v/n): 17.7% (36.6% 40.9%) [mem: 2.02e+04] [data: 497.8 ms]
[INFO    ][2026-09-20 09:13:10][root                ][train_one_epoch          ] [  430] acc (v/n): 45.7% (81.4% 62.9%) recall (v/n): 17.6% (36.7% 40.8%) [mem: 2.02e+04] [data: 486.6 ms]
[INFO    ][2026-09-20 09:15:14][root                ][train_one_epoch          ] [  440] acc (v/n): 45.7% (81.4% 63.0%) recall (v/n): 17.7% (36.6% 40.9%) [mem: 2.02e+04] [data: 476.0 ms]
[INFO    ][2026-09-20 09:16:18][root                ][train_one_epoch          ] [  450] acc (v/n): 45.7% (81.3% 63.0%) recall (v/n): 17.7% (36.7% 40.6%) [mem: 2.02e+04] [data: 465.8 ms]
[INFO    ][2026-09-20 09:17:21][root                ][train_one_epoch          ] [  460] acc (v/n): 45.6% (81.3% 62.9%) recall (v/n): 17.6% (36.7% 40.8%) [mem: 2.02e+04] [data: 456.0 ms]
[INFO    ][2026-09-20 09:18:27][root                ][train_one_epoch          ] [  470] acc (v/n): 45.5% (81.3% 62.9%) recall (v/n): 17.6% (36.6% 41.0%) [mem: 2.02e+04] [data: 446.7 ms]
[INFO    ][2026-09-20 09:20:07][root                ][train_one_epoch          ] [  480] acc (v/n): 45.4% (81.2% 62.8%) recall (v/n): 17.6% (36.6% 41.0%) [mem: 2.02e+04] [data: 437.7 ms]
[INFO    ][2026-09-20 09:21:11][root                ][train_one_epoch          ] [  490] acc (v/n): 45.4% (81.2% 62.7%) recall (v/n): 17.5% (36.5% 41.0%) [mem: 2.02e+04] [data: 429.2 ms]
[INFO    ][2026-09-20 09:22:16][root                ][train_one_epoch          ] [  500] acc (v/n): 45.3% (81.2% 62.7%) recall (v/n): 17.6% (36.6% 40.9%) [mem: 2.02e+04] [data: 420.9 ms]
[INFO    ][2026-09-20 09:23:21][root                ][train_one_epoch          ] [  510] acc (v/n): 45.3% (81.1% 62.6%) recall (v/n): 17.6% (36.7% 41.1%) [mem: 2.02e+04] [data: 413.0 ms]
[INFO    ][2026-09-20 09:24:56][root                ][train_one_epoch          ] [  520] acc (v/n): 45.3% (81.2% 62.6%) recall (v/n): 17.7% (36.7% 41.2%) [mem: 2.02e+04] [data: 405.4 ms]
[INFO    ][2026-09-20 09:26:10][root                ][train_one_epoch          ] [  524] acc (v/n): 45.3% (81.2% 62.6%) recall (v/n): 17.7% (36.8% 41.2%) [mem: 2.02e+04] [data: 402.5 ms]
[INFO    ][2026-09-20 09:26:14][root                ][main                     ] [val skipped] epoch 12 (evaluation.val_every=5)
[INFO    ][2026-09-20 09:26:14][root                ][main                     ] [   12] train acc (v/n): 45.3% (81.2% 62.6%) train recall (v/n): 17.7% (36.8% 41.2%) val acc (v/n): nan% (nan% nan%) val recall (v/n): nan% (nan% nan%) 
[INFO    ][2026-09-20 09:26:41][root                ][main                     ] Epoch 12
[INFO    ][2026-09-20 09:26:41][root                ][main                     ] Training...
[INFO    ][2026-09-20 09:27:23][root                ][train_one_epoch          ] [    0] acc (v/n): 61.7% (88.3% 69.5%) recall (v/n): 54.4% (71.2% 57.0%) [mem: 2.02e+04] [data: 9930.0 ms]
[INFO    ][2026-09-20 09:28:30][root                ][train_one_epoch          ] [   10] acc (v/n): 47.4% (84.7% 59.0%) recall (v/n): 34.9% (48.3% 44.9%) [mem: 2.02e+04] [data: 917.7 ms]
[INFO    ][2026-09-20 09:29:35][root                ][train_one_epoch          ] [   20] acc (v/n): 46.3% (83.9% 60.2%) recall (v/n): 31.9% (42.7% 43.7%) [mem: 2.02e+04] [data: 488.6 ms]
[INFO    ][2026-09-20 09:30:40][root                ][train_one_epoch          ] [   30] acc (v/n): 47.1% (83.8% 61.4%) recall (v/n): 30.9% (40.2% 44.4%) [mem: 2.02e+04] [data: 336.3 ms]
[INFO    ][2026-09-20 09:31:47][root                ][train_one_epoch          ] [   40] acc (v/n): 48.0% (84.0% 62.8%) recall (v/n): 30.0% (36.5% 44.5%) [mem: 2.02e+04] [data: 258.3 ms]
[INFO    ][2026-09-20 09:32:54][root                ][train_one_epoch          ] [   50] acc (v/n): 47.9% (83.6% 62.9%) recall (v/n): 28.8% (34.2% 43.4%) [mem: 2.02e+04] [data: 210.9 ms]
[INFO    ][2026-09-20 09:34:01][root                ][train_one_epoch          ] [   60] acc (v/n): 48.9% (83.6% 63.9%) recall (v/n): 28.7% (37.3% 43.7%) [mem: 2.02e+04] [data: 179.1 ms]
[INFO    ][2026-09-20 09:35:07][root                ][train_one_epoch          ] [   70] acc (v/n): 49.3% (83.4% 64.4%) recall (v/n): 28.4% (37.3% 43.8%) [mem: 2.02e+04] [data: 156.2 ms]
[INFO    ][2026-09-20 09:36:13][root                ][train_one_epoch          ] [   80] acc (v/n): 49.0% (83.3% 64.0%) recall (v/n): 27.6% (37.6% 43.0%) [mem: 2.02e+04] [data: 139.0 ms]
[INFO    ][2026-09-20 09:37:18][root                ][train_one_epoch          ] [   90] acc (v/n): 49.2% (83.4% 64.2%) recall (v/n): 26.9% (38.5% 42.9%) [mem: 2.02e+04] [data: 125.5 ms]
[INFO    ][2026-09-20 09:38:24][root                ][train_one_epoch          ] [  100] acc (v/n): 49.4% (83.3% 64.3%) recall (v/n): 26.5% (39.1% 43.5%) [mem: 2.02e+04] [data: 114.8 ms]
[INFO    ][2026-09-20 09:39:31][root                ][train_one_epoch          ] [  110] acc (v/n): 49.0% (83.4% 64.1%) recall (v/n): 25.9% (39.4% 43.3%) [mem: 2.02e+04] [data: 106.0 ms]
[INFO    ][2026-09-20 09:40:37][root                ][train_one_epoch          ] [  120] acc (v/n): 48.7% (83.3% 64.2%) recall (v/n): 25.9% (40.1% 43.8%) [mem: 2.02e+04] [data: 98.6 ms]
[INFO    ][2026-09-20 09:41:43][root                ][train_one_epoch          ] [  130] acc (v/n): 48.8% (83.3% 64.4%) recall (v/n): 25.8% (40.7% 43.7%) [mem: 2.02e+04] [data: 92.3 ms]
[INFO    ][2026-09-20 09:42:48][root                ][train_one_epoch          ] [  140] acc (v/n): 48.7% (83.2% 64.4%) recall (v/n): 25.2% (41.2% 44.0%) [mem: 2.02e+04] [data: 86.9 ms]
[INFO    ][2026-09-20 09:43:54][root                ][train_one_epoch          ] [  150] acc (v/n): 48.9% (83.2% 64.5%) recall (v/n): 25.2% (41.4% 44.1%) [mem: 2.02e+04] [data: 82.3 ms]
[INFO    ][2026-09-20 09:44:59][root                ][train_one_epoch          ] [  160] acc (v/n): 48.7% (83.1% 64.4%) recall (v/n): 24.8% (41.4% 43.6%) [mem: 2.02e+04] [data: 78.2 ms]
[INFO    ][2026-09-20 09:46:06][root                ][train_one_epoch          ] [  170] acc (v/n): 48.8% (83.1% 64.4%) recall (v/n): 24.7% (42.1% 42.8%) [mem: 2.02e+04] [data: 74.6 ms]
[INFO    ][2026-09-20 09:47:11][root                ][train_one_epoch          ] [  180] acc (v/n): 48.7% (83.1% 64.4%) recall (v/n): 24.5% (41.4% 44.2%) [mem: 2.02e+04] [data: 71.4 ms]
[INFO    ][2026-09-20 09:48:17][root                ][train_one_epoch          ] [  190] acc (v/n): 48.7% (83.1% 64.4%) recall (v/n): 24.6% (41.7% 45.4%) [mem: 2.02e+04] [data: 68.5 ms]
[INFO    ][2026-09-20 09:49:22][root                ][train_one_epoch          ] [  200] acc (v/n): 48.8% (83.2% 64.5%) recall (v/n): 24.4% (41.7% 45.6%) [mem: 2.02e+04] [data: 65.9 ms]
[INFO    ][2026-09-20 09:50:28][root                ][train_one_epoch          ] [  210] acc (v/n): 48.9% (83.1% 64.6%) recall (v/n): 24.4% (41.6% 45.4%) [mem: 2.02e+04] [data: 63.6 ms]
[INFO    ][2026-09-20 09:51:35][root                ][train_one_epoch          ] [  220] acc (v/n): 48.8% (83.0% 64.6%) recall (v/n): 24.7% (40.8% 46.2%) [mem: 2.02e+04] [data: 61.4 ms]
[INFO    ][2026-09-20 09:52:40][root                ][train_one_epoch          ] [  230] acc (v/n): 48.7% (82.9% 64.5%) recall (v/n): 24.5% (40.5% 46.1%) [mem: 2.02e+04] [data: 59.5 ms]
[INFO    ][2026-09-20 09:53:46][root                ][train_one_epoch          ] [  240] acc (v/n): 48.7% (82.9% 64.5%) recall (v/n): 24.3% (39.8% 46.4%) [mem: 2.02e+04] [data: 57.8 ms]
[INFO    ][2026-09-20 09:54:52][root                ][train_one_epoch          ] [  250] acc (v/n): 48.6% (82.7% 64.5%) recall (v/n): 24.3% (39.7% 46.7%) [mem: 2.02e+04] [data: 56.1 ms]
[INFO    ][2026-09-20 09:55:57][root                ][train_one_epoch          ] [  260] acc (v/n): 48.5% (82.5% 64.3%) recall (v/n): 24.1% (40.5% 46.8%) [mem: 2.02e+04] [data: 54.7 ms]
[INFO    ][2026-09-20 09:57:01][root                ][train_one_epoch          ] [  270] acc (v/n): 48.3% (82.4% 64.2%) recall (v/n): 24.1% (39.9% 46.3%) [mem: 2.02e+04] [data: 53.3 ms]
[INFO    ][2026-09-20 09:58:28][root                ][train_one_epoch          ] [  280] acc (v/n): 48.3% (82.5% 64.3%) recall (v/n): 24.1% (40.1% 46.3%) [mem: 2.02e+04] [data: 51.9 ms]
[INFO    ][2026-09-20 09:59:57][root                ][train_one_epoch          ] [  290] acc (v/n): 48.1% (82.4% 64.2%) recall (v/n): 23.8% (39.9% 46.0%) [mem: 2.02e+04] [data: 50.7 ms]
[INFO    ][2026-09-20 10:01:32][root                ][train_one_epoch          ] [  300] acc (v/n): 48.1% (82.4% 64.2%) recall (v/n): 23.7% (40.8% 45.8%) [mem: 2.02e+04] [data: 49.6 ms]
[INFO    ][2026-09-20 10:03:04][root                ][train_one_epoch          ] [  310] acc (v/n): 48.1% (82.4% 64.2%) recall (v/n): 23.7% (40.8% 46.1%) [mem: 2.02e+04] [data: 48.5 ms]
[INFO    ][2026-09-20 10:04:50][root                ][train_one_epoch          ] [  320] acc (v/n): 48.0% (82.3% 64.1%) recall (v/n): 23.7% (40.6% 46.3%) [mem: 2.02e+04] [data: 47.5 ms]
[INFO    ][2026-09-20 10:06:48][root                ][train_one_epoch          ] [  330] acc (v/n): 48.1% (82.5% 64.1%) recall (v/n): 23.8% (40.8% 46.5%) [mem: 2.02e+04] [data: 46.6 ms]
[INFO    ][2026-09-20 10:08:45][root                ][train_one_epoch          ] [  340] acc (v/n): 48.0% (82.5% 64.0%) recall (v/n): 23.6% (40.5% 46.5%) [mem: 2.02e+04] [data: 45.7 ms]
[INFO    ][2026-09-20 10:09:52][root                ][train_one_epoch          ] [  350] acc (v/n): 47.9% (82.5% 63.9%) recall (v/n): 23.3% (40.2% 46.3%) [mem: 2.02e+04] [data: 44.9 ms]
[INFO    ][2026-09-20 10:10:59][root                ][train_one_epoch          ] [  360] acc (v/n): 47.9% (82.5% 63.8%) recall (v/n): 23.3% (40.5% 45.9%) [mem: 2.02e+04] [data: 44.1 ms]
[INFO    ][2026-09-20 10:12:05][root                ][train_one_epoch          ] [  370] acc (v/n): 47.8% (82.4% 63.7%) recall (v/n): 23.2% (40.5% 46.0%) [mem: 2.02e+04] [data: 43.3 ms]
[INFO    ][2026-09-20 10:13:12][root                ][train_one_epoch          ] [  380] acc (v/n): 47.8% (82.4% 63.7%) recall (v/n): 23.3% (40.7% 45.9%) [mem: 2.02e+04] [data: 42.6 ms]
[INFO    ][2026-09-20 10:14:58][root                ][train_one_epoch          ] [  390] acc (v/n): 47.8% (82.4% 63.7%) recall (v/n): 23.2% (40.7% 45.8%) [mem: 2.02e+04] [data: 42.0 ms]
[INFO    ][2026-09-20 10:16:48][root                ][train_one_epoch          ] [  400] acc (v/n): 47.8% (82.4% 63.7%) recall (v/n): 23.3% (40.6% 46.0%) [mem: 2.02e+04] [data: 41.4 ms]
[INFO    ][2026-09-20 10:19:23][root                ][train_one_epoch          ] [  410] acc (v/n): 47.9% (82.5% 63.8%) recall (v/n): 23.3% (40.8% 46.0%) [mem: 2.02e+04] [data: 40.8 ms]
[INFO    ][2026-09-20 10:22:09][root                ][train_one_epoch          ] [  420] acc (v/n): 47.9% (82.6% 63.8%) recall (v/n): 23.2% (40.7% 45.6%) [mem: 2.02e+04] [data: 40.2 ms]
[INFO    ][2026-09-20 10:24:09][root                ][train_one_epoch          ] [  430] acc (v/n): 47.9% (82.6% 63.8%) recall (v/n): 23.3% (41.2% 45.6%) [mem: 2.02e+04] [data: 39.6 ms]
[INFO    ][2026-09-20 10:25:15][root                ][train_one_epoch          ] [  440] acc (v/n): 48.0% (82.6% 63.9%) recall (v/n): 23.3% (41.1% 45.4%) [mem: 2.02e+04] [data: 39.1 ms]
[INFO    ][2026-09-20 10:26:22][root                ][train_one_epoch          ] [  450] acc (v/n): 48.1% (82.7% 64.0%) recall (v/n): 23.3% (41.1% 45.4%) [mem: 2.02e+04] [data: 38.6 ms]
[INFO    ][2026-09-20 10:27:29][root                ][train_one_epoch          ] [  460] acc (v/n): 48.2% (82.6% 64.1%) recall (v/n): 23.5% (41.0% 45.5%) [mem: 2.02e+04] [data: 38.1 ms]
[INFO    ][2026-09-20 10:28:35][root                ][train_one_epoch          ] [  470] acc (v/n): 48.2% (82.6% 64.1%) recall (v/n): 23.3% (41.0% 45.5%) [mem: 2.02e+04] [data: 37.7 ms]
[INFO    ][2026-09-20 10:29:40][root                ][train_one_epoch          ] [  480] acc (v/n): 48.2% (82.6% 64.1%) recall (v/n): 23.3% (41.0% 45.6%) [mem: 2.02e+04] [data: 37.2 ms]
[INFO    ][2026-09-20 10:30:46][root                ][train_one_epoch          ] [  490] acc (v/n): 48.3% (82.6% 64.2%) recall (v/n): 23.4% (41.2% 45.9%) [mem: 2.02e+04] [data: 36.8 ms]
[INFO    ][2026-09-20 10:32:04][root                ][train_one_epoch          ] [  500] acc (v/n): 48.4% (82.6% 64.2%) recall (v/n): 23.5% (41.3% 46.0%) [mem: 2.02e+04] [data: 58.1 ms]
[INFO    ][2026-09-20 10:34:46][root                ][train_one_epoch          ] [  510] acc (v/n): 48.4% (82.6% 64.2%) recall (v/n): 23.4% (41.1% 45.9%) [mem: 2.02e+04] [data: 128.5 ms]
[INFO    ][2026-09-20 10:35:51][root                ][train_one_epoch          ] [  520] acc (v/n): 48.4% (82.6% 64.3%) recall (v/n): 23.4% (41.3% 45.9%) [mem: 2.02e+04] [data: 126.3 ms]
[INFO    ][2026-09-20 10:36:18][root                ][train_one_epoch          ] [  524] acc (v/n): 48.4% (82.6% 64.3%) recall (v/n): 23.3% (41.3% 46.0%) [mem: 2.02e+04] [data: 125.5 ms]
[INFO    ][2026-09-20 10:36:22][root                ][main                     ] [val skipped] epoch 13 (evaluation.val_every=5)
[INFO    ][2026-09-20 10:36:22][root                ][main                     ] [   13] train acc (v/n): 48.4% (82.6% 64.3%) train recall (v/n): 23.3% (41.3% 46.0%) val acc (v/n): nan% (nan% nan%) val recall (v/n): nan% (nan% nan%) 
[INFO    ][2026-09-20 10:36:49][root                ][main                     ] Epoch 13
[INFO    ][2026-09-20 10:36:49][root                ][main                     ] Training...
[INFO    ][2026-09-20 10:37:32][root                ][train_one_epoch          ] [    0] acc (v/n): 53.9% (91.4% 64.8%) recall (v/n): 41.2% (62.0% 50.1%) [mem: 2.02e+04] [data: 11151.8 ms]
[INFO    ][2026-09-20 10:38:41][root                ][train_one_epoch          ] [   10] acc (v/n): 51.7% (84.9% 66.0%) recall (v/n): 35.4% (49.4% 49.7%) [mem: 2.02e+04] [data: 1028.8 ms]
[INFO    ][2026-09-20 10:39:47][root                ][train_one_epoch          ] [   20] acc (v/n): 51.9% (83.1% 65.3%) recall (v/n): 35.3% (43.0% 46.6%) [mem: 2.02e+04] [data: 546.7 ms]
[INFO    ][2026-09-20 10:40:54][root                ][train_one_epoch          ] [   30] acc (v/n): 52.0% (83.2% 65.3%) recall (v/n): 33.9% (41.3% 45.3%) [mem: 2.02e+04] [data: 376.0 ms]
[INFO    ][2026-09-20 10:42:01][root                ][train_one_epoch          ] [   40] acc (v/n): 51.5% (83.1% 65.7%) recall (v/n): 34.9% (42.0% 47.5%) [mem: 2.02e+04] [data: 288.3 ms]
[INFO    ][2026-09-20 10:43:07][root                ][train_one_epoch          ] [   50] acc (v/n): 51.4% (83.3% 65.6%) recall (v/n): 33.9% (41.2% 47.8%) [mem: 2.02e+04] [data: 235.0 ms]
[INFO    ][2026-09-20 10:44:13][root                ][train_one_epoch          ] [   60] acc (v/n): 51.1% (83.1% 65.3%) recall (v/n): 33.0% (40.3% 47.4%) [mem: 2.02e+04] [data: 199.2 ms]
[INFO    ][2026-09-20 10:45:20][root                ][train_one_epoch          ] [   70] acc (v/n): 50.7% (83.1% 64.8%) recall (v/n): 32.2% (40.3% 47.3%) [mem: 2.02e+04] [data: 173.5 ms]
[INFO    ][2026-09-20 10:46:27][root                ][train_one_epoch          ] [   80] acc (v/n): 50.6% (83.1% 65.0%) recall (v/n): 31.4% (39.0% 47.2%) [mem: 2.02e+04] [data: 154.1 ms]
[INFO    ][2026-09-20 10:47:34][root                ][train_one_epoch          ] [   90] acc (v/n): 50.4% (83.1% 65.0%) recall (v/n): 31.3% (38.7% 47.0%) [mem: 2.02e+04] [data: 139.0 ms]
[INFO    ][2026-09-20 10:48:41][root                ][train_one_epoch          ] [  100] acc (v/n): 50.6% (83.3% 65.3%) recall (v/n): 31.3% (39.9% 47.5%) [mem: 2.02e+04] [data: 126.9 ms]
[INFO    ][2026-09-20 10:49:49][root                ][train_one_epoch          ] [  110] acc (v/n): 50.6% (83.4% 65.4%) recall (v/n): 30.9% (41.5% 46.7%) [mem: 2.02e+04] [data: 116.9 ms]
[INFO    ][2026-09-20 10:50:57][root                ][train_one_epoch          ] [  120] acc (v/n): 50.7% (83.5% 65.5%) recall (v/n): 30.8% (40.9% 47.2%) [mem: 2.02e+04] [data: 108.6 ms]
[INFO    ][2026-09-20 10:52:04][root                ][train_one_epoch          ] [  130] acc (v/n): 50.8% (83.5% 65.5%) recall (v/n): 30.8% (41.4% 47.1%) [mem: 2.02e+04] [data: 101.6 ms]
[INFO    ][2026-09-20 10:53:10][root                ][train_one_epoch          ] [  140] acc (v/n): 51.0% (83.5% 65.8%) recall (v/n): 30.9% (41.6% 48.6%) [mem: 2.02e+04] [data: 95.6 ms]
[INFO    ][2026-09-20 10:54:17][root                ][train_one_epoch          ] [  150] acc (v/n): 51.0% (83.6% 66.0%) recall (v/n): 30.5% (42.0% 48.4%) [mem: 2.02e+04] [data: 90.4 ms]
[INFO    ][2026-09-20 10:55:24][root                ][train_one_epoch          ] [  160] acc (v/n): 51.0% (83.3% 66.0%) recall (v/n): 30.3% (42.8% 48.3%) [mem: 2.02e+04] [data: 85.8 ms]
[INFO    ][2026-09-20 10:56:31][root                ][train_one_epoch          ] [  170] acc (v/n): 50.9% (83.4% 66.1%) recall (v/n): 30.1% (42.2% 48.7%) [mem: 2.02e+04] [data: 81.7 ms]
[INFO    ][2026-09-20 10:57:37][root                ][train_one_epoch          ] [  180] acc (v/n): 51.1% (83.5% 66.2%) recall (v/n): 30.0% (42.1% 48.0%) [mem: 2.02e+04] [data: 78.1 ms]
[INFO    ][2026-09-20 10:58:43][root                ][train_one_epoch          ] [  190] acc (v/n): 51.0% (83.6% 66.3%) recall (v/n): 30.0% (41.9% 48.5%) [mem: 2.02e+04] [data: 74.9 ms]
[INFO    ][2026-09-20 10:59:49][root                ][train_one_epoch          ] [  200] acc (v/n): 51.2% (83.7% 66.4%) recall (v/n): 29.9% (42.4% 48.4%) [mem: 2.02e+04] [data: 72.0 ms]
[INFO    ][2026-09-20 11:00:54][root                ][train_one_epoch          ] [  210] acc (v/n): 51.3% (83.7% 66.5%) recall (v/n): 29.7% (42.4% 48.7%) [mem: 2.02e+04] [data: 69.4 ms]
[INFO    ][2026-09-20 11:02:00][root                ][train_one_epoch          ] [  220] acc (v/n): 51.3% (83.7% 66.6%) recall (v/n): 29.8% (42.8% 48.7%) [mem: 2.02e+04] [data: 67.0 ms]
[INFO    ][2026-09-20 11:03:07][root                ][train_one_epoch          ] [  230] acc (v/n): 51.4% (83.7% 66.7%) recall (v/n): 30.0% (42.8% 49.5%) [mem: 2.02e+04] [data: 64.8 ms]
[INFO    ][2026-09-20 11:04:14][root                ][train_one_epoch          ] [  240] acc (v/n): 51.5% (83.8% 66.7%) recall (v/n): 30.1% (43.4% 49.5%) [mem: 2.02e+04] [data: 62.8 ms]
[INFO    ][2026-09-20 11:05:20][root                ][train_one_epoch          ] [  250] acc (v/n): 51.4% (83.8% 66.6%) recall (v/n): 30.1% (43.4% 49.8%) [mem: 2.02e+04] [data: 61.0 ms]
[INFO    ][2026-09-20 11:06:26][root                ][train_one_epoch          ] [  260] acc (v/n): 51.4% (83.7% 66.6%) recall (v/n): 30.0% (43.6% 49.4%) [mem: 2.02e+04] [data: 59.3 ms]
[INFO    ][2026-09-20 11:07:33][root                ][train_one_epoch          ] [  270] acc (v/n): 51.4% (83.7% 66.6%) recall (v/n): 29.9% (43.5% 49.2%) [mem: 2.02e+04] [data: 57.8 ms]
[INFO    ][2026-09-20 11:08:39][root                ][train_one_epoch          ] [  280] acc (v/n): 51.4% (83.6% 66.7%) recall (v/n): 29.8% (43.5% 49.4%) [mem: 2.02e+04] [data: 56.3 ms]
[INFO    ][2026-09-20 11:09:44][root                ][train_one_epoch          ] [  290] acc (v/n): 51.4% (83.6% 66.7%) recall (v/n): 29.8% (43.4% 49.5%) [mem: 2.02e+04] [data: 54.9 ms]
[INFO    ][2026-09-20 11:10:49][root                ][train_one_epoch          ] [  300] acc (v/n): 51.3% (83.5% 66.7%) recall (v/n): 29.6% (43.3% 49.8%) [mem: 2.02e+04] [data: 53.7 ms]
[INFO    ][2026-09-20 11:11:55][root                ][train_one_epoch          ] [  310] acc (v/n): 51.3% (83.4% 66.7%) recall (v/n): 29.8% (43.6% 50.6%) [mem: 2.02e+04] [data: 52.5 ms]
[INFO    ][2026-09-20 11:13:01][root                ][train_one_epoch          ] [  320] acc (v/n): 51.1% (83.4% 66.6%) recall (v/n): 29.7% (42.9% 50.4%) [mem: 2.02e+04] [data: 51.4 ms]
[INFO    ][2026-09-20 11:14:07][root                ][train_one_epoch          ] [  330] acc (v/n): 51.1% (83.3% 66.7%) recall (v/n): 29.5% (42.8% 50.4%) [mem: 2.02e+04] [data: 50.4 ms]
[INFO    ][2026-09-20 11:15:12][root                ][train_one_epoch          ] [  340] acc (v/n): 51.1% (83.3% 66.7%) recall (v/n): 29.4% (42.7% 50.4%) [mem: 2.02e+04] [data: 49.4 ms]
[INFO    ][2026-09-20 11:16:25][root                ][train_one_epoch          ] [  350] acc (v/n): 51.1% (83.3% 66.7%) recall (v/n): 29.2% (42.5% 50.3%) [mem: 2.02e+04] [data: 48.4 ms]
[INFO    ][2026-09-20 11:17:58][root                ][train_one_epoch          ] [  360] acc (v/n): 51.2% (83.3% 66.8%) recall (v/n): 29.2% (42.7% 50.5%) [mem: 2.02e+04] [data: 47.5 ms]
[INFO    ][2026-09-20 11:19:33][root                ][train_one_epoch          ] [  370] acc (v/n): 51.3% (83.3% 66.8%) recall (v/n): 29.1% (42.7% 50.6%) [mem: 2.02e+04] [data: 46.7 ms]
[INFO    ][2026-09-20 11:21:06][root                ][train_one_epoch          ] [  380] acc (v/n): 51.4% (83.3% 66.9%) recall (v/n): 29.1% (43.0% 50.6%) [mem: 2.02e+04] [data: 45.9 ms]
[INFO    ][2026-09-20 11:22:42][root                ][train_one_epoch          ] [  390] acc (v/n): 51.4% (83.3% 66.9%) recall (v/n): 29.1% (42.9% 50.6%) [mem: 2.02e+04] [data: 45.2 ms]
[INFO    ][2026-09-20 11:24:28][root                ][train_one_epoch          ] [  400] acc (v/n): 51.4% (83.4% 66.9%) recall (v/n): 29.1% (42.9% 50.7%) [mem: 2.02e+04] [data: 44.4 ms]
[INFO    ][2026-09-20 11:26:11][root                ][train_one_epoch          ] [  410] acc (v/n): 51.4% (83.4% 66.9%) recall (v/n): 29.1% (43.0% 51.0%) [mem: 2.02e+04] [data: 43.8 ms]
[INFO    ][2026-09-20 11:27:17][root                ][train_one_epoch          ] [  420] acc (v/n): 51.5% (83.4% 66.9%) recall (v/n): 29.1% (42.7% 51.1%) [mem: 2.02e+04] [data: 43.1 ms]
[INFO    ][2026-09-20 11:28:23][root                ][train_one_epoch          ] [  430] acc (v/n): 51.5% (83.3% 67.0%) recall (v/n): 29.1% (42.8% 51.0%) [mem: 2.02e+04] [data: 42.5 ms]
[INFO    ][2026-09-20 11:29:30][root                ][train_one_epoch          ] [  440] acc (v/n): 51.5% (83.3% 67.0%) recall (v/n): 29.1% (42.7% 51.1%) [mem: 2.02e+04] [data: 41.9 ms]
[INFO    ][2026-09-20 11:30:36][root                ][train_one_epoch          ] [  450] acc (v/n): 51.5% (83.3% 67.0%) recall (v/n): 29.0% (43.0% 51.0%) [mem: 2.02e+04] [data: 41.3 ms]
[INFO    ][2026-09-20 11:32:07][root                ][train_one_epoch          ] [  460] acc (v/n): 51.6% (83.2% 67.0%) recall (v/n): 29.0% (43.1% 50.8%) [mem: 2.02e+04] [data: 40.8 ms]
[INFO    ][2026-09-20 11:33:39][root                ][train_one_epoch          ] [  470] acc (v/n): 51.5% (83.2% 67.0%) recall (v/n): 28.9% (43.2% 50.9%) [mem: 2.02e+04] [data: 40.3 ms]
[INFO    ][2026-09-20 11:35:11][root                ][train_one_epoch          ] [  480] acc (v/n): 51.5% (83.1% 67.0%) recall (v/n): 28.9% (43.3% 51.1%) [mem: 2.02e+04] [data: 39.8 ms]
[INFO    ][2026-09-20 11:36:45][root                ][train_one_epoch          ] [  490] acc (v/n): 51.4% (83.1% 66.9%) recall (v/n): 28.9% (43.2% 51.0%) [mem: 2.02e+04] [data: 39.3 ms]
[INFO    ][2026-09-20 11:38:22][root                ][train_one_epoch          ] [  500] acc (v/n): 51.5% (83.1% 66.9%) recall (v/n): 29.0% (43.3% 51.1%) [mem: 2.02e+04] [data: 38.9 ms]
[INFO    ][2026-09-20 11:40:08][root                ][train_one_epoch          ] [  510] acc (v/n): 51.5% (83.2% 66.9%) recall (v/n): 29.0% (43.5% 51.1%) [mem: 2.02e+04] [data: 38.4 ms]
[INFO    ][2026-09-20 11:41:53][root                ][train_one_epoch          ] [  520] acc (v/n): 51.5% (83.2% 66.8%) recall (v/n): 29.0% (43.5% 50.9%) [mem: 2.02e+04] [data: 38.0 ms]
[INFO    ][2026-09-20 11:42:37][root                ][train_one_epoch          ] [  524] acc (v/n): 51.5% (83.2% 66.8%) recall (v/n): 29.1% (43.6% 50.9%) [mem: 2.02e+04] [data: 37.9 ms]
[INFO    ][2026-09-20 11:42:40][root                ][main                     ] [val skipped] epoch 14 (evaluation.val_every=5)
[INFO    ][2026-09-20 11:42:40][root                ][main                     ] [   14] train acc (v/n): 51.5% (83.2% 66.8%) train recall (v/n): 29.1% (43.6% 50.9%) val acc (v/n): nan% (nan% nan%) val recall (v/n): nan% (nan% nan%) 
[INFO    ][2026-09-20 11:43:02][root                ][main                     ] Epoch 14
[INFO    ][2026-09-20 11:43:02][root                ][main                     ] Training...
[INFO    ][2026-09-20 11:43:44][root                ][train_one_epoch          ] [    0] acc (v/n): 53.1% (89.1% 64.1%) recall (v/n): 44.9% (78.4% 53.2%) [mem: 2.02e+04] [data: 11298.6 ms]
[INFO    ][2026-09-20 11:44:54][root                ][train_one_epoch          ] [   10] acc (v/n): 52.8% (87.1% 66.8%) recall (v/n): 39.5% (57.6% 51.6%) [mem: 2.02e+04] [data: 1042.3 ms]
[INFO    ][2026-09-20 11:46:01][root                ][train_one_epoch          ] [   20] acc (v/n): 54.8% (86.0% 68.2%) recall (v/n): 40.5% (44.8% 51.2%) [mem: 2.02e+04] [data: 553.9 ms]
[INFO    ][2026-09-20 11:47:08][root                ][train_one_epoch          ] [   30] acc (v/n): 54.9% (86.3% 68.4%) recall (v/n): 40.8% (43.0% 53.3%) [mem: 2.02e+04] [data: 380.5 ms]
[INFO    ][2026-09-20 11:48:14][root                ][train_one_epoch          ] [   40] acc (v/n): 55.6% (86.5% 68.8%) recall (v/n): 40.8% (43.7% 53.5%) [mem: 2.02e+04] [data: 291.8 ms]
[INFO    ][2026-09-20 11:49:20][root                ][train_one_epoch          ] [   50] acc (v/n): 55.5% (86.3% 68.8%) recall (v/n): 40.7% (43.1% 51.4%) [mem: 2.02e+04] [data: 237.8 ms]
[INFO    ][2026-09-20 11:50:27][root                ][train_one_epoch          ] [   60] acc (v/n): 55.5% (86.3% 68.9%) recall (v/n): 40.4% (43.5% 51.5%) [mem: 2.02e+04] [data: 201.5 ms]
[INFO    ][2026-09-20 11:51:34][root                ][train_one_epoch          ] [   70] acc (v/n): 54.8% (86.0% 68.3%) recall (v/n): 39.3% (41.6% 50.6%) [mem: 2.02e+04] [data: 175.5 ms]
[INFO    ][2026-09-20 11:52:40][root                ][train_one_epoch          ] [   80] acc (v/n): 55.0% (85.9% 68.3%) recall (v/n): 39.1% (41.4% 50.9%) [mem: 2.02e+04] [data: 155.9 ms]
[INFO    ][2026-09-20 11:53:47][root                ][train_one_epoch          ] [   90] acc (v/n): 54.9% (85.9% 68.1%) recall (v/n): 38.9% (41.3% 51.2%) [mem: 2.02e+04] [data: 140.6 ms]
[INFO    ][2026-09-20 11:54:54][root                ][train_one_epoch          ] [  100] acc (v/n): 55.1% (85.8% 68.2%) recall (v/n): 39.1% (42.7% 51.7%) [mem: 2.02e+04] [data: 128.3 ms]
[INFO    ][2026-09-20 11:56:01][root                ][train_one_epoch          ] [  110] acc (v/n): 54.9% (85.5% 68.0%) recall (v/n): 38.3% (41.9% 50.8%) [mem: 2.02e+04] [data: 118.2 ms]
[INFO    ][2026-09-20 11:57:07][root                ][train_one_epoch          ] [  120] acc (v/n): 54.6% (85.2% 67.7%) recall (v/n): 38.4% (42.3% 51.2%) [mem: 2.02e+04] [data: 109.8 ms]
[INFO    ][2026-09-20 11:58:14][root                ][train_one_epoch          ] [  130] acc (v/n): 54.5% (85.1% 67.6%) recall (v/n): 38.4% (43.3% 51.1%) [mem: 2.02e+04] [data: 102.7 ms]
[INFO    ][2026-09-20 11:59:20][root                ][train_one_epoch          ] [  140] acc (v/n): 54.6% (85.1% 67.8%) recall (v/n): 38.2% (44.6% 51.4%) [mem: 2.02e+04] [data: 96.6 ms]
[INFO    ][2026-09-20 12:00:27][root                ][train_one_epoch          ] [  150] acc (v/n): 54.8% (85.1% 68.0%) recall (v/n): 38.6% (43.9% 51.2%) [mem: 2.02e+04] [data: 91.3 ms]
[INFO    ][2026-09-20 12:01:34][root                ][train_one_epoch          ] [  160] acc (v/n): 55.1% (85.1% 68.2%) recall (v/n): 38.7% (44.5% 51.9%) [mem: 2.02e+04] [data: 86.7 ms]
[INFO    ][2026-09-20 12:02:41][root                ][train_one_epoch          ] [  170] acc (v/n): 55.1% (85.2% 68.4%) recall (v/n): 38.4% (45.1% 51.4%) [mem: 2.02e+04] [data: 82.6 ms]
[INFO    ][2026-09-20 12:03:49][root                ][train_one_epoch          ] [  180] acc (v/n): 55.2% (85.2% 68.5%) recall (v/n): 38.5% (45.4% 51.9%) [mem: 2.02e+04] [data: 79.0 ms]
[INFO    ][2026-09-20 12:04:56][root                ][train_one_epoch          ] [  190] acc (v/n): 55.3% (85.1% 68.7%) recall (v/n): 38.2% (44.3% 52.2%) [mem: 2.02e+04] [data: 75.7 ms]
[INFO    ][2026-09-20 12:06:02][root                ][train_one_epoch          ] [  200] acc (v/n): 55.5% (85.1% 69.0%) recall (v/n): 38.3% (44.1% 52.7%) [mem: 2.02e+04] [data: 72.8 ms]
[INFO    ][2026-09-20 12:07:09][root                ][train_one_epoch          ] [  210] acc (v/n): 55.6% (85.1% 69.1%) recall (v/n): 38.5% (44.7% 52.6%) [mem: 2.02e+04] [data: 70.1 ms]
[INFO    ][2026-09-20 12:08:14][root                ][train_one_epoch          ] [  220] acc (v/n): 55.5% (85.0% 69.1%) recall (v/n): 38.5% (44.8% 53.0%) [mem: 2.02e+04] [data: 67.7 ms]
[INFO    ][2026-09-20 12:09:20][root                ][train_one_epoch          ] [  230] acc (v/n): 55.5% (85.0% 69.1%) recall (v/n): 38.8% (45.4% 53.0%) [mem: 2.02e+04] [data: 65.5 ms]
[INFO    ][2026-09-20 12:10:26][root                ][train_one_epoch          ] [  240] acc (v/n): 55.6% (85.0% 69.1%) recall (v/n): 38.7% (45.5% 53.0%) [mem: 2.02e+04] [data: 63.5 ms]
[INFO    ][2026-09-20 12:11:32][root                ][train_one_epoch          ] [  250] acc (v/n): 55.5% (84.8% 69.0%) recall (v/n): 38.3% (45.5% 52.8%) [mem: 2.02e+04] [data: 61.6 ms]
[INFO    ][2026-09-20 12:12:37][root                ][train_one_epoch          ] [  260] acc (v/n): 55.3% (84.7% 68.9%) recall (v/n): 38.4% (45.6% 53.4%) [mem: 2.02e+04] [data: 59.8 ms]
[INFO    ][2026-09-20 12:13:43][root                ][train_one_epoch          ] [  270] acc (v/n): 55.3% (84.7% 69.0%) recall (v/n): 38.6% (44.8% 53.8%) [mem: 2.02e+04] [data: 58.2 ms]
[INFO    ][2026-09-20 12:14:49][root                ][train_one_epoch          ] [  280] acc (v/n): 55.4% (84.6% 69.0%) recall (v/n): 38.7% (45.0% 54.2%) [mem: 2.02e+04] [data: 56.8 ms]
[INFO    ][2026-09-20 12:15:55][root                ][train_one_epoch          ] [  290] acc (v/n): 55.3% (84.6% 69.0%) recall (v/n): 38.5% (44.9% 54.2%) [mem: 2.02e+04] [data: 55.4 ms]
[INFO    ][2026-09-20 12:17:01][root                ][train_one_epoch          ] [  300] acc (v/n): 55.3% (84.5% 68.9%) recall (v/n): 38.4% (45.1% 54.6%) [mem: 2.02e+04] [data: 54.1 ms]
[INFO    ][2026-09-20 12:18:07][root                ][train_one_epoch          ] [  310] acc (v/n): 55.3% (84.5% 68.9%) recall (v/n): 38.3% (45.5% 54.6%) [mem: 2.02e+04] [data: 52.9 ms]
[INFO    ][2026-09-20 12:19:12][root                ][train_one_epoch          ] [  320] acc (v/n): 55.3% (84.5% 68.9%) recall (v/n): 38.2% (45.5% 54.8%) [mem: 2.02e+04] [data: 51.7 ms]
[INFO    ][2026-09-20 12:20:17][root                ][train_one_epoch          ] [  330] acc (v/n): 55.4% (84.6% 69.0%) recall (v/n): 38.1% (45.6% 54.8%) [mem: 2.02e+04] [data: 50.6 ms]
[INFO    ][2026-09-20 12:21:23][root                ][train_one_epoch          ] [  340] acc (v/n): 55.3% (84.6% 69.0%) recall (v/n): 38.0% (45.8% 55.2%) [mem: 2.02e+04] [data: 49.6 ms]
[INFO    ][2026-09-20 12:22:29][root                ][train_one_epoch          ] [  350] acc (v/n): 55.4% (84.7% 69.0%) recall (v/n): 37.9% (45.6% 55.2%) [mem: 2.02e+04] [data: 48.7 ms]
[INFO    ][2026-09-20 12:23:35][root                ][train_one_epoch          ] [  360] acc (v/n): 55.4% (84.7% 69.0%) recall (v/n): 37.9% (45.6% 55.2%) [mem: 2.02e+04] [data: 47.8 ms]
[INFO    ][2026-09-20 12:24:41][root                ][train_one_epoch          ] [  370] acc (v/n): 55.3% (84.7% 69.0%) recall (v/n): 37.7% (45.9% 55.2%) [mem: 2.02e+04] [data: 47.0 ms]
[INFO    ][2026-09-20 12:25:46][root                ][train_one_epoch          ] [  380] acc (v/n): 55.3% (84.6% 69.0%) recall (v/n): 37.7% (45.2% 55.4%) [mem: 2.02e+04] [data: 46.2 ms]
[INFO    ][2026-09-20 12:26:51][root                ][train_one_epoch          ] [  390] acc (v/n): 55.3% (84.5% 69.0%) recall (v/n): 37.4% (45.3% 55.3%) [mem: 2.02e+04] [data: 45.4 ms]
[INFO    ][2026-09-20 12:27:57][root                ][train_one_epoch          ] [  400] acc (v/n): 55.3% (84.6% 69.1%) recall (v/n): 37.4% (45.2% 55.3%) [mem: 2.02e+04] [data: 44.7 ms]
[INFO    ][2026-09-20 12:29:37][root                ][train_one_epoch          ] [  410] acc (v/n): 55.2% (84.5% 69.0%) recall (v/n): 37.3% (45.0% 55.1%) [mem: 2.02e+04] [data: 44.0 ms]
[INFO    ][2026-09-20 12:30:41][root                ][train_one_epoch          ] [  420] acc (v/n): 55.1% (84.5% 68.9%) recall (v/n): 37.4% (44.9% 55.1%) [mem: 2.02e+04] [data: 43.3 ms]
[INFO    ][2026-09-20 12:31:46][root                ][train_one_epoch          ] [  430] acc (v/n): 55.1% (84.5% 68.9%) recall (v/n): 37.4% (44.8% 55.0%) [mem: 2.02e+04] [data: 42.7 ms]
[INFO    ][2026-09-20 12:32:50][root                ][train_one_epoch          ] [  440] acc (v/n): 55.2% (84.5% 68.9%) recall (v/n): 37.3% (44.6% 54.9%) [mem: 2.02e+04] [data: 42.1 ms]
[INFO    ][2026-09-20 12:33:53][root                ][train_one_epoch          ] [  450] acc (v/n): 55.2% (84.5% 69.0%) recall (v/n): 37.3% (44.5% 55.0%) [mem: 2.02e+04] [data: 41.5 ms]
[INFO    ][2026-09-20 12:35:25][root                ][train_one_epoch          ] [  460] acc (v/n): 55.1% (84.4% 69.0%) recall (v/n): 37.4% (44.4% 55.5%) [mem: 2.02e+04] [data: 41.0 ms]
[INFO    ][2026-09-20 12:37:05][root                ][train_one_epoch          ] [  470] acc (v/n): 55.2% (84.3% 69.0%) recall (v/n): 37.4% (44.4% 55.1%) [mem: 2.02e+04] [data: 113.2 ms]
[INFO    ][2026-09-20 12:38:08][root                ][train_one_epoch          ] [  480] acc (v/n): 55.1% (84.3% 69.0%) recall (v/n): 37.2% (45.1% 55.4%) [mem: 2.02e+04] [data: 111.2 ms]
[INFO    ][2026-09-20 12:39:12][root                ][train_one_epoch          ] [  490] acc (v/n): 55.1% (84.2% 69.0%) recall (v/n): 37.1% (45.5% 55.4%) [mem: 2.02e+04] [data: 109.3 ms]
[INFO    ][2026-09-20 12:40:16][root                ][train_one_epoch          ] [  500] acc (v/n): 55.1% (84.2% 69.0%) recall (v/n): 37.0% (45.4% 55.5%) [mem: 2.02e+04] [data: 107.4 ms]
[INFO    ][2026-09-20 12:42:13][root                ][train_one_epoch          ] [  510] acc (v/n): 55.0% (84.2% 68.9%) recall (v/n): 37.0% (45.4% 55.4%) [mem: 2.02e+04] [data: 105.6 ms]
[INFO    ][2026-09-20 12:43:37][root                ][train_one_epoch          ] [  520] acc (v/n): 55.0% (84.2% 68.9%) recall (v/n): 37.0% (45.8% 55.2%) [mem: 2.02e+04] [data: 103.9 ms]
[INFO    ][2026-09-20 12:44:41][root                ][train_one_epoch          ] [  524] acc (v/n): 55.1% (84.2% 68.9%) recall (v/n): 37.1% (46.1% 55.2%) [mem: 2.02e+04] [data: 103.3 ms]
[INFO    ][2026-09-20 12:45:18][root                ][validate_exact           ] [exact val] itr 0  clips so far (this rank) 16
[INFO    ][2026-09-20 12:47:19][root                ][validate_exact           ] [exact val] itr 50  clips so far (this rank) 796
[INFO    ][2026-09-20 12:49:27][root                ][validate_exact           ] [exact val] itr 100  clips so far (this rank) 1573
[INFO    ][2026-09-20 12:50:38][root                ][main                     ] [exact val] epoch 15  n_clips 9296/9296  mean class recall@5  action 17.68  verb 30.03  noun 33.96
[INFO    ][2026-09-20 12:50:38][root                ][main                     ] [   15] train acc (v/n): 55.1% (84.2% 68.9%) train recall (v/n): 37.1% (46.1% 55.2%) val acc (v/n): 40.0% (81.4% 58.2%) val recall (v/n): 17.7% (30.0% 34.0%) 
[INFO    ][2026-09-20 12:50:59][root                ][main                     ] Epoch 15
[INFO    ][2026-09-20 12:50:59][root                ][main                     ] Training...
[INFO    ][2026-09-20 12:51:42][root                ][train_one_epoch          ] [    0] acc (v/n): 60.9% (85.2% 71.1%) recall (v/n): 54.9% (63.4% 65.3%) [mem: 2.02e+04] [data: 11470.1 ms]
[INFO    ][2026-09-20 12:52:50][root                ][train_one_epoch          ] [   10] acc (v/n): 58.9% (86.4% 68.0%) recall (v/n): 47.3% (45.6% 51.5%) [mem: 2.02e+04] [data: 1058.0 ms]
[INFO    ][2026-09-20 12:53:56][root                ][train_one_epoch          ] [   20] acc (v/n): 57.3% (85.1% 67.8%) recall (v/n): 44.9% (44.9% 49.9%) [mem: 2.02e+04] [data: 562.1 ms]
[INFO    ][2026-09-20 12:55:01][root                ][train_one_epoch          ] [   30] acc (v/n): 57.2% (85.3% 68.9%) recall (v/n): 45.1% (47.9% 52.4%) [mem: 2.02e+04] [data: 386.5 ms]
[INFO    ][2026-09-20 12:56:08][root                ][train_one_epoch          ] [   40] acc (v/n): 57.2% (85.1% 69.0%) recall (v/n): 44.7% (44.6% 51.4%) [mem: 2.02e+04] [data: 296.3 ms]
[INFO    ][2026-09-20 12:57:15][root                ][train_one_epoch          ] [   50] acc (v/n): 57.3% (85.1% 69.0%) recall (v/n): 45.1% (46.7% 53.0%) [mem: 2.02e+04] [data: 241.4 ms]
[INFO    ][2026-09-20 12:58:22][root                ][train_one_epoch          ] [   60] acc (v/n): 57.9% (85.2% 69.7%) recall (v/n): 45.2% (48.5% 52.4%) [mem: 2.02e+04] [data: 204.6 ms]
[INFO    ][2026-09-20 12:59:28][root                ][train_one_epoch          ] [   70] acc (v/n): 58.1% (85.1% 70.2%) recall (v/n): 45.6% (48.2% 53.9%) [mem: 2.02e+04] [data: 178.1 ms]
[INFO    ][2026-09-20 13:00:36][root                ][train_one_epoch          ] [   80] acc (v/n): 58.5% (85.1% 70.7%) recall (v/n): 46.0% (48.6% 54.6%) [mem: 2.02e+04] [data: 158.2 ms]
[INFO    ][2026-09-20 13:01:43][root                ][train_one_epoch          ] [   90] acc (v/n): 58.6% (85.0% 70.8%) recall (v/n): 46.1% (48.1% 55.1%) [mem: 2.02e+04] [data: 142.6 ms]
[INFO    ][2026-09-20 13:02:51][root                ][train_one_epoch          ] [  100] acc (v/n): 59.1% (85.2% 71.3%) recall (v/n): 46.3% (48.9% 55.9%) [mem: 2.02e+04] [data: 130.1 ms]
[INFO    ][2026-09-20 13:03:58][root                ][train_one_epoch          ] [  110] acc (v/n): 59.3% (85.3% 71.7%) recall (v/n): 46.7% (49.6% 56.2%) [mem: 2.02e+04] [data: 119.9 ms]
[INFO    ][2026-09-20 13:05:05][root                ][train_one_epoch          ] [  120] acc (v/n): 59.3% (85.2% 71.9%) recall (v/n): 46.7% (49.7% 56.0%) [mem: 2.02e+04] [data: 111.3 ms]
[INFO    ][2026-09-20 13:06:13][root                ][train_one_epoch          ] [  130] acc (v/n): 59.1% (85.1% 72.0%) recall (v/n): 46.0% (48.4% 55.7%) [mem: 2.02e+04] [data: 104.1 ms]
[INFO    ][2026-09-20 13:07:20][root                ][train_one_epoch          ] [  140] acc (v/n): 59.0% (85.1% 71.9%) recall (v/n): 45.8% (49.1% 56.0%) [mem: 2.02e+04] [data: 97.9 ms]
[INFO    ][2026-09-20 13:08:28][root                ][train_one_epoch          ] [  150] acc (v/n): 59.1% (85.1% 71.8%) recall (v/n): 45.3% (49.2% 56.1%) [mem: 2.02e+04] [data: 92.5 ms]
[INFO    ][2026-09-20 13:09:35][root                ][train_one_epoch          ] [  160] acc (v/n): 59.4% (85.1% 72.1%) recall (v/n): 45.1% (49.1% 56.5%) [mem: 2.02e+04] [data: 87.8 ms]
[INFO    ][2026-09-20 13:10:43][root                ][train_one_epoch          ] [  170] acc (v/n): 59.4% (85.3% 72.3%) recall (v/n): 45.1% (48.9% 56.2%) [mem: 2.02e+04] [data: 83.6 ms]
[INFO    ][2026-09-20 13:11:50][root                ][train_one_epoch          ] [  180] acc (v/n): 59.4% (85.3% 72.3%) recall (v/n): 45.0% (48.6% 56.2%) [mem: 2.02e+04] [data: 79.9 ms]
[INFO    ][2026-09-20 13:12:56][root                ][train_one_epoch          ] [  190] acc (v/n): 59.3% (85.3% 72.2%) recall (v/n): 44.7% (48.4% 55.9%) [mem: 2.02e+04] [data: 76.6 ms]
[INFO    ][2026-09-20 13:14:03][root                ][train_one_epoch          ] [  200] acc (v/n): 59.2% (85.5% 72.2%) recall (v/n): 44.7% (48.4% 56.2%) [mem: 2.02e+04] [data: 73.6 ms]
[INFO    ][2026-09-20 13:15:11][root                ][train_one_epoch          ] [  210] acc (v/n): 59.1% (85.5% 72.0%) recall (v/n): 44.6% (48.5% 55.7%) [mem: 2.02e+04] [data: 70.8 ms]
[INFO    ][2026-09-20 13:16:18][root                ][train_one_epoch          ] [  220] acc (v/n): 59.1% (85.6% 71.9%) recall (v/n): 44.6% (49.0% 55.3%) [mem: 2.02e+04] [data: 68.4 ms]
[INFO    ][2026-09-20 13:17:26][root                ][train_one_epoch          ] [  230] acc (v/n): 59.0% (85.6% 71.9%) recall (v/n): 44.5% (48.7% 54.7%) [mem: 2.02e+04] [data: 66.1 ms]
[INFO    ][2026-09-20 13:18:34][root                ][train_one_epoch          ] [  240] acc (v/n): 59.0% (85.6% 71.9%) recall (v/n): 44.4% (48.9% 54.9%) [mem: 2.02e+04] [data: 64.1 ms]
[INFO    ][2026-09-20 13:19:41][root                ][train_one_epoch          ] [  250] acc (v/n): 59.1% (85.6% 71.9%) recall (v/n): 44.4% (49.3% 55.0%) [mem: 2.02e+04] [data: 62.2 ms]
[INFO    ][2026-09-20 13:20:48][root                ][train_one_epoch          ] [  260] acc (v/n): 59.1% (85.7% 71.9%) recall (v/n): 44.7% (49.0% 55.1%) [mem: 2.02e+04] [data: 60.4 ms]
[INFO    ][2026-09-20 13:21:56][root                ][train_one_epoch          ] [  270] acc (v/n): 59.1% (85.6% 71.9%) recall (v/n): 44.7% (49.2% 55.5%) [mem: 2.02e+04] [data: 58.8 ms]
[INFO    ][2026-09-20 13:23:03][root                ][train_one_epoch          ] [  280] acc (v/n): 58.9% (85.6% 71.7%) recall (v/n): 44.5% (48.8% 55.9%) [mem: 2.02e+04] [data: 57.3 ms]
[INFO    ][2026-09-20 13:24:11][root                ][train_one_epoch          ] [  290] acc (v/n): 59.0% (85.6% 71.7%) recall (v/n): 44.3% (49.1% 56.5%) [mem: 2.02e+04] [data: 55.9 ms]
[INFO    ][2026-09-20 13:25:17][root                ][train_one_epoch          ] [  300] acc (v/n): 58.9% (85.6% 71.7%) recall (v/n): 44.3% (49.2% 56.6%) [mem: 2.02e+04] [data: 54.6 ms]
[INFO    ][2026-09-20 13:26:25][root                ][train_one_epoch          ] [  310] acc (v/n): 58.9% (85.5% 71.6%) recall (v/n): 44.3% (49.3% 57.2%) [mem: 2.02e+04] [data: 53.4 ms]
[INFO    ][2026-09-20 13:27:32][root                ][train_one_epoch          ] [  320] acc (v/n): 58.8% (85.5% 71.6%) recall (v/n): 44.3% (49.1% 57.5%) [mem: 2.02e+04] [data: 52.2 ms]
[INFO    ][2026-09-20 13:28:38][root                ][train_one_epoch          ] [  330] acc (v/n): 58.8% (85.5% 71.6%) recall (v/n): 44.2% (49.2% 57.7%) [mem: 2.02e+04] [data: 51.2 ms]
[INFO    ][2026-09-20 13:29:44][root                ][train_one_epoch          ] [  340] acc (v/n): 58.7% (85.5% 71.5%) recall (v/n): 43.9% (49.1% 58.0%) [mem: 2.02e+04] [data: 50.2 ms]
[INFO    ][2026-09-20 13:30:50][root                ][train_one_epoch          ] [  350] acc (v/n): 58.6% (85.5% 71.3%) recall (v/n): 43.9% (49.0% 58.5%) [mem: 2.02e+04] [data: 49.2 ms]
[INFO    ][2026-09-20 13:31:56][root                ][train_one_epoch          ] [  360] acc (v/n): 58.6% (85.6% 71.3%) recall (v/n): 44.1% (48.4% 58.6%) [mem: 2.02e+04] [data: 48.3 ms]
[INFO    ][2026-09-20 13:33:02][root                ][train_one_epoch          ] [  370] acc (v/n): 58.7% (85.6% 71.4%) recall (v/n): 44.2% (48.6% 58.6%) [mem: 2.02e+04] [data: 47.4 ms]
[INFO    ][2026-09-20 13:34:08][root                ][train_one_epoch          ] [  380] acc (v/n): 58.7% (85.6% 71.4%) recall (v/n): 44.0% (48.5% 58.5%) [mem: 2.02e+04] [data: 46.6 ms]
[INFO    ][2026-09-20 13:35:14][root                ][train_one_epoch          ] [  390] acc (v/n): 58.8% (85.6% 71.4%) recall (v/n): 44.1% (48.5% 58.2%) [mem: 2.02e+04] [data: 45.9 ms]
[INFO    ][2026-09-20 13:36:20][root                ][train_one_epoch          ] [  400] acc (v/n): 58.8% (85.6% 71.4%) recall (v/n): 44.2% (48.5% 58.6%) [mem: 2.02e+04] [data: 45.1 ms]
[INFO    ][2026-09-20 13:37:30][root                ][train_one_epoch          ] [  410] acc (v/n): 58.8% (85.6% 71.4%) recall (v/n): 44.2% (49.0% 58.8%) [mem: 2.02e+04] [data: 44.4 ms]
[INFO    ][2026-09-20 13:39:07][root                ][train_one_epoch          ] [  420] acc (v/n): 58.7% (85.5% 71.4%) recall (v/n): 44.3% (48.7% 58.5%) [mem: 2.02e+04] [data: 43.8 ms]
[INFO    ][2026-09-20 13:40:44][root                ][train_one_epoch          ] [  430] acc (v/n): 58.6% (85.5% 71.3%) recall (v/n): 44.3% (48.6% 58.5%) [mem: 2.02e+04] [data: 43.2 ms]
[INFO    ][2026-09-20 13:42:26][root                ][train_one_epoch          ] [  440] acc (v/n): 58.5% (85.4% 71.3%) recall (v/n): 44.0% (48.8% 58.4%) [mem: 2.02e+04] [data: 42.6 ms]
[INFO    ][2026-09-20 13:44:18][root                ][train_one_epoch          ] [  450] acc (v/n): 58.4% (85.3% 71.2%) recall (v/n): 44.1% (49.0% 58.2%) [mem: 2.02e+04] [data: 42.0 ms]
[INFO    ][2026-09-20 13:45:57][root                ][train_one_epoch          ] [  460] acc (v/n): 58.4% (85.3% 71.2%) recall (v/n): 44.0% (49.2% 58.1%) [mem: 2.02e+04] [data: 41.4 ms]
[INFO    ][2026-09-20 13:47:43][root                ][train_one_epoch          ] [  470] acc (v/n): 58.4% (85.2% 71.1%) recall (v/n): 44.1% (49.1% 58.2%) [mem: 2.02e+04] [data: 40.9 ms]
[INFO    ][2026-09-20 13:48:47][root                ][train_one_epoch          ] [  480] acc (v/n): 58.4% (85.2% 71.1%) recall (v/n): 44.2% (49.2% 58.5%) [mem: 2.02e+04] [data: 40.4 ms]
[INFO    ][2026-09-20 13:49:55][root                ][train_one_epoch          ] [  490] acc (v/n): 58.5% (85.2% 71.2%) recall (v/n): 44.3% (49.1% 58.5%) [mem: 2.02e+04] [data: 39.9 ms]
[INFO    ][2026-09-20 13:51:30][root                ][train_one_epoch          ] [  500] acc (v/n): 58.4% (85.1% 71.1%) recall (v/n): 44.2% (49.0% 58.3%) [mem: 2.02e+04] [data: 99.5 ms]
[INFO    ][2026-09-20 13:53:50][root                ][train_one_epoch          ] [  510] acc (v/n): 58.5% (85.2% 71.2%) recall (v/n): 44.2% (49.2% 58.4%) [mem: 2.02e+04] [data: 202.1 ms]
[INFO    ][2026-09-20 13:56:03][root                ][train_one_epoch          ] [  520] acc (v/n): 58.6% (85.2% 71.2%) recall (v/n): 44.3% (49.3% 58.3%) [mem: 2.02e+04] [data: 332.6 ms]
[INFO    ][2026-09-20 13:56:54][root                ][train_one_epoch          ] [  524] acc (v/n): 58.6% (85.2% 71.2%) recall (v/n): 44.4% (48.7% 58.3%) [mem: 2.02e+04] [data: 380.3 ms]
[INFO    ][2026-09-20 13:56:59][root                ][main                     ] [val skipped] epoch 16 (evaluation.val_every=5)
[INFO    ][2026-09-20 13:56:59][root                ][main                     ] [   16] train acc (v/n): 58.6% (85.2% 71.2%) train recall (v/n): 44.4% (48.7% 58.3%) val acc (v/n): nan% (nan% nan%) val recall (v/n): nan% (nan% nan%) 
[INFO    ][2026-09-20 13:57:20][root                ][main                     ] Epoch 16
[INFO    ][2026-09-20 13:57:20][root                ][main                     ] Training...
[INFO    ][2026-09-20 13:58:04][root                ][train_one_epoch          ] [    0] acc (v/n): 53.1% (85.9% 69.5%) recall (v/n): 50.7% (70.3% 60.7%) [mem: 2.02e+04] [data: 11593.6 ms]
[INFO    ][2026-09-20 13:59:12][root                ][train_one_epoch          ] [   10] acc (v/n): 56.3% (85.8% 66.1%) recall (v/n): 46.6% (58.2% 54.1%) [mem: 2.02e+04] [data: 1069.0 ms]
[INFO    ][2026-09-20 14:00:19][root                ][train_one_epoch          ] [   20] acc (v/n): 57.3% (86.3% 67.8%) recall (v/n): 47.7% (53.7% 54.4%) [mem: 2.02e+04] [data: 568.2 ms]
[INFO    ][2026-09-20 14:01:27][root                ][train_one_epoch          ] [   30] acc (v/n): 58.3% (86.9% 69.2%) recall (v/n): 49.2% (51.3% 57.3%) [mem: 2.02e+04] [data: 390.3 ms]
[INFO    ][2026-09-20 14:02:33][root                ][train_one_epoch          ] [   40] acc (v/n): 59.7% (86.9% 70.5%) recall (v/n): 49.7% (53.0% 56.8%) [mem: 2.02e+04] [data: 299.1 ms]
[INFO    ][2026-09-20 14:03:39][root                ][train_one_epoch          ] [   50] acc (v/n): 60.4% (87.1% 71.0%) recall (v/n): 49.9% (52.6% 57.4%) [mem: 2.02e+04] [data: 243.7 ms]
[INFO    ][2026-09-20 14:04:46][root                ][train_one_epoch          ] [   60] acc (v/n): 60.6% (87.4% 71.3%) recall (v/n): 49.6% (50.4% 56.9%) [mem: 2.02e+04] [data: 206.5 ms]
[INFO    ][2026-09-20 14:05:52][root                ][train_one_epoch          ] [   70] acc (v/n): 60.7% (87.3% 71.4%) recall (v/n): 50.0% (52.2% 57.9%) [mem: 2.02e+04] [data: 179.8 ms]
[INFO    ][2026-09-20 14:06:58][root                ][train_one_epoch          ] [   80] acc (v/n): 60.8% (87.1% 71.5%) recall (v/n): 51.7% (53.4% 58.2%) [mem: 2.02e+04] [data: 159.6 ms]
[INFO    ][2026-09-20 14:08:05][root                ][train_one_epoch          ] [   90] acc (v/n): 61.2% (86.9% 71.8%) recall (v/n): 52.1% (53.3% 58.2%) [mem: 2.02e+04] [data: 143.9 ms]
[INFO    ][2026-09-20 14:09:12][root                ][train_one_epoch          ] [  100] acc (v/n): 61.2% (86.8% 72.0%) recall (v/n): 52.1% (52.8% 58.4%) [mem: 2.02e+04] [data: 131.3 ms]
[INFO    ][2026-09-20 14:10:19][root                ][train_one_epoch          ] [  110] acc (v/n): 61.5% (86.8% 72.4%) recall (v/n): 51.7% (52.7% 59.1%) [mem: 2.02e+04] [data: 121.0 ms]
[INFO    ][2026-09-20 14:11:26][root                ][train_one_epoch          ] [  120] acc (v/n): 61.6% (86.7% 72.3%) recall (v/n): 51.9% (52.8% 59.4%) [mem: 2.02e+04] [data: 112.4 ms]
[INFO    ][2026-09-20 14:12:33][root                ][train_one_epoch          ] [  130] acc (v/n): 61.6% (86.5% 72.4%) recall (v/n): 51.6% (53.3% 60.1%) [mem: 2.02e+04] [data: 105.1 ms]
[INFO    ][2026-09-20 14:13:41][root                ][train_one_epoch          ] [  140] acc (v/n): 61.7% (86.5% 72.5%) recall (v/n): 51.7% (52.9% 59.9%) [mem: 2.02e+04] [data: 98.8 ms]
[INFO    ][2026-09-20 14:14:48][root                ][train_one_epoch          ] [  150] acc (v/n): 61.7% (86.3% 72.6%) recall (v/n): 52.1% (52.2% 60.4%) [mem: 2.02e+04] [data: 93.3 ms]
[INFO    ][2026-09-20 14:15:56][root                ][train_one_epoch          ] [  160] acc (v/n): 61.9% (86.4% 72.7%) recall (v/n): 51.9% (52.7% 60.9%) [mem: 2.02e+04] [data: 88.6 ms]
[INFO    ][2026-09-20 14:17:03][root                ][train_one_epoch          ] [  170] acc (v/n): 62.0% (86.5% 73.0%) recall (v/n): 51.8% (53.4% 61.3%) [mem: 2.02e+04] [data: 84.4 ms]
[INFO    ][2026-09-20 14:18:10][root                ][train_one_epoch          ] [  180] acc (v/n): 61.9% (86.5% 72.9%) recall (v/n): 51.7% (52.9% 61.8%) [mem: 2.02e+04] [data: 80.6 ms]
[INFO    ][2026-09-20 14:19:16][root                ][train_one_epoch          ] [  190] acc (v/n): 61.8% (86.6% 72.8%) recall (v/n): 51.1% (53.2% 61.7%) [mem: 2.02e+04] [data: 77.3 ms]
[INFO    ][2026-09-20 14:20:22][root                ][train_one_epoch          ] [  200] acc (v/n): 61.9% (86.5% 72.9%) recall (v/n): 51.2% (53.5% 61.2%) [mem: 2.02e+04] [data: 74.2 ms]
[INFO    ][2026-09-20 14:21:29][root                ][train_one_epoch          ] [  210] acc (v/n): 61.8% (86.4% 72.9%) recall (v/n): 51.4% (53.3% 61.5%) [mem: 2.02e+04] [data: 71.5 ms]
[INFO    ][2026-09-20 14:22:37][root                ][train_one_epoch          ] [  220] acc (v/n): 61.8% (86.4% 72.9%) recall (v/n): 51.2% (53.4% 61.0%) [mem: 2.02e+04] [data: 69.0 ms]
[INFO    ][2026-09-20 14:23:44][root                ][train_one_epoch          ] [  230] acc (v/n): 61.8% (86.4% 72.9%) recall (v/n): 51.2% (52.6% 61.5%) [mem: 2.02e+04] [data: 66.9 ms]
[INFO    ][2026-09-20 14:24:51][root                ][train_one_epoch          ] [  240] acc (v/n): 61.7% (86.3% 72.9%) recall (v/n): 51.0% (52.6% 61.5%) [mem: 2.02e+04] [data: 64.8 ms]
[INFO    ][2026-09-20 14:25:58][root                ][train_one_epoch          ] [  250] acc (v/n): 61.7% (86.2% 72.9%) recall (v/n): 51.0% (52.9% 61.3%) [mem: 2.02e+04] [data: 62.9 ms]
[INFO    ][2026-09-20 14:27:05][root                ][train_one_epoch          ] [  260] acc (v/n): 61.6% (86.1% 72.9%) recall (v/n): 50.9% (52.8% 61.7%) [mem: 2.02e+04] [data: 61.1 ms]
[INFO    ][2026-09-20 14:28:12][root                ][train_one_epoch          ] [  270] acc (v/n): 61.5% (86.0% 72.9%) recall (v/n): 50.9% (52.8% 61.6%) [mem: 2.02e+04] [data: 59.5 ms]
[INFO    ][2026-09-20 14:29:19][root                ][train_one_epoch          ] [  280] acc (v/n): 61.3% (86.0% 72.8%) recall (v/n): 50.8% (52.5% 61.0%) [mem: 2.02e+04] [data: 57.9 ms]
[INFO    ][2026-09-20 14:30:25][root                ][train_one_epoch          ] [  290] acc (v/n): 61.4% (85.9% 72.8%) recall (v/n): 50.8% (51.8% 61.2%) [mem: 2.02e+04] [data: 56.5 ms]
[INFO    ][2026-09-20 14:31:32][root                ][train_one_epoch          ] [  300] acc (v/n): 61.2% (85.9% 72.8%) recall (v/n): 50.8% (52.1% 61.3%) [mem: 2.02e+04] [data: 55.2 ms]
[INFO    ][2026-09-20 14:32:40][root                ][train_one_epoch          ] [  310] acc (v/n): 61.2% (85.8% 72.7%) recall (v/n): 50.6% (51.6% 61.2%) [mem: 2.02e+04] [data: 53.9 ms]
[INFO    ][2026-09-20 14:33:47][root                ][train_one_epoch          ] [  320] acc (v/n): 61.2% (85.8% 72.7%) recall (v/n): 50.6% (51.6% 60.9%) [mem: 2.02e+04] [data: 52.8 ms]
[INFO    ][2026-09-20 14:34:54][root                ][train_one_epoch          ] [  330] acc (v/n): 61.1% (85.8% 72.7%) recall (v/n): 50.4% (51.5% 60.9%) [mem: 2.02e+04] [data: 51.7 ms]
[INFO    ][2026-09-20 14:36:01][root                ][train_one_epoch          ] [  340] acc (v/n): 61.1% (85.7% 72.8%) recall (v/n): 50.4% (52.2% 61.1%) [mem: 2.02e+04] [data: 50.7 ms]
[INFO    ][2026-09-20 14:37:07][root                ][train_one_epoch          ] [  350] acc (v/n): 61.2% (85.8% 72.8%) recall (v/n): 50.5% (52.3% 61.2%) [mem: 2.02e+04] [data: 49.7 ms]
[INFO    ][2026-09-20 14:38:13][root                ][train_one_epoch          ] [  360] acc (v/n): 61.1% (85.7% 72.7%) recall (v/n): 50.3% (52.2% 61.1%) [mem: 2.02e+04] [data: 48.8 ms]
[INFO    ][2026-09-20 14:39:18][root                ][train_one_epoch          ] [  370] acc (v/n): 61.1% (85.7% 72.8%) recall (v/n): 50.3% (52.4% 61.2%) [mem: 2.02e+04] [data: 47.9 ms]
[INFO    ][2026-09-20 14:40:25][root                ][train_one_epoch          ] [  380] acc (v/n): 61.0% (85.6% 72.7%) recall (v/n): 50.2% (52.2% 60.7%) [mem: 2.02e+04] [data: 47.1 ms]
[INFO    ][2026-09-20 14:41:31][root                ][train_one_epoch          ] [  390] acc (v/n): 61.1% (85.6% 72.8%) recall (v/n): 50.5% (52.5% 61.4%) [mem: 2.02e+04] [data: 46.3 ms]
[INFO    ][2026-09-20 14:42:37][root                ][train_one_epoch          ] [  400] acc (v/n): 61.1% (85.5% 72.8%) recall (v/n): 50.3% (52.5% 61.4%) [mem: 2.02e+04] [data: 45.5 ms]
[INFO    ][2026-09-20 14:43:43][root                ][train_one_epoch          ] [  410] acc (v/n): 61.2% (85.5% 72.8%) recall (v/n): 50.6% (53.1% 61.4%) [mem: 2.02e+04] [data: 44.8 ms]
[INFO    ][2026-09-20 14:44:47][root                ][train_one_epoch          ] [  420] acc (v/n): 61.2% (85.5% 72.8%) recall (v/n): 50.8% (53.2% 61.9%) [mem: 2.02e+04] [data: 44.1 ms]
[INFO    ][2026-09-20 14:45:52][root                ][train_one_epoch          ] [  430] acc (v/n): 61.2% (85.4% 72.8%) recall (v/n): 50.6% (53.2% 62.0%) [mem: 2.02e+04] [data: 43.5 ms]
[INFO    ][2026-09-20 14:47:06][root                ][train_one_epoch          ] [  440] acc (v/n): 61.2% (85.4% 72.8%) recall (v/n): 50.7% (53.2% 62.7%) [mem: 2.02e+04] [data: 42.9 ms]
[INFO    ][2026-09-20 14:48:30][root                ][train_one_epoch          ] [  450] acc (v/n): 61.3% (85.4% 72.8%) recall (v/n): 50.8% (53.2% 62.4%) [mem: 2.02e+04] [data: 42.3 ms]
[INFO    ][2026-09-20 14:49:58][root                ][train_one_epoch          ] [  460] acc (v/n): 61.3% (85.5% 72.9%) recall (v/n): 50.8% (53.2% 62.6%) [mem: 2.02e+04] [data: 41.7 ms]
[INFO    ][2026-09-20 14:51:41][root                ][train_one_epoch          ] [  470] acc (v/n): 61.3% (85.5% 72.8%) recall (v/n): 50.8% (53.2% 62.7%) [mem: 2.02e+04] [data: 41.2 ms]
[INFO    ][2026-09-20 14:53:34][root                ][train_one_epoch          ] [  480] acc (v/n): 61.2% (85.4% 72.8%) recall (v/n): 50.8% (53.1% 62.5%) [mem: 2.02e+04] [data: 40.7 ms]
[INFO    ][2026-09-20 14:54:40][root                ][train_one_epoch          ] [  490] acc (v/n): 61.2% (85.4% 72.8%) recall (v/n): 50.7% (53.0% 62.5%) [mem: 2.02e+04] [data: 40.2 ms]
[INFO    ][2026-09-20 14:56:26][root                ][train_one_epoch          ] [  500] acc (v/n): 61.2% (85.4% 72.8%) recall (v/n): 50.7% (53.0% 62.4%) [mem: 2.02e+04] [data: 39.7 ms]
[INFO    ][2026-09-20 14:58:18][root                ][train_one_epoch          ] [  510] acc (v/n): 61.2% (85.5% 72.7%) recall (v/n): 50.6% (53.3% 62.2%) [mem: 2.02e+04] [data: 39.3 ms]
[INFO    ][2026-09-20 14:59:55][root                ][train_one_epoch          ] [  520] acc (v/n): 61.2% (85.5% 72.7%) recall (v/n): 50.8% (53.2% 62.3%) [mem: 2.02e+04] [data: 106.0 ms]
[INFO    ][2026-09-20 15:01:05][root                ][train_one_epoch          ] [  524] acc (v/n): 61.2% (85.6% 72.8%) recall (v/n): 50.7% (52.9% 62.5%) [mem: 2.02e+04] [data: 191.0 ms]
[INFO    ][2026-09-20 15:01:11][root                ][main                     ] [val skipped] epoch 17 (evaluation.val_every=5)
[INFO    ][2026-09-20 15:01:11][root                ][main                     ] [   17] train acc (v/n): 61.2% (85.6% 72.8%) train recall (v/n): 50.7% (52.9% 62.5%) val acc (v/n): nan% (nan% nan%) val recall (v/n): nan% (nan% nan%) 
[INFO    ][2026-09-20 15:01:32][root                ][main                     ] Epoch 17
[INFO    ][2026-09-20 15:01:32][root                ][main                     ] Training...
[INFO    ][2026-09-20 15:02:18][root                ][train_one_epoch          ] [    0] acc (v/n): 74.2% (91.4% 80.5%) recall (v/n): 69.2% (74.5% 66.7%) [mem: 2.02e+04] [data: 13292.0 ms]
[INFO    ][2026-09-20 15:03:25][root                ][train_one_epoch          ] [   10] acc (v/n): 63.3% (86.7% 73.0%) recall (v/n): 54.3% (51.3% 55.8%) [mem: 2.02e+04] [data: 1223.3 ms]
[INFO    ][2026-09-20 15:04:32][root                ][train_one_epoch          ] [   20] acc (v/n): 64.5% (87.2% 74.0%) recall (v/n): 54.8% (51.1% 57.1%) [mem: 2.02e+04] [data: 648.7 ms]
[INFO    ][2026-09-20 15:05:37][root                ][train_one_epoch          ] [   30] acc (v/n): 66.1% (87.1% 75.6%) recall (v/n): 56.9% (52.2% 60.1%) [mem: 2.02e+04] [data: 444.8 ms]
[INFO    ][2026-09-20 15:06:44][root                ][train_one_epoch          ] [   40] acc (v/n): 65.4% (87.2% 75.5%) recall (v/n): 55.7% (52.7% 58.4%) [mem: 2.02e+04] [data: 340.3 ms]
[INFO    ][2026-09-20 15:07:50][root                ][train_one_epoch          ] [   50] acc (v/n): 64.7% (87.4% 74.8%) recall (v/n): 55.8% (52.7% 55.8%) [mem: 2.02e+04] [data: 276.8 ms]
[INFO    ][2026-09-20 15:08:56][root                ][train_one_epoch          ] [   60] acc (v/n): 65.1% (87.2% 75.0%) recall (v/n): 56.1% (53.7% 55.8%) [mem: 2.02e+04] [data: 234.2 ms]
[INFO    ][2026-09-20 15:10:03][root                ][train_one_epoch          ] [   70] acc (v/n): 64.9% (87.3% 75.0%) recall (v/n): 55.7% (53.3% 56.3%) [mem: 2.02e+04] [data: 203.6 ms]
[INFO    ][2026-09-20 15:11:09][root                ][train_one_epoch          ] [   80] acc (v/n): 64.9% (87.3% 75.0%) recall (v/n): 55.2% (53.1% 58.0%) [mem: 2.02e+04] [data: 180.5 ms]
[INFO    ][2026-09-20 15:12:15][root                ][train_one_epoch          ] [   90] acc (v/n): 65.0% (87.3% 74.8%) recall (v/n): 55.9% (52.5% 59.2%) [mem: 2.02e+04] [data: 162.4 ms]
[INFO    ][2026-09-20 15:13:23][root                ][train_one_epoch          ] [  100] acc (v/n): 65.2% (87.3% 74.9%) recall (v/n): 56.3% (54.3% 60.9%) [mem: 2.02e+04] [data: 148.0 ms]
[INFO    ][2026-09-20 15:14:29][root                ][train_one_epoch          ] [  110] acc (v/n): 65.1% (87.1% 75.0%) recall (v/n): 56.7% (54.3% 61.2%) [mem: 2.02e+04] [data: 136.1 ms]
[INFO    ][2026-09-20 15:15:36][root                ][train_one_epoch          ] [  120] acc (v/n): 64.8% (87.0% 75.0%) recall (v/n): 56.1% (54.8% 60.5%) [mem: 2.02e+04] [data: 126.3 ms]
[INFO    ][2026-09-20 15:16:44][root                ][train_one_epoch          ] [  130] acc (v/n): 64.7% (87.1% 75.1%) recall (v/n): 56.5% (55.4% 61.1%) [mem: 2.02e+04] [data: 117.9 ms]
[INFO    ][2026-09-20 15:17:50][root                ][train_one_epoch          ] [  140] acc (v/n): 64.7% (86.9% 75.2%) recall (v/n): 56.5% (55.0% 61.8%) [mem: 2.02e+04] [data: 110.7 ms]
[INFO    ][2026-09-20 15:18:57][root                ][train_one_epoch          ] [  150] acc (v/n): 64.6% (86.8% 75.1%) recall (v/n): 56.2% (54.9% 61.5%) [mem: 2.02e+04] [data: 104.5 ms]
[INFO    ][2026-09-20 15:20:04][root                ][train_one_epoch          ] [  160] acc (v/n): 64.5% (86.8% 75.0%) recall (v/n): 56.0% (52.5% 62.3%) [mem: 2.02e+04] [data: 99.0 ms]
[INFO    ][2026-09-20 15:21:11][root                ][train_one_epoch          ] [  170] acc (v/n): 64.4% (86.7% 74.9%) recall (v/n): 56.1% (52.3% 62.2%) [mem: 2.02e+04] [data: 94.2 ms]
[INFO    ][2026-09-20 15:22:18][root                ][train_one_epoch          ] [  180] acc (v/n): 64.2% (86.7% 74.8%) recall (v/n): 55.9% (52.1% 62.2%) [mem: 2.02e+04] [data: 89.9 ms]
[INFO    ][2026-09-20 15:23:23][root                ][train_one_epoch          ] [  190] acc (v/n): 64.1% (86.7% 74.7%) recall (v/n): 55.8% (52.2% 62.4%) [mem: 2.02e+04] [data: 86.1 ms]
[INFO    ][2026-09-20 15:24:30][root                ][train_one_epoch          ] [  200] acc (v/n): 64.1% (86.7% 74.8%) recall (v/n): 56.2% (53.5% 62.8%) [mem: 2.02e+04] [data: 82.6 ms]
[INFO    ][2026-09-20 15:25:34][root                ][train_one_epoch          ] [  210] acc (v/n): 64.1% (86.8% 74.7%) recall (v/n): 56.3% (53.3% 63.2%) [mem: 2.02e+04] [data: 79.5 ms]
[INFO    ][2026-09-20 15:26:38][root                ][train_one_epoch          ] [  220] acc (v/n): 64.0% (86.8% 74.6%) recall (v/n): 56.4% (52.5% 63.1%) [mem: 2.02e+04] [data: 76.6 ms]
[INFO    ][2026-09-20 15:27:43][root                ][train_one_epoch          ] [  230] acc (v/n): 63.8% (86.8% 74.4%) recall (v/n): 56.3% (52.9% 63.3%) [mem: 2.02e+04] [data: 74.0 ms]
[INFO    ][2026-09-20 15:28:48][root                ][train_one_epoch          ] [  240] acc (v/n): 63.8% (86.7% 74.3%) recall (v/n): 56.3% (54.1% 63.0%) [mem: 2.02e+04] [data: 71.6 ms]
[INFO    ][2026-09-20 15:29:54][root                ][train_one_epoch          ] [  250] acc (v/n): 63.6% (86.6% 74.1%) recall (v/n): 56.2% (54.4% 63.2%) [mem: 2.02e+04] [data: 69.4 ms]
[INFO    ][2026-09-20 15:31:00][root                ][train_one_epoch          ] [  260] acc (v/n): 63.6% (86.5% 74.1%) recall (v/n): 56.4% (54.0% 63.1%) [mem: 2.02e+04] [data: 67.4 ms]
[INFO    ][2026-09-20 15:32:05][root                ][train_one_epoch          ] [  270] acc (v/n): 63.6% (86.5% 74.1%) recall (v/n): 56.3% (54.2% 63.7%) [mem: 2.02e+04] [data: 65.5 ms]
[INFO    ][2026-09-20 15:33:11][root                ][train_one_epoch          ] [  280] acc (v/n): 63.7% (86.4% 74.1%) recall (v/n): 56.7% (54.6% 64.0%) [mem: 2.02e+04] [data: 63.8 ms]
[INFO    ][2026-09-20 15:34:17][root                ][train_one_epoch          ] [  290] acc (v/n): 63.5% (86.3% 73.9%) recall (v/n): 56.8% (54.5% 64.1%) [mem: 2.02e+04] [data: 62.2 ms]
[INFO    ][2026-09-20 15:35:23][root                ][train_one_epoch          ] [  300] acc (v/n): 63.5% (86.4% 73.9%) recall (v/n): 56.7% (55.2% 63.8%) [mem: 2.02e+04] [data: 60.7 ms]
[INFO    ][2026-09-20 15:36:30][root                ][train_one_epoch          ] [  310] acc (v/n): 63.5% (86.4% 73.9%) recall (v/n): 56.7% (55.5% 63.7%) [mem: 2.02e+04] [data: 59.2 ms]
[INFO    ][2026-09-20 15:37:37][root                ][train_one_epoch          ] [  320] acc (v/n): 63.5% (86.4% 73.9%) recall (v/n): 56.7% (54.9% 63.5%) [mem: 2.02e+04] [data: 57.9 ms]
[INFO    ][2026-09-20 15:38:44][root                ][train_one_epoch          ] [  330] acc (v/n): 63.4% (86.3% 73.8%) recall (v/n): 56.6% (54.6% 64.2%) [mem: 2.02e+04] [data: 56.7 ms]
[INFO    ][2026-09-20 15:39:50][root                ][train_one_epoch          ] [  340] acc (v/n): 63.3% (86.3% 73.8%) recall (v/n): 56.5% (54.5% 64.0%) [mem: 2.02e+04] [data: 55.5 ms]
[INFO    ][2026-09-20 15:40:55][root                ][train_one_epoch          ] [  350] acc (v/n): 63.4% (86.3% 73.8%) recall (v/n): 56.5% (54.6% 64.1%) [mem: 2.02e+04] [data: 54.4 ms]
[INFO    ][2026-09-20 15:42:12][root                ][train_one_epoch          ] [  360] acc (v/n): 63.3% (86.2% 73.7%) recall (v/n): 56.3% (54.4% 64.0%) [mem: 2.02e+04] [data: 53.3 ms]
[INFO    ][2026-09-20 15:44:03][root                ][train_one_epoch          ] [  370] acc (v/n): 63.3% (86.2% 73.8%) recall (v/n): 56.4% (54.3% 64.2%) [mem: 2.02e+04] [data: 52.4 ms]
[INFO    ][2026-09-20 15:45:09][root                ][train_one_epoch          ] [  380] acc (v/n): 63.4% (86.2% 73.8%) recall (v/n): 56.4% (54.1% 64.5%) [mem: 2.02e+04] [data: 51.5 ms]
[INFO    ][2026-09-20 15:46:16][root                ][train_one_epoch          ] [  390] acc (v/n): 63.3% (86.2% 73.7%) recall (v/n): 56.3% (54.1% 64.2%) [mem: 2.02e+04] [data: 50.6 ms]
[INFO    ][2026-09-20 15:47:23][root                ][train_one_epoch          ] [  400] acc (v/n): 63.4% (86.2% 73.7%) recall (v/n): 56.3% (54.0% 64.4%) [mem: 2.02e+04] [data: 49.7 ms]
[INFO    ][2026-09-20 15:48:30][root                ][train_one_epoch          ] [  410] acc (v/n): 63.3% (86.2% 73.7%) recall (v/n): 56.3% (54.2% 64.4%) [mem: 2.02e+04] [data: 48.9 ms]
[INFO    ][2026-09-20 15:49:35][root                ][train_one_epoch          ] [  420] acc (v/n): 63.3% (86.2% 73.8%) recall (v/n): 56.4% (54.4% 64.4%) [mem: 2.02e+04] [data: 48.1 ms]
[INFO    ][2026-09-20 15:51:16][root                ][train_one_epoch          ] [  430] acc (v/n): 63.3% (86.2% 73.9%) recall (v/n): 56.4% (54.9% 64.4%) [mem: 2.02e+04] [data: 47.4 ms]
[INFO    ][2026-09-20 15:52:24][root                ][train_one_epoch          ] [  440] acc (v/n): 63.5% (86.2% 74.0%) recall (v/n): 56.5% (55.1% 64.5%) [mem: 2.02e+04] [data: 46.7 ms]
[INFO    ][2026-09-20 15:53:30][root                ][train_one_epoch          ] [  450] acc (v/n): 63.5% (86.2% 74.0%) recall (v/n): 56.6% (55.0% 64.4%) [mem: 2.02e+04] [data: 46.0 ms]
[INFO    ][2026-09-20 15:54:43][root                ][train_one_epoch          ] [  460] acc (v/n): 63.5% (86.2% 74.1%) recall (v/n): 56.4% (54.9% 64.2%) [mem: 2.02e+04] [data: 45.4 ms]
[INFO    ][2026-09-20 15:56:16][root                ][train_one_epoch          ] [  470] acc (v/n): 63.6% (86.2% 74.2%) recall (v/n): 56.4% (55.2% 64.1%) [mem: 2.02e+04] [data: 44.8 ms]
[INFO    ][2026-09-20 15:58:02][root                ][train_one_epoch          ] [  480] acc (v/n): 63.5% (86.2% 74.1%) recall (v/n): 56.4% (55.2% 64.3%) [mem: 2.02e+04] [data: 44.2 ms]
[INFO    ][2026-09-20 15:59:09][root                ][train_one_epoch          ] [  490] acc (v/n): 63.5% (86.2% 74.2%) recall (v/n): 56.3% (55.0% 64.3%) [mem: 2.02e+04] [data: 43.6 ms]
[INFO    ][2026-09-20 16:00:14][root                ][train_one_epoch          ] [  500] acc (v/n): 63.5% (86.2% 74.2%) recall (v/n): 56.3% (54.9% 64.2%) [mem: 2.02e+04] [data: 43.1 ms]
[INFO    ][2026-09-20 16:01:20][root                ][train_one_epoch          ] [  510] acc (v/n): 63.5% (86.3% 74.2%) recall (v/n): 56.2% (54.8% 64.2%) [mem: 2.02e+04] [data: 42.6 ms]
[INFO    ][2026-09-20 16:02:31][root                ][train_one_epoch          ] [  520] acc (v/n): 63.5% (86.3% 74.2%) recall (v/n): 56.4% (54.7% 64.1%) [mem: 2.02e+04] [data: 48.3 ms]
[INFO    ][2026-09-20 16:03:08][root                ][train_one_epoch          ] [  524] acc (v/n): 63.6% (86.2% 74.2%) recall (v/n): 56.5% (54.6% 64.1%) [mem: 2.02e+04] [data: 70.2 ms]
[INFO    ][2026-09-20 16:03:13][root                ][main                     ] [val skipped] epoch 18 (evaluation.val_every=5)
[INFO    ][2026-09-20 16:03:13][root                ][main                     ] [   18] train acc (v/n): 63.6% (86.2% 74.2%) train recall (v/n): 56.5% (54.6% 64.1%) val acc (v/n): nan% (nan% nan%) val recall (v/n): nan% (nan% nan%) 
[INFO    ][2026-09-20 16:03:40][root                ][main                     ] Epoch 18
[INFO    ][2026-09-20 16:03:40][root                ][main                     ] Training...
[INFO    ][2026-09-20 16:04:28][root                ][train_one_epoch          ] [    0] acc (v/n): 68.8% (89.8% 75.8%) recall (v/n): 68.3% (73.0% 67.3%) [mem: 2.02e+04] [data: 15385.0 ms]
[INFO    ][2026-09-20 16:05:36][root                ][train_one_epoch          ] [   10] acc (v/n): 63.5% (86.2% 73.4%) recall (v/n): 59.4% (53.5% 65.9%) [mem: 2.02e+04] [data: 1413.8 ms]
[INFO    ][2026-09-20 16:06:44][root                ][train_one_epoch          ] [   20] acc (v/n): 64.5% (87.0% 72.7%) recall (v/n): 58.5% (54.5% 61.6%) [mem: 2.02e+04] [data: 748.4 ms]
[INFO    ][2026-09-20 16:07:51][root                ][train_one_epoch          ] [   30] acc (v/n): 65.3% (87.3% 73.5%) recall (v/n): 60.2% (52.1% 64.1%) [mem: 2.02e+04] [data: 512.4 ms]
[INFO    ][2026-09-20 16:08:59][root                ][train_one_epoch          ] [   40] acc (v/n): 65.4% (87.1% 74.0%) recall (v/n): 60.7% (53.8% 65.1%) [mem: 2.02e+04] [data: 391.9 ms]
[INFO    ][2026-09-20 16:10:07][root                ][train_one_epoch          ] [   50] acc (v/n): 65.3% (87.3% 73.7%) recall (v/n): 59.6% (52.4% 62.8%) [mem: 2.02e+04] [data: 318.8 ms]
[INFO    ][2026-09-20 16:11:14][root                ][train_one_epoch          ] [   60] acc (v/n): 65.4% (87.2% 74.0%) recall (v/n): 60.1% (55.4% 63.1%) [mem: 2.02e+04] [data: 269.4 ms]
[INFO    ][2026-09-20 16:12:21][root                ][train_one_epoch          ] [   70] acc (v/n): 65.2% (86.6% 73.8%) recall (v/n): 59.2% (56.7% 63.3%) [mem: 2.02e+04] [data: 233.8 ms]
[INFO    ][2026-09-20 16:13:28][root                ][train_one_epoch          ] [   80] acc (v/n): 65.1% (86.5% 73.8%) recall (v/n): 58.8% (55.6% 62.7%) [mem: 2.02e+04] [data: 207.0 ms]
[INFO    ][2026-09-20 16:14:35][root                ][train_one_epoch          ] [   90] acc (v/n): 64.8% (86.5% 73.8%) recall (v/n): 58.3% (55.7% 63.3%) [mem: 2.02e+04] [data: 186.1 ms]
[INFO    ][2026-09-20 16:15:41][root                ][train_one_epoch          ] [  100] acc (v/n): 64.5% (86.3% 73.8%) recall (v/n): 58.0% (55.0% 63.9%) [mem: 2.02e+04] [data: 169.3 ms]
[INFO    ][2026-09-20 16:16:48][root                ][train_one_epoch          ] [  110] acc (v/n): 64.6% (86.3% 73.7%) recall (v/n): 58.2% (55.9% 63.8%) [mem: 2.02e+04] [data: 155.5 ms]
[INFO    ][2026-09-20 16:17:54][root                ][train_one_epoch          ] [  120] acc (v/n): 64.5% (86.2% 73.6%) recall (v/n): 58.5% (55.1% 64.5%) [mem: 2.02e+04] [data: 144.0 ms]
[INFO    ][2026-09-20 16:19:00][root                ][train_one_epoch          ] [  130] acc (v/n): 64.5% (86.2% 73.7%) recall (v/n): 58.7% (55.9% 64.2%) [mem: 2.02e+04] [data: 134.3 ms]
[INFO    ][2026-09-20 16:20:07][root                ][train_one_epoch          ] [  140] acc (v/n): 64.5% (86.3% 73.8%) recall (v/n): 58.3% (55.7% 64.6%) [mem: 2.02e+04] [data: 126.0 ms]
[INFO    ][2026-09-20 16:21:14][root                ][train_one_epoch          ] [  150] acc (v/n): 64.5% (86.4% 73.9%) recall (v/n): 58.3% (55.5% 64.0%) [mem: 2.02e+04] [data: 118.8 ms]
[INFO    ][2026-09-20 16:22:20][root                ][train_one_epoch          ] [  160] acc (v/n): 64.4% (86.3% 73.9%) recall (v/n): 58.4% (56.0% 64.4%) [mem: 2.02e+04] [data: 112.4 ms]
[INFO    ][2026-09-20 16:23:27][root                ][train_one_epoch          ] [  170] acc (v/n): 64.3% (86.2% 73.8%) recall (v/n): 58.2% (56.1% 63.7%) [mem: 2.02e+04] [data: 106.8 ms]
[INFO    ][2026-09-20 16:24:33][root                ][train_one_epoch          ] [  180] acc (v/n): 64.2% (86.1% 73.8%) recall (v/n): 58.2% (56.2% 64.3%) [mem: 2.02e+04] [data: 101.8 ms]
[INFO    ][2026-09-20 16:25:40][root                ][train_one_epoch          ] [  190] acc (v/n): 64.3% (86.0% 73.9%) recall (v/n): 58.3% (56.2% 64.1%) [mem: 2.02e+04] [data: 97.3 ms]
[INFO    ][2026-09-20 16:26:46][root                ][train_one_epoch          ] [  200] acc (v/n): 64.3% (86.1% 73.9%) recall (v/n): 58.2% (56.3% 64.1%) [mem: 2.02e+04] [data: 93.3 ms]
[INFO    ][2026-09-20 16:27:52][root                ][train_one_epoch          ] [  210] acc (v/n): 64.4% (86.1% 74.1%) recall (v/n): 58.5% (55.6% 64.7%) [mem: 2.02e+04] [data: 89.7 ms]
[INFO    ][2026-09-20 16:29:00][root                ][train_one_epoch          ] [  220] acc (v/n): 64.4% (86.1% 74.0%) recall (v/n): 58.3% (55.3% 64.5%) [mem: 2.02e+04] [data: 86.4 ms]
[INFO    ][2026-09-20 16:30:06][root                ][train_one_epoch          ] [  230] acc (v/n): 64.4% (86.1% 74.0%) recall (v/n): 58.5% (55.3% 64.9%) [mem: 2.02e+04] [data: 83.4 ms]
[INFO    ][2026-09-20 16:31:13][root                ][train_one_epoch          ] [  240] acc (v/n): 64.4% (86.1% 74.1%) recall (v/n): 58.3% (55.2% 64.8%) [mem: 2.02e+04] [data: 80.6 ms]
[INFO    ][2026-09-20 16:32:18][root                ][train_one_epoch          ] [  250] acc (v/n): 64.3% (86.1% 74.0%) recall (v/n): 58.2% (55.1% 65.0%) [mem: 2.02e+04] [data: 78.0 ms]
[INFO    ][2026-09-20 16:33:25][root                ][train_one_epoch          ] [  260] acc (v/n): 64.3% (86.2% 74.0%) recall (v/n): 58.1% (54.5% 64.8%) [mem: 2.02e+04] [data: 75.7 ms]
[INFO    ][2026-09-20 16:34:33][root                ][train_one_epoch          ] [  270] acc (v/n): 64.3% (86.2% 74.1%) recall (v/n): 58.2% (54.4% 64.9%) [mem: 2.02e+04] [data: 73.5 ms]
[INFO    ][2026-09-20 16:35:40][root                ][train_one_epoch          ] [  280] acc (v/n): 64.4% (86.3% 74.1%) recall (v/n): 58.2% (54.4% 65.1%) [mem: 2.02e+04] [data: 71.5 ms]
[INFO    ][2026-09-20 16:36:48][root                ][train_one_epoch          ] [  290] acc (v/n): 64.4% (86.3% 74.1%) recall (v/n): 58.2% (54.3% 64.7%) [mem: 2.02e+04] [data: 69.6 ms]
[INFO    ][2026-09-20 16:37:54][root                ][train_one_epoch          ] [  300] acc (v/n): 64.5% (86.4% 74.1%) recall (v/n): 58.3% (54.2% 64.9%) [mem: 2.02e+04] [data: 67.8 ms]
[INFO    ][2026-09-20 16:39:01][root                ][train_one_epoch          ] [  310] acc (v/n): 64.6% (86.5% 74.2%) recall (v/n): 58.4% (54.5% 64.7%) [mem: 2.02e+04] [data: 66.2 ms]
[INFO    ][2026-09-20 16:40:07][root                ][train_one_epoch          ] [  320] acc (v/n): 64.7% (86.6% 74.4%) recall (v/n): 58.4% (55.1% 64.7%) [mem: 2.02e+04] [data: 64.7 ms]
[INFO    ][2026-09-20 16:41:12][root                ][train_one_epoch          ] [  330] acc (v/n): 64.8% (86.6% 74.4%) recall (v/n): 58.2% (55.3% 64.8%) [mem: 2.02e+04] [data: 63.2 ms]
[INFO    ][2026-09-20 16:42:19][root                ][train_one_epoch          ] [  340] acc (v/n): 65.0% (86.7% 74.6%) recall (v/n): 58.1% (55.3% 64.7%) [mem: 2.02e+04] [data: 61.8 ms]
[INFO    ][2026-09-20 16:43:26][root                ][train_one_epoch          ] [  350] acc (v/n): 65.0% (86.7% 74.6%) recall (v/n): 58.2% (55.4% 64.8%) [mem: 2.02e+04] [data: 60.5 ms]
[INFO    ][2026-09-20 16:44:31][root                ][train_one_epoch          ] [  360] acc (v/n): 65.0% (86.7% 74.6%) recall (v/n): 58.3% (55.6% 65.1%) [mem: 2.02e+04] [data: 59.4 ms]
[INFO    ][2026-09-20 16:45:56][root                ][train_one_epoch          ] [  370] acc (v/n): 65.1% (86.7% 74.7%) recall (v/n): 58.2% (55.6% 65.4%) [mem: 2.02e+04] [data: 58.2 ms]
[INFO    ][2026-09-20 16:47:30][root                ][train_one_epoch          ] [  380] acc (v/n): 65.2% (86.7% 74.8%) recall (v/n): 58.2% (55.7% 65.1%) [mem: 2.02e+04] [data: 57.1 ms]
[INFO    ][2026-09-20 16:49:13][root                ][train_one_epoch          ] [  390] acc (v/n): 65.2% (86.7% 74.8%) recall (v/n): 58.2% (56.0% 65.2%) [mem: 2.02e+04] [data: 56.1 ms]
[INFO    ][2026-09-20 16:50:19][root                ][train_one_epoch          ] [  400] acc (v/n): 65.2% (86.7% 74.9%) recall (v/n): 58.1% (56.2% 65.1%) [mem: 2.02e+04] [data: 55.1 ms]
[INFO    ][2026-09-20 16:51:25][root                ][train_one_epoch          ] [  410] acc (v/n): 65.2% (86.7% 74.9%) recall (v/n): 57.9% (56.2% 64.7%) [mem: 2.02e+04] [data: 54.2 ms]
[INFO    ][2026-09-20 16:52:43][root                ][train_one_epoch          ] [  420] acc (v/n): 65.2% (86.8% 74.9%) recall (v/n): 58.0% (56.4% 64.9%) [mem: 2.02e+04] [data: 53.3 ms]
[INFO    ][2026-09-20 16:54:09][root                ][train_one_epoch          ] [  430] acc (v/n): 65.2% (86.8% 75.0%) recall (v/n): 58.0% (56.6% 65.0%) [mem: 2.02e+04] [data: 52.4 ms]
[INFO    ][2026-09-20 16:56:05][root                ][train_one_epoch          ] [  440] acc (v/n): 65.2% (86.8% 75.0%) recall (v/n): 58.0% (56.5% 65.0%) [mem: 2.02e+04] [data: 51.6 ms]
[INFO    ][2026-09-20 16:57:12][root                ][train_one_epoch          ] [  450] acc (v/n): 65.2% (86.7% 75.0%) recall (v/n): 58.1% (56.5% 64.9%) [mem: 2.02e+04] [data: 50.8 ms]
[INFO    ][2026-09-20 16:58:59][root                ][train_one_epoch          ] [  460] acc (v/n): 65.3% (86.7% 75.1%) recall (v/n): 58.5% (56.5% 65.2%) [mem: 2.02e+04] [data: 50.1 ms]
[INFO    ][2026-09-20 17:00:03][root                ][train_one_epoch          ] [  470] acc (v/n): 65.3% (86.7% 75.1%) recall (v/n): 58.5% (56.4% 65.2%) [mem: 2.02e+04] [data: 49.4 ms]
[INFO    ][2026-09-20 17:01:44][root                ][train_one_epoch          ] [  480] acc (v/n): 65.3% (86.7% 75.1%) recall (v/n): 58.7% (57.0% 65.5%) [mem: 2.02e+04] [data: 48.7 ms]
[INFO    ][2026-09-20 17:03:42][root                ][train_one_epoch          ] [  490] acc (v/n): 65.3% (86.8% 75.1%) recall (v/n): 58.7% (57.6% 65.6%) [mem: 2.02e+04] [data: 48.1 ms]
[INFO    ][2026-09-20 17:05:29][root                ][train_one_epoch          ] [  500] acc (v/n): 65.3% (86.8% 75.2%) recall (v/n): 58.8% (57.6% 65.7%) [mem: 2.02e+04] [data: 47.4 ms]
[INFO    ][2026-09-20 17:06:35][root                ][train_one_epoch          ] [  510] acc (v/n): 65.3% (86.8% 75.1%) recall (v/n): 58.8% (57.6% 65.7%) [mem: 2.02e+04] [data: 46.8 ms]
[INFO    ][2026-09-20 17:07:41][root                ][train_one_epoch          ] [  520] acc (v/n): 65.3% (86.7% 75.1%) recall (v/n): 58.9% (57.5% 65.9%) [mem: 2.02e+04] [data: 46.2 ms]
[INFO    ][2026-09-20 17:08:08][root                ][train_one_epoch          ] [  524] acc (v/n): 65.2% (86.7% 75.1%) recall (v/n): 58.9% (57.6% 66.0%) [mem: 2.02e+04] [data: 46.0 ms]
[INFO    ][2026-09-20 17:08:14][root                ][main                     ] [val skipped] epoch 19 (evaluation.val_every=5)
[INFO    ][2026-09-20 17:08:14][root                ][main                     ] [   19] train acc (v/n): 65.2% (86.7% 75.1%) train recall (v/n): 58.9% (57.6% 66.0%) val acc (v/n): nan% (nan% nan%) val recall (v/n): nan% (nan% nan%) 
[INFO    ][2026-09-20 17:09:02][root                ][main                     ] Epoch 19
[INFO    ][2026-09-20 17:09:02][root                ][main                     ] Training...
[INFO    ][2026-09-20 17:09:46][root                ][train_one_epoch          ] [    0] acc (v/n): 67.2% (91.4% 77.3%) recall (v/n): 59.0% (76.2% 65.0%) [mem: 2.02e+04] [data: 14330.4 ms]
[INFO    ][2026-09-20 17:10:51][root                ][train_one_epoch          ] [   10] acc (v/n): 64.3% (88.0% 73.7%) recall (v/n): 57.1% (55.7% 63.8%) [mem: 2.02e+04] [data: 1317.7 ms]
[INFO    ][2026-09-20 17:11:58][root                ][train_one_epoch          ] [   20] acc (v/n): 64.6% (87.4% 73.4%) recall (v/n): 57.9% (53.5% 60.3%) [mem: 2.02e+04] [data: 698.1 ms]
[INFO    ][2026-09-20 17:13:05][root                ][train_one_epoch          ] [   30] acc (v/n): 65.1% (87.5% 73.7%) recall (v/n): 57.8% (51.2% 60.9%) [mem: 2.02e+04] [data: 478.3 ms]
[INFO    ][2026-09-20 17:14:11][root                ][train_one_epoch          ] [   40] acc (v/n): 65.4% (87.5% 74.6%) recall (v/n): 58.2% (54.3% 61.8%) [mem: 2.02e+04] [data: 365.6 ms]
[INFO    ][2026-09-20 17:15:17][root                ][train_one_epoch          ] [   50] acc (v/n): 65.0% (87.9% 75.1%) recall (v/n): 57.7% (56.2% 62.2%) [mem: 2.02e+04] [data: 297.2 ms]
[INFO    ][2026-09-20 17:16:24][root                ][train_one_epoch          ] [   60] acc (v/n): 65.8% (87.7% 75.8%) recall (v/n): 58.5% (54.7% 62.2%) [mem: 2.02e+04] [data: 251.2 ms]
[INFO    ][2026-09-20 17:17:30][root                ][train_one_epoch          ] [   70] acc (v/n): 65.7% (87.5% 75.9%) recall (v/n): 57.8% (55.2% 62.6%) [mem: 2.02e+04] [data: 218.1 ms]
[INFO    ][2026-09-20 17:18:37][root                ][train_one_epoch          ] [   80] acc (v/n): 65.6% (87.3% 75.8%) recall (v/n): 58.3% (55.5% 62.9%) [mem: 2.02e+04] [data: 193.3 ms]
[INFO    ][2026-09-20 17:19:44][root                ][train_one_epoch          ] [   90] acc (v/n): 65.6% (87.2% 75.6%) recall (v/n): 58.2% (54.5% 63.3%) [mem: 2.02e+04] [data: 173.8 ms]
[INFO    ][2026-09-20 17:20:51][root                ][train_one_epoch          ] [  100] acc (v/n): 65.6% (87.1% 75.6%) recall (v/n): 58.6% (55.2% 63.5%) [mem: 2.02e+04] [data: 158.3 ms]
[INFO    ][2026-09-20 17:21:57][root                ][train_one_epoch          ] [  110] acc (v/n): 65.8% (87.2% 75.8%) recall (v/n): 58.5% (55.2% 63.7%) [mem: 2.02e+04] [data: 145.5 ms]
[INFO    ][2026-09-20 17:23:04][root                ][train_one_epoch          ] [  120] acc (v/n): 65.7% (87.2% 75.7%) recall (v/n): 59.0% (55.8% 63.9%) [mem: 2.02e+04] [data: 134.9 ms]
[INFO    ][2026-09-20 17:24:12][root                ][train_one_epoch          ] [  130] acc (v/n): 65.9% (87.2% 75.9%) recall (v/n): 58.7% (55.7% 63.8%) [mem: 2.02e+04] [data: 125.8 ms]
[INFO    ][2026-09-20 17:25:19][root                ][train_one_epoch          ] [  140] acc (v/n): 65.9% (87.3% 75.9%) recall (v/n): 58.8% (55.9% 64.6%) [mem: 2.02e+04] [data: 118.1 ms]
[INFO    ][2026-09-20 17:26:27][root                ][train_one_epoch          ] [  150] acc (v/n): 65.7% (87.1% 75.7%) recall (v/n): 58.8% (56.1% 64.8%) [mem: 2.02e+04] [data: 111.4 ms]
[INFO    ][2026-09-20 17:27:34][root                ][train_one_epoch          ] [  160] acc (v/n): 65.5% (87.0% 75.5%) recall (v/n): 58.5% (55.1% 64.4%) [mem: 2.02e+04] [data: 105.5 ms]
[INFO    ][2026-09-20 17:28:41][root                ][train_one_epoch          ] [  170] acc (v/n): 65.6% (86.9% 75.5%) recall (v/n): 58.7% (55.2% 64.3%) [mem: 2.02e+04] [data: 100.3 ms]
[INFO    ][2026-09-20 17:29:48][root                ][train_one_epoch          ] [  180] acc (v/n): 65.6% (86.9% 75.5%) recall (v/n): 58.8% (55.7% 64.6%) [mem: 2.02e+04] [data: 95.7 ms]
[INFO    ][2026-09-20 17:30:56][root                ][train_one_epoch          ] [  190] acc (v/n): 65.5% (86.7% 75.2%) recall (v/n): 58.6% (55.6% 64.8%) [mem: 2.02e+04] [data: 91.6 ms]
[INFO    ][2026-09-20 17:32:03][root                ][train_one_epoch          ] [  200] acc (v/n): 65.5% (86.6% 75.2%) recall (v/n): 58.9% (55.8% 64.8%) [mem: 2.02e+04] [data: 87.8 ms]
[INFO    ][2026-09-20 17:33:10][root                ][train_one_epoch          ] [  210] acc (v/n): 65.5% (86.6% 75.2%) recall (v/n): 59.4% (55.7% 65.3%) [mem: 2.02e+04] [data: 84.4 ms]
[INFO    ][2026-09-20 17:34:17][root                ][train_one_epoch          ] [  220] acc (v/n): 65.5% (86.6% 75.2%) recall (v/n): 59.4% (55.4% 65.3%) [mem: 2.02e+04] [data: 81.4 ms]
[INFO    ][2026-09-20 17:35:25][root                ][train_one_epoch          ] [  230] acc (v/n): 65.5% (86.6% 75.2%) recall (v/n): 59.3% (54.8% 65.1%) [mem: 2.02e+04] [data: 78.6 ms]
[INFO    ][2026-09-20 17:36:32][root                ][train_one_epoch          ] [  240] acc (v/n): 65.5% (86.7% 75.2%) recall (v/n): 59.1% (55.1% 65.2%) [mem: 2.02e+04] [data: 76.0 ms]
[INFO    ][2026-09-20 17:37:38][root                ][train_one_epoch          ] [  250] acc (v/n): 65.6% (86.8% 75.3%) recall (v/n): 59.4% (55.2% 65.4%) [mem: 2.02e+04] [data: 73.6 ms]
[INFO    ][2026-09-20 17:38:45][root                ][train_one_epoch          ] [  260] acc (v/n): 65.6% (86.8% 75.2%) recall (v/n): 59.5% (55.3% 65.2%) [mem: 2.02e+04] [data: 71.4 ms]
[INFO    ][2026-09-20 17:39:52][root                ][train_one_epoch          ] [  270] acc (v/n): 65.6% (86.8% 75.2%) recall (v/n): 59.7% (56.1% 65.4%) [mem: 2.02e+04] [data: 69.4 ms]
[INFO    ][2026-09-20 17:40:58][root                ][train_one_epoch          ] [  280] acc (v/n): 65.5% (86.8% 75.0%) recall (v/n): 59.7% (55.4% 65.0%) [mem: 2.02e+04] [data: 67.6 ms]
[INFO    ][2026-09-20 17:42:04][root                ][train_one_epoch          ] [  290] acc (v/n): 65.6% (86.8% 75.1%) recall (v/n): 59.9% (55.7% 65.1%) [mem: 2.02e+04] [data: 65.8 ms]
[INFO    ][2026-09-20 17:43:11][root                ][train_one_epoch          ] [  300] acc (v/n): 65.5% (86.8% 75.0%) recall (v/n): 59.9% (55.1% 65.3%) [mem: 2.02e+04] [data: 64.2 ms]
[INFO    ][2026-09-20 17:44:17][root                ][train_one_epoch          ] [  310] acc (v/n): 65.4% (86.8% 75.0%) recall (v/n): 60.0% (55.6% 65.6%) [mem: 2.02e+04] [data: 62.6 ms]
[INFO    ][2026-09-20 17:45:24][root                ][train_one_epoch          ] [  320] acc (v/n): 65.5% (86.8% 75.0%) recall (v/n): 59.9% (55.6% 65.7%) [mem: 2.02e+04] [data: 61.2 ms]
[INFO    ][2026-09-20 17:46:31][root                ][train_one_epoch          ] [  330] acc (v/n): 65.5% (86.8% 75.0%) recall (v/n): 59.9% (55.4% 65.6%) [mem: 2.02e+04] [data: 59.9 ms]
[INFO    ][2026-09-20 17:47:38][root                ][train_one_epoch          ] [  340] acc (v/n): 65.5% (86.8% 75.0%) recall (v/n): 60.1% (55.9% 66.0%) [mem: 2.02e+04] [data: 58.6 ms]
[INFO    ][2026-09-20 17:48:45][root                ][train_one_epoch          ] [  350] acc (v/n): 65.6% (86.8% 75.0%) recall (v/n): 60.1% (56.3% 66.1%) [mem: 2.02e+04] [data: 57.4 ms]
[INFO    ][2026-09-20 17:49:52][root                ][train_one_epoch          ] [  360] acc (v/n): 65.6% (86.8% 75.1%) recall (v/n): 60.2% (56.7% 66.3%) [mem: 2.02e+04] [data: 56.3 ms]
[INFO    ][2026-09-20 17:50:59][root                ][train_one_epoch          ] [  370] acc (v/n): 65.6% (86.8% 75.0%) recall (v/n): 60.2% (56.1% 66.4%) [mem: 2.02e+04] [data: 55.2 ms]
[INFO    ][2026-09-20 17:52:51][root                ][train_one_epoch          ] [  380] acc (v/n): 65.6% (86.8% 75.0%) recall (v/n): 60.3% (56.0% 66.3%) [mem: 2.02e+04] [data: 54.2 ms]
[INFO    ][2026-09-20 17:53:58][root                ][train_one_epoch          ] [  390] acc (v/n): 65.6% (86.9% 75.0%) recall (v/n): 60.3% (56.2% 66.5%) [mem: 2.02e+04] [data: 53.3 ms]
[INFO    ][2026-09-20 17:55:03][root                ][train_one_epoch          ] [  400] acc (v/n): 65.5% (86.9% 75.0%) recall (v/n): 60.1% (56.4% 66.3%) [mem: 2.02e+04] [data: 52.3 ms]
[INFO    ][2026-09-20 17:56:08][root                ][train_one_epoch          ] [  410] acc (v/n): 65.5% (86.9% 75.1%) recall (v/n): 60.0% (55.9% 66.4%) [mem: 2.02e+04] [data: 51.5 ms]
[INFO    ][2026-09-20 17:57:14][root                ][train_one_epoch          ] [  420] acc (v/n): 65.5% (86.8% 75.1%) recall (v/n): 59.8% (56.0% 66.3%) [mem: 2.02e+04] [data: 50.6 ms]
[INFO    ][2026-09-20 17:58:18][root                ][train_one_epoch          ] [  430] acc (v/n): 65.5% (86.8% 75.1%) recall (v/n): 59.6% (56.5% 66.4%) [mem: 2.02e+04] [data: 49.8 ms]
[INFO    ][2026-09-20 17:59:25][root                ][train_one_epoch          ] [  440] acc (v/n): 65.6% (86.8% 75.1%) recall (v/n): 59.9% (56.3% 66.4%) [mem: 2.02e+04] [data: 49.1 ms]
[INFO    ][2026-09-20 18:00:32][root                ][train_one_epoch          ] [  450] acc (v/n): 65.6% (86.8% 75.1%) recall (v/n): 60.0% (56.3% 66.3%) [mem: 2.02e+04] [data: 48.4 ms]
[INFO    ][2026-09-20 18:01:41][root                ][train_one_epoch          ] [  460] acc (v/n): 65.6% (86.8% 75.1%) recall (v/n): 60.0% (56.3% 66.5%) [mem: 2.02e+04] [data: 47.7 ms]
[INFO    ][2026-09-20 18:02:48][root                ][train_one_epoch          ] [  470] acc (v/n): 65.6% (86.8% 75.3%) recall (v/n): 60.1% (56.3% 66.5%) [mem: 2.02e+04] [data: 47.0 ms]
[INFO    ][2026-09-20 18:04:15][root                ][train_one_epoch          ] [  480] acc (v/n): 65.7% (86.8% 75.3%) recall (v/n): 60.2% (56.1% 66.6%) [mem: 2.02e+04] [data: 46.4 ms]
[INFO    ][2026-09-20 18:05:44][root                ][train_one_epoch          ] [  490] acc (v/n): 65.6% (86.7% 75.3%) recall (v/n): 60.3% (56.2% 66.9%) [mem: 2.02e+04] [data: 45.8 ms]
[INFO    ][2026-09-20 18:08:18][root                ][train_one_epoch          ] [  500] acc (v/n): 65.7% (86.8% 75.4%) recall (v/n): 60.5% (56.4% 67.3%) [mem: 2.02e+04] [data: 45.2 ms]
[INFO    ][2026-09-20 18:09:57][root                ][train_one_epoch          ] [  510] acc (v/n): 65.8% (86.8% 75.4%) recall (v/n): 60.7% (56.6% 67.3%) [mem: 2.02e+04] [data: 44.6 ms]
[INFO    ][2026-09-20 18:11:25][root                ][train_one_epoch          ] [  520] acc (v/n): 65.8% (86.8% 75.4%) recall (v/n): 60.7% (56.7% 67.3%) [mem: 2.02e+04] [data: 44.1 ms]
[INFO    ][2026-09-20 18:12:02][root                ][train_one_epoch          ] [  524] acc (v/n): 65.7% (86.7% 75.4%) recall (v/n): 60.6% (56.7% 67.2%) [mem: 2.02e+04] [data: 43.9 ms]
[INFO    ][2026-09-20 18:12:41][root                ][validate_exact           ] [exact val] itr 0  clips so far (this rank) 16
[INFO    ][2026-09-20 18:14:41][root                ][validate_exact           ] [exact val] itr 50  clips so far (this rank) 796
[INFO    ][2026-09-20 18:16:49][root                ][validate_exact           ] [exact val] itr 100  clips so far (this rank) 1573
[INFO    ][2026-09-20 18:18:01][root                ][main                     ] [exact val] epoch 20  n_clips 9296/9296  mean class recall@5  action 19.07  verb 33.25  noun 35.24
[INFO    ][2026-09-20 18:18:01][root                ][main                     ] [   20] train acc (v/n): 65.7% (86.7% 75.4%) train recall (v/n): 60.6% (56.7% 67.2%) val acc (v/n): 41.3% (81.6% 58.6%) val recall (v/n): 19.1% (33.2% 35.2%) 
[rank6]:[W920 18:18:02.582047669 ProcessGroupNCCL.cpp:1647] Warning: WARNING: destroy_process_group() was not called before program exit, which can leak resources. For more info, please see https://pytorch.org/docs/stable/distributed.html#shutdown (function operator())
[rank5]:[W920 18:18:02.583405503 ProcessGroupNCCL.cpp:1647] Warning: WARNING: destroy_process_group() was not called before program exit, which can leak resources. For more info, please see https://pytorch.org/docs/stable/distributed.html#shutdown (function operator())
[rank4]:[W920 18:18:02.598251445 ProcessGroupNCCL.cpp:1647] Warning: WARNING: destroy_process_group() was not called before program exit, which can leak resources. For more info, please see https://pytorch.org/docs/stable/distributed.html#shutdown (function operator())
[rank7]:[W920 18:18:02.602364758 ProcessGroupNCCL.cpp:1647] Warning: WARNING: destroy_process_group() was not called before program exit, which can leak resources. For more info, please see https://pytorch.org/docs/stable/distributed.html#shutdown (function operator())
[rank2]:[W920 18:18:02.661798170 ProcessGroupNCCL.cpp:1647] Warning: WARNING: destroy_process_group() was not called before program exit, which can leak resources. For more info, please see https://pytorch.org/docs/stable/distributed.html#shutdown (function operator())
[rank1]:[W920 18:18:02.709488318 ProcessGroupNCCL.cpp:1647] Warning: WARNING: destroy_process_group() was not called before program exit, which can leak resources. For more info, please see https://pytorch.org/docs/stable/distributed.html#shutdown (function operator())
[rank3]:[W920 18:18:03.065351186 ProcessGroupNCCL.cpp:1647] Warning: WARNING: destroy_process_group() was not called before program exit, which can leak resources. For more info, please see https://pytorch.org/docs/stable/distributed.html#shutdown (function operator())
[rank0]:[W920 18:18:46.086186335 ProcessGroupNCCL.cpp:1647] Warning: WARNING: destroy_process_group() was not called before program exit, which can leak resources. For more info, please see https://pytorch.org/docs/stable/distributed.html#shutdown (function operator())
