==============================================================================
tag         ek100_vith_lr3e-4   (새로 시작)
모델        vit_huge  mask_index=0  no_predictor=False
입력        32 frames @ 8 fps, 256x256, spatial=short_side
프로토콜    ap=paper  time=timestamp  train at [0.25, 1.75] ap [0.0, 0.25]  val at [1.0, 1.0] ap [0.0, 0.0]
probe       blocks 4, heads 1 개 (lr 0.0003, wd 0.01)
batch       16 x 8 GPU = global 128  (논문 128)   epoch 20
비디오      /data2/local_datasets/EPIC-KITCHENS_resized  (train 495 / val 138 전부 있음)
출력        /data/hyuntak/project/2026/2027_cvpr/vjepa2/z_research/anticipation/EK100/exp_results/action_anticipation_frozen/ek100_vith_lr3e-4
==============================================================================
/data/hyuntak/project/2026/2027_cvpr/vjepa2/z_research/anticipation/EK100/exp_results/action_anticipation_frozen/ek100_vith_lr3e-4/_resolved.yaml
port 23011  log /data/hyuntak/project/2026/2027_cvpr/vjepa2/z_research/anticipation/EK100/exp_results/action_anticipation_frozen/ek100_vith_lr3e-4/stdout.log
[INFO    ][2026-09-14 17:25:59][root                ][process_main             ] called-params /data/hyuntak/project/2026/2027_cvpr/vjepa2/z_research/anticipation/EK100/exp_results/action_anticipation_frozen/ek100_vith_lr3e-4/_resolved.yaml
[INFO    ][2026-09-14 17:25:59][root                ][process_main             ] loaded params...
{   'cpus_per_task': 12,
    'eval_name': 'action_anticipation_frozen',
    'experiment': {   'classifier': {'num_heads': 16, 'num_probe_blocks': 4},
                      'data': {   'anticipation_point_mode': 'paper',
                                  'anticipation_time_sec': [1.0, 1.0],
                                  'auto_augment': True,
                                  'base_path': '/data2/local_datasets/EPIC-KITCHENS_resized',
                                  'dataset': 'EK100',
                                  'dataset_train': '/data/hyuntak/project/2026/2027_cvpr/epic-kitchens-100-annotations/EPIC_100_train.csv',
                                  'dataset_val': '/data/hyuntak/project/2026/2027_cvpr/epic-kitchens-100-annotations/EPIC_100_validation.csv',
                                  'file_format': 0,
                                  'frames_per_clip': 32,
                                  'frames_per_second': 8,
                                  'limit_videos': None,
                                  'motion_shift': False,
                                  'num_workers': 6,
                                  'pin_memory': True,
                                  'random_resize_scale': [0.08, 1.0],
                                  'reprob': 0.25,
                                  'resolution': 256,
                                  'spatial_mode': 'short_side',
                                  'time_source': 'timestamp',
                                  'train_anticipation_point': [0.0, 0.25],
                                  'train_anticipation_time_sec': [0.25, 1.75],
                                  'train_spatial_mode': 'rrc',
                                  'val_anticipation_point': [0.0, 0.0],
                                  'width': None},
                      'evaluation': {'exact_val_pass': True, 'topk': 5},
                      'optimization': {   'batch_size': 16,
                                          'multihead_kwargs': [   {   'final_lr': 0.0,
                                                                      'final_weight_decay': 0.01,
                                                                      'lr': 0.0003,
                                                                      'start_lr': 0.0003,
                                                                      'warmup': 0.0,
                                                                      'weight_decay': 0.01}],
                                          'num_epochs': 20,
                                          'use_bfloat16': True,
                                          'use_focal_loss': True}},
    'folder': '/data/hyuntak/project/2026/2027_cvpr/vjepa2/z_research/anticipation/EK100/exp_results',
    'model_kwargs': {   'checkpoint': '/data/hyuntak/project/2026/2027_cvpr/vjepa2/checkpoint/models--facebook--vjepa2-vith-fpc64-256/snapshots/b5eac8703e3efdc1547fbb6ddfbeb133dc0bdee5/original/model.pth',
                        'module_name': 'evals.action_anticipation_frozen.modelcustom.vit_encoder_predictor_concat_ar_nonsquare',
                        'pretrain_kwargs': {   'encoder': {   'checkpoint_key': 'target_encoder',
                                                              'model_name': 'vit_huge',
                                                              'patch_size': 16,
                                                              'tubelet_size': 2,
                                                              'uniform_power': True,
                                                              'use_rope': True},
                                               'predictor': {   'checkpoint_key': 'predictor',
                                                                'depth': 12,
                                                                'model_name': 'vit_predictor',
                                                                'num_frames': 64,
                                                                'num_heads': 12,
                                                                'num_mask_tokens': 10,
                                                                'predictor_embed_dim': 384,
                                                                'uniform_power': True,
                                                                'use_mask_tokens': True,
                                                                'use_rope': True,
                                                                'use_sdpa': True,
                                                                'use_silu': False,
                                                                'wide_silu': False}},
                        'wrapper_kwargs': {   'mask_index': 0,
                                              'no_predictor': False,
                                              'num_output_frames': 2,
                                              'num_steps': 1}},
    'nodes': 1,
    'resume_checkpoint': True,
    'tag': 'ek100_vith_lr3e-4',
    'tasks_per_node': 8,
    'use_fsdp': False}
[INFO    ][2026-09-14 17:26:00][root                ][process_main             ] Running... (rank: 0/8)
[INFO    ][2026-09-14 17:26:00][Eval runner scaffold][main                     ] Running evaluation: action_anticipation_frozen
/data/hyuntak/anaconda3/envs/vjepa2/lib/python3.12/site-packages/timm/models/layers/__init__.py:49: FutureWarning: Importing from timm.models.layers is deprecated, please import via timm.layers
  warnings.warn(f"Importing from {__name__} is deprecated, please import via timm.layers", FutureWarning)
/data/hyuntak/anaconda3/envs/vjepa2/lib/python3.12/site-packages/timm/models/layers/__init__.py:49: FutureWarning: Importing from timm.models.layers is deprecated, please import via timm.layers
  warnings.warn(f"Importing from {__name__} is deprecated, please import via timm.layers", FutureWarning)
/data/hyuntak/anaconda3/envs/vjepa2/lib/python3.12/site-packages/timm/models/layers/__init__.py:49: FutureWarning: Importing from timm.models.layers is deprecated, please import via timm.layers
  warnings.warn(f"Importing from {__name__} is deprecated, please import via timm.layers", FutureWarning)
/data/hyuntak/anaconda3/envs/vjepa2/lib/python3.12/site-packages/timm/models/layers/__init__.py:49: FutureWarning: Importing from timm.models.layers is deprecated, please import via timm.layers
  warnings.warn(f"Importing from {__name__} is deprecated, please import via timm.layers", FutureWarning)
/data/hyuntak/anaconda3/envs/vjepa2/lib/python3.12/site-packages/timm/models/layers/__init__.py:49: FutureWarning: Importing from timm.models.layers is deprecated, please import via timm.layers
  warnings.warn(f"Importing from {__name__} is deprecated, please import via timm.layers", FutureWarning)
/data/hyuntak/anaconda3/envs/vjepa2/lib/python3.12/site-packages/timm/models/layers/__init__.py:49: FutureWarning: Importing from timm.models.layers is deprecated, please import via timm.layers
  warnings.warn(f"Importing from {__name__} is deprecated, please import via timm.layers", FutureWarning)
/data/hyuntak/anaconda3/envs/vjepa2/lib/python3.12/site-packages/timm/models/layers/__init__.py:49: FutureWarning: Importing from timm.models.layers is deprecated, please import via timm.layers
  warnings.warn(f"Importing from {__name__} is deprecated, please import via timm.layers", FutureWarning)
/data/hyuntak/anaconda3/envs/vjepa2/lib/python3.12/site-packages/timm/models/layers/__init__.py:49: FutureWarning: Importing from timm.models.layers is deprecated, please import via timm.layers
  warnings.warn(f"Importing from {__name__} is deprecated, please import via timm.layers", FutureWarning)
[INFO    ][2026-09-14 17:26:03][root                ][main                     ] Initialized (rank/world-size) 7/8
[INFO    ][2026-09-14 17:26:03][root                ][main                     ] Initialized (rank/world-size) 2/8
[INFO    ][2026-09-14 17:26:03][root                ][main                     ] Initialized (rank/world-size) 0/8
[INFO    ][2026-09-14 17:26:03][root                ][main                     ] Initialized (rank/world-size) 4/8
[INFO    ][2026-09-14 17:26:03][root                ][main                     ] Initialized (rank/world-size) 1/8
[INFO    ][2026-09-14 17:26:03][root                ][main                     ] Initialized (rank/world-size) 6/8
[INFO    ][2026-09-14 17:26:03][root                ][main                     ] Initialized (rank/world-size) 3/8
[INFO    ][2026-09-14 17:26:03][root                ][main                     ] Initialized (rank/world-size) 5/8
[INFO    ][2026-09-14 17:26:05][root                ][init_module              ] Loading pretrained model from /data/hyuntak/project/2026/2027_cvpr/vjepa2/checkpoint/models--facebook--vjepa2-vith-fpc64-256/snapshots/b5eac8703e3efdc1547fbb6ddfbeb133dc0bdee5/original/model.pth (input 256x256)
[INFO    ][2026-09-14 17:26:05][root                ][init_module              ] Loading pretrained model from /data/hyuntak/project/2026/2027_cvpr/vjepa2/checkpoint/models--facebook--vjepa2-vith-fpc64-256/snapshots/b5eac8703e3efdc1547fbb6ddfbeb133dc0bdee5/original/model.pth (input 256x256)
[INFO    ][2026-09-14 17:26:05][root                ][init_module              ] Loading pretrained model from /data/hyuntak/project/2026/2027_cvpr/vjepa2/checkpoint/models--facebook--vjepa2-vith-fpc64-256/snapshots/b5eac8703e3efdc1547fbb6ddfbeb133dc0bdee5/original/model.pth (input 256x256)
[INFO    ][2026-09-14 17:26:05][root                ][init_module              ] Loading pretrained model from /data/hyuntak/project/2026/2027_cvpr/vjepa2/checkpoint/models--facebook--vjepa2-vith-fpc64-256/snapshots/b5eac8703e3efdc1547fbb6ddfbeb133dc0bdee5/original/model.pth (input 256x256)
[INFO    ][2026-09-14 17:26:05][root                ][init_module              ] Loading pretrained model from /data/hyuntak/project/2026/2027_cvpr/vjepa2/checkpoint/models--facebook--vjepa2-vith-fpc64-256/snapshots/b5eac8703e3efdc1547fbb6ddfbeb133dc0bdee5/original/model.pth (input 256x256)
[INFO    ][2026-09-14 17:26:05][root                ][init_module              ] Loading pretrained model from /data/hyuntak/project/2026/2027_cvpr/vjepa2/checkpoint/models--facebook--vjepa2-vith-fpc64-256/snapshots/b5eac8703e3efdc1547fbb6ddfbeb133dc0bdee5/original/model.pth (input 256x256)
[INFO    ][2026-09-14 17:26:05][root                ][init_module              ] Loading pretrained model from /data/hyuntak/project/2026/2027_cvpr/vjepa2/checkpoint/models--facebook--vjepa2-vith-fpc64-256/snapshots/b5eac8703e3efdc1547fbb6ddfbeb133dc0bdee5/original/model.pth (input 256x256)
[INFO    ][2026-09-14 17:26:05][root                ][init_module              ] Loading pretrained model from /data/hyuntak/project/2026/2027_cvpr/vjepa2/checkpoint/models--facebook--vjepa2-vith-fpc64-256/snapshots/b5eac8703e3efdc1547fbb6ddfbeb133dc0bdee5/original/model.pth (input 256x256)
[INFO    ][2026-09-14 17:26:16][root                ][init_module              ] loaded pretrained encoder with msg: <All keys matched successfully>
[INFO    ][2026-09-14 17:26:16][root                ][init_module              ] loaded pretrained encoder with msg: <All keys matched successfully>
[INFO    ][2026-09-14 17:26:16][root                ][init_module              ] loaded pretrained encoder with msg: <All keys matched successfully>
[INFO    ][2026-09-14 17:26:16][root                ][init_module              ] loaded pretrained encoder with msg: <All keys matched successfully>
[INFO    ][2026-09-14 17:26:16][root                ][init_module              ] loaded pretrained predictor with msg: <All keys matched successfully>
[INFO    ][2026-09-14 17:26:16][root                ][_inject_grid_into_predictor] injected (H_patches, W_patches)=(16, 16) into 12 predictor blocks
/data/hyuntak/project/2026/2027_cvpr/vjepa2/evals/action_anticipation_frozen/modelcustom/vit_encoder_predictor_concat_ar_nonsquare.py:166: UserWarning: Converting a tensor with requires_grad=True to a scalar may lead to unexpected behavior.
Consider using tensor.detach() first. (Triggered internally at /pytorch/torch/csrc/autograd/generated/python_variable_methods.cpp:838.)
  norms = [float(predictor.mask_tokens[i].float().norm()) for i in range(len(predictor.mask_tokens))]
[INFO    ][2026-09-14 17:26:16][root                ][init_module              ] predictor mask_token norms: [0]=0.6706, [1]=0.0000, [2]=0.0000, [3]=0.0000, [4]=0.0000, [5]=0.0000, [6]=0.0000, [7]=0.0000, [8]=0.0000, [9]=0.0000
[INFO    ][2026-09-14 17:26:16][root                ][__init__                 ] AnticipativeWrapper: grid=(16, 16) tokens/tubelet=256 mask_index=0 num_output_frames=2 num_steps=1
[INFO    ][2026-09-14 17:26:16][root                ][init_module              ] loaded pretrained predictor with msg: <All keys matched successfully>
[INFO    ][2026-09-14 17:26:16][root                ][_inject_grid_into_predictor] injected (H_patches, W_patches)=(16, 16) into 12 predictor blocks
/data/hyuntak/project/2026/2027_cvpr/vjepa2/evals/action_anticipation_frozen/modelcustom/vit_encoder_predictor_concat_ar_nonsquare.py:166: UserWarning: Converting a tensor with requires_grad=True to a scalar may lead to unexpected behavior.
Consider using tensor.detach() first. (Triggered internally at /pytorch/torch/csrc/autograd/generated/python_variable_methods.cpp:838.)
  norms = [float(predictor.mask_tokens[i].float().norm()) for i in range(len(predictor.mask_tokens))]
[INFO    ][2026-09-14 17:26:16][root                ][init_module              ] predictor mask_token norms: [0]=0.6706, [1]=0.0000, [2]=0.0000, [3]=0.0000, [4]=0.0000, [5]=0.0000, [6]=0.0000, [7]=0.0000, [8]=0.0000, [9]=0.0000
[INFO    ][2026-09-14 17:26:16][root                ][__init__                 ] AnticipativeWrapper: grid=(16, 16) tokens/tubelet=256 mask_index=0 num_output_frames=2 num_steps=1
[INFO    ][2026-09-14 17:26:16][root                ][init_module              ] loaded pretrained encoder with msg: <All keys matched successfully>
[INFO    ][2026-09-14 17:26:16][root                ][init_module              ] loaded pretrained predictor with msg: <All keys matched successfully>
[INFO    ][2026-09-14 17:26:16][root                ][_inject_grid_into_predictor] injected (H_patches, W_patches)=(16, 16) into 12 predictor blocks
/data/hyuntak/project/2026/2027_cvpr/vjepa2/evals/action_anticipation_frozen/modelcustom/vit_encoder_predictor_concat_ar_nonsquare.py:166: UserWarning: Converting a tensor with requires_grad=True to a scalar may lead to unexpected behavior.
Consider using tensor.detach() first. (Triggered internally at /pytorch/torch/csrc/autograd/generated/python_variable_methods.cpp:838.)
  norms = [float(predictor.mask_tokens[i].float().norm()) for i in range(len(predictor.mask_tokens))]
[INFO    ][2026-09-14 17:26:16][root                ][init_module              ] predictor mask_token norms: [0]=0.6706, [1]=0.0000, [2]=0.0000, [3]=0.0000, [4]=0.0000, [5]=0.0000, [6]=0.0000, [7]=0.0000, [8]=0.0000, [9]=0.0000
[INFO    ][2026-09-14 17:26:16][root                ][__init__                 ] AnticipativeWrapper: grid=(16, 16) tokens/tubelet=256 mask_index=0 num_output_frames=2 num_steps=1
[INFO    ][2026-09-14 17:26:16][root                ][init_module              ] loaded pretrained encoder with msg: <All keys matched successfully>
[INFO    ][2026-09-14 17:26:16][root                ][init_module              ] loaded pretrained predictor with msg: <All keys matched successfully>
[INFO    ][2026-09-14 17:26:16][root                ][_inject_grid_into_predictor] injected (H_patches, W_patches)=(16, 16) into 12 predictor blocks
/data/hyuntak/project/2026/2027_cvpr/vjepa2/evals/action_anticipation_frozen/modelcustom/vit_encoder_predictor_concat_ar_nonsquare.py:166: UserWarning: Converting a tensor with requires_grad=True to a scalar may lead to unexpected behavior.
Consider using tensor.detach() first. (Triggered internally at /pytorch/torch/csrc/autograd/generated/python_variable_methods.cpp:838.)
  norms = [float(predictor.mask_tokens[i].float().norm()) for i in range(len(predictor.mask_tokens))]
[INFO    ][2026-09-14 17:26:16][root                ][init_module              ] predictor mask_token norms: [0]=0.6706, [1]=0.0000, [2]=0.0000, [3]=0.0000, [4]=0.0000, [5]=0.0000, [6]=0.0000, [7]=0.0000, [8]=0.0000, [9]=0.0000
[INFO    ][2026-09-14 17:26:16][root                ][__init__                 ] AnticipativeWrapper: grid=(16, 16) tokens/tubelet=256 mask_index=0 num_output_frames=2 num_steps=1
[INFO    ][2026-09-14 17:26:16][root                ][init_module              ] loaded pretrained encoder with msg: <All keys matched successfully>
[INFO    ][2026-09-14 17:26:16][root                ][init_module              ] loaded pretrained predictor with msg: <All keys matched successfully>
[INFO    ][2026-09-14 17:26:16][root                ][_inject_grid_into_predictor] injected (H_patches, W_patches)=(16, 16) into 12 predictor blocks
/data/hyuntak/project/2026/2027_cvpr/vjepa2/evals/action_anticipation_frozen/modelcustom/vit_encoder_predictor_concat_ar_nonsquare.py:166: UserWarning: Converting a tensor with requires_grad=True to a scalar may lead to unexpected behavior.
Consider using tensor.detach() first. (Triggered internally at /pytorch/torch/csrc/autograd/generated/python_variable_methods.cpp:838.)
  norms = [float(predictor.mask_tokens[i].float().norm()) for i in range(len(predictor.mask_tokens))]
[INFO    ][2026-09-14 17:26:16][root                ][init_module              ] predictor mask_token norms: [0]=0.6706, [1]=0.0000, [2]=0.0000, [3]=0.0000, [4]=0.0000, [5]=0.0000, [6]=0.0000, [7]=0.0000, [8]=0.0000, [9]=0.0000
[INFO    ][2026-09-14 17:26:16][root                ][__init__                 ] AnticipativeWrapper: grid=(16, 16) tokens/tubelet=256 mask_index=0 num_output_frames=2 num_steps=1
[INFO    ][2026-09-14 17:26:16][root                ][init_module              ] loaded pretrained predictor with msg: <All keys matched successfully>
[INFO    ][2026-09-14 17:26:16][root                ][_inject_grid_into_predictor] injected (H_patches, W_patches)=(16, 16) into 12 predictor blocks
/data/hyuntak/project/2026/2027_cvpr/vjepa2/evals/action_anticipation_frozen/modelcustom/vit_encoder_predictor_concat_ar_nonsquare.py:166: UserWarning: Converting a tensor with requires_grad=True to a scalar may lead to unexpected behavior.
Consider using tensor.detach() first. (Triggered internally at /pytorch/torch/csrc/autograd/generated/python_variable_methods.cpp:838.)
  norms = [float(predictor.mask_tokens[i].float().norm()) for i in range(len(predictor.mask_tokens))]
[INFO    ][2026-09-14 17:26:16][root                ][init_module              ] predictor mask_token norms: [0]=0.6706, [1]=0.0000, [2]=0.0000, [3]=0.0000, [4]=0.0000, [5]=0.0000, [6]=0.0000, [7]=0.0000, [8]=0.0000, [9]=0.0000
[INFO    ][2026-09-14 17:26:16][root                ][__init__                 ] AnticipativeWrapper: grid=(16, 16) tokens/tubelet=256 mask_index=0 num_output_frames=2 num_steps=1
[INFO    ][2026-09-14 17:26:16][root                ][init_module              ] loaded pretrained encoder with msg: <All keys matched successfully>
[INFO    ][2026-09-14 17:26:16][root                ][init_module              ] loaded pretrained predictor with msg: <All keys matched successfully>
[INFO    ][2026-09-14 17:26:16][root                ][_inject_grid_into_predictor] injected (H_patches, W_patches)=(16, 16) into 12 predictor blocks
/data/hyuntak/project/2026/2027_cvpr/vjepa2/evals/action_anticipation_frozen/modelcustom/vit_encoder_predictor_concat_ar_nonsquare.py:166: UserWarning: Converting a tensor with requires_grad=True to a scalar may lead to unexpected behavior.
Consider using tensor.detach() first. (Triggered internally at /pytorch/torch/csrc/autograd/generated/python_variable_methods.cpp:838.)
  norms = [float(predictor.mask_tokens[i].float().norm()) for i in range(len(predictor.mask_tokens))]
[INFO    ][2026-09-14 17:26:16][root                ][init_module              ] predictor mask_token norms: [0]=0.6706, [1]=0.0000, [2]=0.0000, [3]=0.0000, [4]=0.0000, [5]=0.0000, [6]=0.0000, [7]=0.0000, [8]=0.0000, [9]=0.0000
[INFO    ][2026-09-14 17:26:16][root                ][__init__                 ] AnticipativeWrapper: grid=(16, 16) tokens/tubelet=256 mask_index=0 num_output_frames=2 num_steps=1
[INFO    ][2026-09-14 17:26:17][root                ][init_module              ] loaded pretrained predictor with msg: <All keys matched successfully>
[INFO    ][2026-09-14 17:26:17][root                ][_inject_grid_into_predictor] injected (H_patches, W_patches)=(16, 16) into 12 predictor blocks
/data/hyuntak/project/2026/2027_cvpr/vjepa2/evals/action_anticipation_frozen/modelcustom/vit_encoder_predictor_concat_ar_nonsquare.py:166: UserWarning: Converting a tensor with requires_grad=True to a scalar may lead to unexpected behavior.
Consider using tensor.detach() first. (Triggered internally at /pytorch/torch/csrc/autograd/generated/python_variable_methods.cpp:838.)
  norms = [float(predictor.mask_tokens[i].float().norm()) for i in range(len(predictor.mask_tokens))]
[INFO    ][2026-09-14 17:26:17][root                ][init_module              ] predictor mask_token norms: [0]=0.6706, [1]=0.0000, [2]=0.0000, [3]=0.0000, [4]=0.0000, [5]=0.0000, [6]=0.0000, [7]=0.0000, [8]=0.0000, [9]=0.0000
[INFO    ][2026-09-14 17:26:17][root                ][__init__                 ] AnticipativeWrapper: grid=(16, 16) tokens/tubelet=256 mask_index=0 num_output_frames=2 num_steps=1
AnticipativeWrapper(
  (encoder): VisionTransformer(
    (patch_embed): PatchEmbed3D(
      (proj): Conv3d(3, 1280, kernel_size=(2, 16, 16), stride=(2, 16, 16))
    )
    (blocks): ModuleList(
      (0-31): 32 x Block(
        (norm1): LayerNorm((1280,), eps=1e-06, elementwise_affine=True, bias=True)
        (attn): RoPEAttention(
          (qkv): Linear(in_features=1280, out_features=3840, bias=True)
          (attn_drop): Dropout(p=0.0, inplace=False)
          (proj): Linear(in_features=1280, out_features=1280, bias=True)
          (proj_drop): Dropout(p=0.0, inplace=False)
        )
        (drop_path): Identity()
        (norm2): LayerNorm((1280,), eps=1e-06, elementwise_affine=True, bias=True)
        (mlp): MLP(
          (fc1): Linear(in_features=1280, out_features=5120, bias=True)
          (act): GELU(approximate='none')
          (fc2): Linear(in_features=5120, out_features=1280, bias=True)
          (drop): Dropout(p=0.0, inplace=False)
        )
      )
    )
    (norm): LayerNorm((1280,), eps=1e-06, elementwise_affine=True, bias=True)
  )
  (predictor): VisionTransformerPredictor(
    (predictor_embed): Linear(in_features=1280, out_features=384, bias=True)
    (mask_tokens): ParameterList(
        (0): Parameter containing: [torch.float32 of size 1x1x384 (cuda:0)]
        (1): Parameter containing: [torch.float32 of size 1x1x384 (cuda:0)]
        (2): Parameter containing: [torch.float32 of size 1x1x384 (cuda:0)]
        (3): Parameter containing: [torch.float32 of size 1x1x384 (cuda:0)]
        (4): Parameter containing: [torch.float32 of size 1x1x384 (cuda:0)]
        (5): Parameter containing: [torch.float32 of size 1x1x384 (cuda:0)]
        (6): Parameter containing: [torch.float32 of size 1x1x384 (cuda:0)]
        (7): Parameter containing: [torch.float32 of size 1x1x384 (cuda:0)]
        (8): Parameter containing: [torch.float32 of size 1x1x384 (cuda:0)]
        (9): Parameter containing: [torch.float32 of size 1x1x384 (cuda:0)]
    )
    (predictor_blocks): ModuleList(
      (0-11): 12 x Block(
        (norm1): LayerNorm((384,), eps=1e-06, elementwise_affine=True, bias=True)
        (attn): RoPEAttention(
          (qkv): Linear(in_features=384, out_features=1152, bias=True)
          (attn_drop): Dropout(p=0.0, inplace=False)
          (proj): Linear(in_features=384, out_features=384, bias=True)
          (proj_drop): Dropout(p=0.0, inplace=False)
        )
        (drop_path): Identity()
        (norm2): LayerNorm((384,), eps=1e-06, elementwise_affine=True, bias=True)
        (mlp): MLP(
          (fc1): Linear(in_features=384, out_features=1536, bias=True)
          (act): GELU(approximate='none')
          (fc2): Linear(in_features=1536, out_features=384, bias=True)
          (drop): Dropout(p=0.0, inplace=False)
        )
      )
    )
    (predictor_norm): LayerNorm((384,), eps=1e-06, elementwise_affine=True, bias=True)
    (predictor_proj): Linear(in_features=384, out_features=1280, bias=True)
  )
)
AnticipativeWrapper(
  (encoder): VisionTransformer(
    (patch_embed): PatchEmbed3D(
      (proj): Conv3d(3, 1280, kernel_size=(2, 16, 16), stride=(2, 16, 16))
    )
    (blocks): ModuleList(
      (0-31): 32 x Block(
        (norm1): LayerNorm((1280,), eps=1e-06, elementwise_affine=True, bias=True)
        (attn): RoPEAttention(
          (qkv): Linear(in_features=1280, out_features=3840, bias=True)
          (attn_drop): Dropout(p=0.0, inplace=False)
          (proj): Linear(in_features=1280, out_features=1280, bias=True)
          (proj_drop): Dropout(p=0.0, inplace=False)
        )
        (drop_path): Identity()
        (norm2): LayerNorm((1280,), eps=1e-06, elementwise_affine=True, bias=True)
        (mlp): MLP(
          (fc1): Linear(in_features=1280, out_features=5120, bias=True)
          (act): GELU(approximate='none')
          (fc2): Linear(in_features=5120, out_features=1280, bias=True)
          (drop): Dropout(p=0.0, inplace=False)
        )
      )
    )
    (norm): LayerNorm((1280,), eps=1e-06, elementwise_affine=True, bias=True)
  )
  (predictor): VisionTransformerPredictor(
    (predictor_embed): Linear(in_features=1280, out_features=384, bias=True)
    (mask_tokens): ParameterList(
        (0): Parameter containing: [torch.float32 of size 1x1x384 (cuda:0)]
        (1): Parameter containing: [torch.float32 of size 1x1x384 (cuda:0)]
        (2): Parameter containing: [torch.float32 of size 1x1x384 (cuda:0)]
        (3): Parameter containing: [torch.float32 of size 1x1x384 (cuda:0)]
        (4): Parameter containing: [torch.float32 of size 1x1x384 (cuda:0)]
        (5): Parameter containing: [torch.float32 of size 1x1x384 (cuda:0)]
        (6): Parameter containing: [torch.float32 of size 1x1x384 (cuda:0)]
        (7): Parameter containing: [torch.float32 of size 1x1x384 (cuda:0)]
        (8): Parameter containing: [torch.float32 of size 1x1x384 (cuda:0)]
        (9): Parameter containing: [torch.float32 of size 1x1x384 (cuda:0)]
    )
    (predictor_blocks): ModuleList(
      (0-11): 12 x Block(
        (norm1): LayerNorm((384,), eps=1e-06, elementwise_affine=True, bias=True)
        (attn): RoPEAttention(
          (qkv): Linear(in_features=384, out_features=1152, bias=True)
          (attn_drop): Dropout(p=0.0, inplace=False)
          (proj): Linear(in_features=384, out_features=384, bias=True)
          (proj_drop): Dropout(p=0.0, inplace=False)
        )
        (drop_path): Identity()
        (norm2): LayerNorm((384,), eps=1e-06, elementwise_affine=True, bias=True)
        (mlp): MLP(
          (fc1): Linear(in_features=384, out_features=1536, bias=True)
          (act): GELU(approximate='none')
          (fc2): Linear(in_features=1536, out_features=384, bias=True)
          (drop): Dropout(p=0.0, inplace=False)
        )
      )
    )
    (predictor_norm): LayerNorm((384,), eps=1e-06, elementwise_affine=True, bias=True)
    (predictor_proj): Linear(in_features=384, out_features=1280, bias=True)
  )
)
AnticipativeWrapper(
  (encoder): VisionTransformer(
    (patch_embed): PatchEmbed3D(
      (proj): Conv3d(3, 1280, kernel_size=(2, 16, 16), stride=(2, 16, 16))
    )
    (blocks): ModuleList(
      (0-31): 32 x Block(
        (norm1): LayerNorm((1280,), eps=1e-06, elementwise_affine=True, bias=True)
        (attn): RoPEAttention(
          (qkv): Linear(in_features=1280, out_features=3840, bias=True)
          (attn_drop): Dropout(p=0.0, inplace=False)
          (proj): Linear(in_features=1280, out_features=1280, bias=True)
          (proj_drop): Dropout(p=0.0, inplace=False)
        )
        (drop_path): Identity()
        (norm2): LayerNorm((1280,), eps=1e-06, elementwise_affine=True, bias=True)
        (mlp): MLP(
          (fc1): Linear(in_features=1280, out_features=5120, bias=True)
          (act): GELU(approximate='none')
          (fc2): Linear(in_features=5120, out_features=1280, bias=True)
          (drop): Dropout(p=0.0, inplace=False)
        )
      )
    )
    (norm): LayerNorm((1280,), eps=1e-06, elementwise_affine=True, bias=True)
  )
  (predictor): VisionTransformerPredictor(
    (predictor_embed): Linear(in_features=1280, out_features=384, bias=True)
    (mask_tokens): ParameterList(
        (0): Parameter containing: [torch.float32 of size 1x1x384 (cuda:0)]
        (1): Parameter containing: [torch.float32 of size 1x1x384 (cuda:0)]
        (2): Parameter containing: [torch.float32 of size 1x1x384 (cuda:0)]
        (3): Parameter containing: [torch.float32 of size 1x1x384 (cuda:0)]
        (4): Parameter containing: [torch.float32 of size 1x1x384 (cuda:0)]
        (5): Parameter containing: [torch.float32 of size 1x1x384 (cuda:0)]
        (6): Parameter containing: [torch.float32 of size 1x1x384 (cuda:0)]
        (7): Parameter containing: [torch.float32 of size 1x1x384 (cuda:0)]
        (8): Parameter containing: [torch.float32 of size 1x1x384 (cuda:0)]
        (9): Parameter containing: [torch.float32 of size 1x1x384 (cuda:0)]
    )
    (predictor_blocks): ModuleList(
      (0-11): 12 x Block(
        (norm1): LayerNorm((384,), eps=1e-06, elementwise_affine=True, bias=True)
        (attn): RoPEAttention(
          (qkv): Linear(in_features=384, out_features=1152, bias=True)
          (attn_drop): Dropout(p=0.0, inplace=False)
          (proj): Linear(in_features=384, out_features=384, bias=True)
          (proj_drop): Dropout(p=0.0, inplace=False)
        )
        (drop_path): Identity()
        (norm2): LayerNorm((384,), eps=1e-06, elementwise_affine=True, bias=True)
        (mlp): MLP(
          (fc1): Linear(in_features=384, out_features=1536, bias=True)
          (act): GELU(approximate='none')
          (fc2): Linear(in_features=1536, out_features=384, bias=True)
          (drop): Dropout(p=0.0, inplace=False)
        )
      )
    )
    (predictor_norm): LayerNorm((384,), eps=1e-06, elementwise_affine=True, bias=True)
    (predictor_proj): Linear(in_features=384, out_features=1280, bias=True)
  )
)
AnticipativeWrapper(
  (encoder): VisionTransformer(
    (patch_embed): PatchEmbed3D(
      (proj): Conv3d(3, 1280, kernel_size=(2, 16, 16), stride=(2, 16, 16))
    )
    (blocks): ModuleList(
      (0-31): 32 x Block(
        (norm1): LayerNorm((1280,), eps=1e-06, elementwise_affine=True, bias=True)
        (attn): RoPEAttention(
          (qkv): Linear(in_features=1280, out_features=3840, bias=True)
          (attn_drop): Dropout(p=0.0, inplace=False)
          (proj): Linear(in_features=1280, out_features=1280, bias=True)
          (proj_drop): Dropout(p=0.0, inplace=False)
        )
        (drop_path): Identity()
        (norm2): LayerNorm((1280,), eps=1e-06, elementwise_affine=True, bias=True)
        (mlp): MLP(
          (fc1): Linear(in_features=1280, out_features=5120, bias=True)
          (act): GELU(approximate='none')
          (fc2): Linear(in_features=5120, out_features=1280, bias=True)
          (drop): Dropout(p=0.0, inplace=False)
        )
      )
    )
    (norm): LayerNorm((1280,), eps=1e-06, elementwise_affine=True, bias=True)
  )
  (predictor): VisionTransformerPredictor(
    (predictor_embed): Linear(in_features=1280, out_features=384, bias=True)
    (mask_tokens): ParameterList(
        (0): Parameter containing: [torch.float32 of size 1x1x384 (cuda:0)]
        (1): Parameter containing: [torch.float32 of size 1x1x384 (cuda:0)]
        (2): Parameter containing: [torch.float32 of size 1x1x384 (cuda:0)]
        (3): Parameter containing: [torch.float32 of size 1x1x384 (cuda:0)]
        (4): Parameter containing: [torch.float32 of size 1x1x384 (cuda:0)]
        (5): Parameter containing: [torch.float32 of size 1x1x384 (cuda:0)]
        (6): Parameter containing: [torch.float32 of size 1x1x384 (cuda:0)]
        (7): Parameter containing: [torch.float32 of size 1x1x384 (cuda:0)]
        (8): Parameter containing: [torch.float32 of size 1x1x384 (cuda:0)]
        (9): Parameter containing: [torch.float32 of size 1x1x384 (cuda:0)]
    )
    (predictor_blocks): ModuleList(
      (0-11): 12 x Block(
        (norm1): LayerNorm((384,), eps=1e-06, elementwise_affine=True, bias=True)
        (attn): RoPEAttention(
          (qkv): Linear(in_features=384, out_features=1152, bias=True)
          (attn_drop): Dropout(p=0.0, inplace=False)
          (proj): Linear(in_features=384, out_features=384, bias=True)
          (proj_drop): Dropout(p=0.0, inplace=False)
        )
        (drop_path): Identity()
        (norm2): LayerNorm((384,), eps=1e-06, elementwise_affine=True, bias=True)
        (mlp): MLP(
          (fc1): Linear(in_features=384, out_features=1536, bias=True)
          (act): GELU(approximate='none')
          (fc2): Linear(in_features=1536, out_features=384, bias=True)
          (drop): Dropout(p=0.0, inplace=False)
        )
      )
    )
    (predictor_norm): LayerNorm((384,), eps=1e-06, elementwise_affine=True, bias=True)
    (predictor_proj): Linear(in_features=384, out_features=1280, bias=True)
  )
)
AnticipativeWrapper(
  (encoder): VisionTransformer(
    (patch_embed): PatchEmbed3D(
      (proj): Conv3d(3, 1280, kernel_size=(2, 16, 16), stride=(2, 16, 16))
    )
    (blocks): ModuleList(
      (0-31): 32 x Block(
        (norm1): LayerNorm((1280,), eps=1e-06, elementwise_affine=True, bias=True)
        (attn): RoPEAttention(
          (qkv): Linear(in_features=1280, out_features=3840, bias=True)
          (attn_drop): Dropout(p=0.0, inplace=False)
          (proj): Linear(in_features=1280, out_features=1280, bias=True)
          (proj_drop): Dropout(p=0.0, inplace=False)
        )
        (drop_path): Identity()
        (norm2): LayerNorm((1280,), eps=1e-06, elementwise_affine=True, bias=True)
        (mlp): MLP(
          (fc1): Linear(in_features=1280, out_features=5120, bias=True)
          (act): GELU(approximate='none')
          (fc2): Linear(in_features=5120, out_features=1280, bias=True)
          (drop): Dropout(p=0.0, inplace=False)
        )
      )
    )
    (norm): LayerNorm((1280,), eps=1e-06, elementwise_affine=True, bias=True)
  )
  (predictor): VisionTransformerPredictor(
    (predictor_embed): Linear(in_features=1280, out_features=384, bias=True)
    (mask_tokens): ParameterList(
        (0): Parameter containing: [torch.float32 of size 1x1x384 (cuda:0)]
        (1): Parameter containing: [torch.float32 of size 1x1x384 (cuda:0)]
        (2): Parameter containing: [torch.float32 of size 1x1x384 (cuda:0)]
        (3): Parameter containing: [torch.float32 of size 1x1x384 (cuda:0)]
        (4): Parameter containing: [torch.float32 of size 1x1x384 (cuda:0)]
        (5): Parameter containing: [torch.float32 of size 1x1x384 (cuda:0)]
        (6): Parameter containing: [torch.float32 of size 1x1x384 (cuda:0)]
        (7): Parameter containing: [torch.float32 of size 1x1x384 (cuda:0)]
        (8): Parameter containing: [torch.float32 of size 1x1x384 (cuda:0)]
        (9): Parameter containing: [torch.float32 of size 1x1x384 (cuda:0)]
    )
    (predictor_blocks): ModuleList(
      (0-11): 12 x Block(
        (norm1): LayerNorm((384,), eps=1e-06, elementwise_affine=True, bias=True)
        (attn): RoPEAttention(
          (qkv): Linear(in_features=384, out_features=1152, bias=True)
          (attn_drop): Dropout(p=0.0, inplace=False)
          (proj): Linear(in_features=384, out_features=384, bias=True)
          (proj_drop): Dropout(p=0.0, inplace=False)
        )
        (drop_path): Identity()
        (norm2): LayerNorm((384,), eps=1e-06, elementwise_affine=True, bias=True)
        (mlp): MLP(
          (fc1): Linear(in_features=384, out_features=1536, bias=True)
          (act): GELU(approximate='none')
          (fc2): Linear(in_features=1536, out_features=384, bias=True)
          (drop): Dropout(p=0.0, inplace=False)
        )
      )
    )
    (predictor_norm): LayerNorm((384,), eps=1e-06, elementwise_affine=True, bias=True)
    (predictor_proj): Linear(in_features=384, out_features=1280, bias=True)
  )
)
AnticipativeWrapper(
  (encoder): VisionTransformer(
    (patch_embed): PatchEmbed3D(
      (proj): Conv3d(3, 1280, kernel_size=(2, 16, 16), stride=(2, 16, 16))
    )
    (blocks): ModuleList(
      (0-31): 32 x Block(
        (norm1): LayerNorm((1280,), eps=1e-06, elementwise_affine=True, bias=True)
        (attn): RoPEAttention(
          (qkv): Linear(in_features=1280, out_features=3840, bias=True)
          (attn_drop): Dropout(p=0.0, inplace=False)
          (proj): Linear(in_features=1280, out_features=1280, bias=True)
          (proj_drop): Dropout(p=0.0, inplace=False)
        )
        (drop_path): Identity()
        (norm2): LayerNorm((1280,), eps=1e-06, elementwise_affine=True, bias=True)
        (mlp): MLP(
          (fc1): Linear(in_features=1280, out_features=5120, bias=True)
          (act): GELU(approximate='none')
          (fc2): Linear(in_features=5120, out_features=1280, bias=True)
          (drop): Dropout(p=0.0, inplace=False)
        )
      )
    )
    (norm): LayerNorm((1280,), eps=1e-06, elementwise_affine=True, bias=True)
  )
  (predictor): VisionTransformerPredictor(
    (predictor_embed): Linear(in_features=1280, out_features=384, bias=True)
    (mask_tokens): ParameterList(
        (0): Parameter containing: [torch.float32 of size 1x1x384 (cuda:0)]
        (1): Parameter containing: [torch.float32 of size 1x1x384 (cuda:0)]
        (2): Parameter containing: [torch.float32 of size 1x1x384 (cuda:0)]
        (3): Parameter containing: [torch.float32 of size 1x1x384 (cuda:0)]
        (4): Parameter containing: [torch.float32 of size 1x1x384 (cuda:0)]
        (5): Parameter containing: [torch.float32 of size 1x1x384 (cuda:0)]
        (6): Parameter containing: [torch.float32 of size 1x1x384 (cuda:0)]
        (7): Parameter containing: [torch.float32 of size 1x1x384 (cuda:0)]
        (8): Parameter containing: [torch.float32 of size 1x1x384 (cuda:0)]
        (9): Parameter containing: [torch.float32 of size 1x1x384 (cuda:0)]
    )
    (predictor_blocks): ModuleList(
      (0-11): 12 x Block(
        (norm1): LayerNorm((384,), eps=1e-06, elementwise_affine=True, bias=True)
        (attn): RoPEAttention(
          (qkv): Linear(in_features=384, out_features=1152, bias=True)
          (attn_drop): Dropout(p=0.0, inplace=False)
          (proj): Linear(in_features=384, out_features=384, bias=True)
          (proj_drop): Dropout(p=0.0, inplace=False)
        )
        (drop_path): Identity()
        (norm2): LayerNorm((384,), eps=1e-06, elementwise_affine=True, bias=True)
        (mlp): MLP(
          (fc1): Linear(in_features=384, out_features=1536, bias=True)
          (act): GELU(approximate='none')
          (fc2): Linear(in_features=1536, out_features=384, bias=True)
          (drop): Dropout(p=0.0, inplace=False)
        )
      )
    )
    (predictor_norm): LayerNorm((384,), eps=1e-06, elementwise_affine=True, bias=True)
    (predictor_proj): Linear(in_features=384, out_features=1280, bias=True)
  )
)
AnticipativeWrapper(
  (encoder): VisionTransformer(
    (patch_embed): PatchEmbed3D(
      (proj): Conv3d(3, 1280, kernel_size=(2, 16, 16), stride=(2, 16, 16))
    )
    (blocks): ModuleList(
      (0-31): 32 x Block(
        (norm1): LayerNorm((1280,), eps=1e-06, elementwise_affine=True, bias=True)
        (attn): RoPEAttention(
          (qkv): Linear(in_features=1280, out_features=3840, bias=True)
          (attn_drop): Dropout(p=0.0, inplace=False)
          (proj): Linear(in_features=1280, out_features=1280, bias=True)
          (proj_drop): Dropout(p=0.0, inplace=False)
        )
        (drop_path): Identity()
        (norm2): LayerNorm((1280,), eps=1e-06, elementwise_affine=True, bias=True)
        (mlp): MLP(
          (fc1): Linear(in_features=1280, out_features=5120, bias=True)
          (act): GELU(approximate='none')
          (fc2): Linear(in_features=5120, out_features=1280, bias=True)
          (drop): Dropout(p=0.0, inplace=False)
        )
      )
    )
    (norm): LayerNorm((1280,), eps=1e-06, elementwise_affine=True, bias=True)
  )
  (predictor): VisionTransformerPredictor(
    (predictor_embed): Linear(in_features=1280, out_features=384, bias=True)
    (mask_tokens): ParameterList(
        (0): Parameter containing: [torch.float32 of size 1x1x384 (cuda:0)]
        (1): Parameter containing: [torch.float32 of size 1x1x384 (cuda:0)]
        (2): Parameter containing: [torch.float32 of size 1x1x384 (cuda:0)]
        (3): Parameter containing: [torch.float32 of size 1x1x384 (cuda:0)]
        (4): Parameter containing: [torch.float32 of size 1x1x384 (cuda:0)]
        (5): Parameter containing: [torch.float32 of size 1x1x384 (cuda:0)]
        (6): Parameter containing: [torch.float32 of size 1x1x384 (cuda:0)]
        (7): Parameter containing: [torch.float32 of size 1x1x384 (cuda:0)]
        (8): Parameter containing: [torch.float32 of size 1x1x384 (cuda:0)]
        (9): Parameter containing: [torch.float32 of size 1x1x384 (cuda:0)]
    )
    (predictor_blocks): ModuleList(
      (0-11): 12 x Block(
        (norm1): LayerNorm((384,), eps=1e-06, elementwise_affine=True, bias=True)
        (attn): RoPEAttention(
          (qkv): Linear(in_features=384, out_features=1152, bias=True)
          (attn_drop): Dropout(p=0.0, inplace=False)
          (proj): Linear(in_features=384, out_features=384, bias=True)
          (proj_drop): Dropout(p=0.0, inplace=False)
        )
        (drop_path): Identity()
        (norm2): LayerNorm((384,), eps=1e-06, elementwise_affine=True, bias=True)
        (mlp): MLP(
          (fc1): Linear(in_features=384, out_features=1536, bias=True)
          (act): GELU(approximate='none')
          (fc2): Linear(in_features=1536, out_features=384, bias=True)
          (drop): Dropout(p=0.0, inplace=False)
        )
      )
    )
    (predictor_norm): LayerNorm((384,), eps=1e-06, elementwise_affine=True, bias=True)
    (predictor_proj): Linear(in_features=384, out_features=1280, bias=True)
  )
)
AnticipativeWrapper(
  (encoder): VisionTransformer(
    (patch_embed): PatchEmbed3D(
      (proj): Conv3d(3, 1280, kernel_size=(2, 16, 16), stride=(2, 16, 16))
    )
    (blocks): ModuleList(
      (0-31): 32 x Block(
        (norm1): LayerNorm((1280,), eps=1e-06, elementwise_affine=True, bias=True)
        (attn): RoPEAttention(
          (qkv): Linear(in_features=1280, out_features=3840, bias=True)
          (attn_drop): Dropout(p=0.0, inplace=False)
          (proj): Linear(in_features=1280, out_features=1280, bias=True)
          (proj_drop): Dropout(p=0.0, inplace=False)
        )
        (drop_path): Identity()
        (norm2): LayerNorm((1280,), eps=1e-06, elementwise_affine=True, bias=True)
        (mlp): MLP(
          (fc1): Linear(in_features=1280, out_features=5120, bias=True)
          (act): GELU(approximate='none')
          (fc2): Linear(in_features=5120, out_features=1280, bias=True)
          (drop): Dropout(p=0.0, inplace=False)
        )
      )
    )
    (norm): LayerNorm((1280,), eps=1e-06, elementwise_affine=True, bias=True)
  )
  (predictor): VisionTransformerPredictor(
    (predictor_embed): Linear(in_features=1280, out_features=384, bias=True)
    (mask_tokens): ParameterList(
        (0): Parameter containing: [torch.float32 of size 1x1x384 (cuda:0)]
        (1): Parameter containing: [torch.float32 of size 1x1x384 (cuda:0)]
        (2): Parameter containing: [torch.float32 of size 1x1x384 (cuda:0)]
        (3): Parameter containing: [torch.float32 of size 1x1x384 (cuda:0)]
        (4): Parameter containing: [torch.float32 of size 1x1x384 (cuda:0)]
        (5): Parameter containing: [torch.float32 of size 1x1x384 (cuda:0)]
        (6): Parameter containing: [torch.float32 of size 1x1x384 (cuda:0)]
        (7): Parameter containing: [torch.float32 of size 1x1x384 (cuda:0)]
        (8): Parameter containing: [torch.float32 of size 1x1x384 (cuda:0)]
        (9): Parameter containing: [torch.float32 of size 1x1x384 (cuda:0)]
    )
    (predictor_blocks): ModuleList(
      (0-11): 12 x Block(
        (norm1): LayerNorm((384,), eps=1e-06, elementwise_affine=True, bias=True)
        (attn): RoPEAttention(
          (qkv): Linear(in_features=384, out_features=1152, bias=True)
          (attn_drop): Dropout(p=0.0, inplace=False)
          (proj): Linear(in_features=384, out_features=384, bias=True)
          (proj_drop): Dropout(p=0.0, inplace=False)
        )
        (drop_path): Identity()
        (norm2): LayerNorm((384,), eps=1e-06, elementwise_affine=True, bias=True)
        (mlp): MLP(
          (fc1): Linear(in_features=384, out_features=1536, bias=True)
          (act): GELU(approximate='none')
          (fc2): Linear(in_features=1536, out_features=384, bias=True)
          (drop): Dropout(p=0.0, inplace=False)
        )
      )
    )
    (predictor_norm): LayerNorm((384,), eps=1e-06, elementwise_affine=True, bias=True)
    (predictor_proj): Linear(in_features=384, out_features=1280, bias=True)
  )
)
AttentiveClassifier(
  (pooler): AttentivePooler(
    (cross_attention_block): CrossAttentionBlock(
      (norm1): LayerNorm((1280,), eps=1e-05, elementwise_affine=True, bias=True)
      (xattn): CrossAttention(
        (q): Linear(in_features=1280, out_features=1280, bias=True)
        (kv): Linear(in_features=1280, out_features=2560, bias=True)
      )
      (norm2): LayerNorm((1280,), eps=1e-05, elementwise_affine=True, bias=True)
      (mlp): MLP(
        (fc1): Linear(in_features=1280, out_features=5120, bias=True)
        (act): GELU(approximate='none')
        (fc2): Linear(in_features=5120, out_features=1280, bias=True)
        (drop): Dropout(p=0.0, inplace=False)
      )
    )
    (blocks): ModuleList(
      (0-2): 3 x Block(
        (norm1): LayerNorm((1280,), eps=1e-05, elementwise_affine=True, bias=True)
        (attn): Attention(
          (qkv): Linear(in_features=1280, out_features=3840, bias=True)
          (attn_drop): Dropout(p=0.0, inplace=False)
          (proj): Linear(in_features=1280, out_features=1280, bias=True)
          (proj_drop): Dropout(p=0.0, inplace=False)
        )
        (drop_path): Identity()
        (norm2): LayerNorm((1280,), eps=1e-05, elementwise_affine=True, bias=True)
        (mlp): MLP(
          (fc1): Linear(in_features=1280, out_features=5120, bias=True)
          (act): GELU(approximate='none')
          (fc2): Linear(in_features=5120, out_features=1280, bias=True)
          (drop): Dropout(p=0.0, inplace=False)
        )
      )
    )
  )
  (verb_classifier): Linear(in_features=1280, out_features=97, bias=True)
  (noun_classifier): Linear(in_features=1280, out_features=289, bias=True)
  (action_classifier): Linear(in_features=1280, out_features=3568, bias=True)
)
[INFO    ][2026-09-14 17:26:18][root                ][get_video_wds_dataset    ] Total number of shards across all data is num_shards=495
[INFO    ][2026-09-14 17:26:18][root                ][__init__                 ] Done initializing ResampledShards
[INFO    ][2026-09-14 17:26:18][root                ][main                     ] Dataloader created... iterations per epoch: 525
[INFO    ][2026-09-14 17:26:18][root                ][get_video_wds_dataset    ] Total number of shards across all data is num_shards=138
[INFO    ][2026-09-14 17:26:18][root                ][__init__                 ] Done initializing ResampledShards
[INFO    ][2026-09-14 17:26:18][root                ][main                     ] Val dataloader created... iterations per epoch: 72
[INFO    ][2026-09-14 17:26:18][root                ][init_opt                 ] Using AdamW
/data/hyuntak/project/2026/2027_cvpr/vjepa2/evals/action_anticipation_frozen/utils.py:34: FutureWarning: `torch.cuda.amp.GradScaler(args...)` is deprecated. Please use `torch.amp.GradScaler('cuda', args...)` instead.
  scalers += [torch.cuda.amp.GradScaler() if use_bfloat16 else None]
AttentiveClassifier(
  (pooler): AttentivePooler(
    (cross_attention_block): CrossAttentionBlock(
      (norm1): LayerNorm((1280,), eps=1e-05, elementwise_affine=True, bias=True)
      (xattn): CrossAttention(
        (q): Linear(in_features=1280, out_features=1280, bias=True)
        (kv): Linear(in_features=1280, out_features=2560, bias=True)
      )
      (norm2): LayerNorm((1280,), eps=1e-05, elementwise_affine=True, bias=True)
      (mlp): MLP(
        (fc1): Linear(in_features=1280, out_features=5120, bias=True)
        (act): GELU(approximate='none')
        (fc2): Linear(in_features=5120, out_features=1280, bias=True)
        (drop): Dropout(p=0.0, inplace=False)
      )
    )
    (blocks): ModuleList(
      (0-2): 3 x Block(
        (norm1): LayerNorm((1280,), eps=1e-05, elementwise_affine=True, bias=True)
        (attn): Attention(
          (qkv): Linear(in_features=1280, out_features=3840, bias=True)
          (attn_drop): Dropout(p=0.0, inplace=False)
          (proj): Linear(in_features=1280, out_features=1280, bias=True)
          (proj_drop): Dropout(p=0.0, inplace=False)
        )
        (drop_path): Identity()
        (norm2): LayerNorm((1280,), eps=1e-05, elementwise_affine=True, bias=True)
        (mlp): MLP(
          (fc1): Linear(in_features=1280, out_features=5120, bias=True)
          (act): GELU(approximate='none')
          (fc2): Linear(in_features=5120, out_features=1280, bias=True)
          (drop): Dropout(p=0.0, inplace=False)
        )
      )
    )
  )
  (verb_classifier): Linear(in_features=1280, out_features=97, bias=True)
  (noun_classifier): Linear(in_features=1280, out_features=289, bias=True)
  (action_classifier): Linear(in_features=1280, out_features=3568, bias=True)
)
[INFO    ][2026-09-14 17:26:18][root                ][get_video_wds_dataset    ] Total number of shards across all data is num_shards=495
[INFO    ][2026-09-14 17:26:18][root                ][__init__                 ] Done initializing ResampledShards
[INFO    ][2026-09-14 17:26:18][root                ][main                     ] Dataloader created... iterations per epoch: 525
[INFO    ][2026-09-14 17:26:18][root                ][get_video_wds_dataset    ] Total number of shards across all data is num_shards=138
[INFO    ][2026-09-14 17:26:18][root                ][__init__                 ] Done initializing ResampledShards
[INFO    ][2026-09-14 17:26:18][root                ][main                     ] Val dataloader created... iterations per epoch: 72
[INFO    ][2026-09-14 17:26:18][root                ][init_opt                 ] Using AdamW
/data/hyuntak/project/2026/2027_cvpr/vjepa2/evals/action_anticipation_frozen/utils.py:34: FutureWarning: `torch.cuda.amp.GradScaler(args...)` is deprecated. Please use `torch.amp.GradScaler('cuda', args...)` instead.
  scalers += [torch.cuda.amp.GradScaler() if use_bfloat16 else None]
AttentiveClassifier(
  (pooler): AttentivePooler(
    (cross_attention_block): CrossAttentionBlock(
      (norm1): LayerNorm((1280,), eps=1e-05, elementwise_affine=True, bias=True)
      (xattn): CrossAttention(
        (q): Linear(in_features=1280, out_features=1280, bias=True)
        (kv): Linear(in_features=1280, out_features=2560, bias=True)
      )
      (norm2): LayerNorm((1280,), eps=1e-05, elementwise_affine=True, bias=True)
      (mlp): MLP(
        (fc1): Linear(in_features=1280, out_features=5120, bias=True)
        (act): GELU(approximate='none')
        (fc2): Linear(in_features=5120, out_features=1280, bias=True)
        (drop): Dropout(p=0.0, inplace=False)
      )
    )
    (blocks): ModuleList(
      (0-2): 3 x Block(
        (norm1): LayerNorm((1280,), eps=1e-05, elementwise_affine=True, bias=True)
        (attn): Attention(
          (qkv): Linear(in_features=1280, out_features=3840, bias=True)
          (attn_drop): Dropout(p=0.0, inplace=False)
          (proj): Linear(in_features=1280, out_features=1280, bias=True)
          (proj_drop): Dropout(p=0.0, inplace=False)
        )
        (drop_path): Identity()
        (norm2): LayerNorm((1280,), eps=1e-05, elementwise_affine=True, bias=True)
        (mlp): MLP(
          (fc1): Linear(in_features=1280, out_features=5120, bias=True)
          (act): GELU(approximate='none')
          (fc2): Linear(in_features=5120, out_features=1280, bias=True)
          (drop): Dropout(p=0.0, inplace=False)
        )
      )
    )
  )
  (verb_classifier): Linear(in_features=1280, out_features=97, bias=True)
  (noun_classifier): Linear(in_features=1280, out_features=289, bias=True)
  (action_classifier): Linear(in_features=1280, out_features=3568, bias=True)
)
[INFO    ][2026-09-14 17:26:18][root                ][get_video_wds_dataset    ] Total number of shards across all data is num_shards=495
[INFO    ][2026-09-14 17:26:18][root                ][__init__                 ] Done initializing ResampledShards
[INFO    ][2026-09-14 17:26:18][root                ][main                     ] Dataloader created... iterations per epoch: 525
[INFO    ][2026-09-14 17:26:18][root                ][get_video_wds_dataset    ] Total number of shards across all data is num_shards=138
[INFO    ][2026-09-14 17:26:18][root                ][__init__                 ] Done initializing ResampledShards
[INFO    ][2026-09-14 17:26:18][root                ][main                     ] Val dataloader created... iterations per epoch: 72
[INFO    ][2026-09-14 17:26:18][root                ][init_opt                 ] Using AdamW
/data/hyuntak/project/2026/2027_cvpr/vjepa2/evals/action_anticipation_frozen/utils.py:34: FutureWarning: `torch.cuda.amp.GradScaler(args...)` is deprecated. Please use `torch.amp.GradScaler('cuda', args...)` instead.
  scalers += [torch.cuda.amp.GradScaler() if use_bfloat16 else None]
AttentiveClassifier(
  (pooler): AttentivePooler(
    (cross_attention_block): CrossAttentionBlock(
      (norm1): LayerNorm((1280,), eps=1e-05, elementwise_affine=True, bias=True)
      (xattn): CrossAttention(
        (q): Linear(in_features=1280, out_features=1280, bias=True)
        (kv): Linear(in_features=1280, out_features=2560, bias=True)
      )
      (norm2): LayerNorm((1280,), eps=1e-05, elementwise_affine=True, bias=True)
      (mlp): MLP(
        (fc1): Linear(in_features=1280, out_features=5120, bias=True)
        (act): GELU(approximate='none')
        (fc2): Linear(in_features=5120, out_features=1280, bias=True)
        (drop): Dropout(p=0.0, inplace=False)
      )
    )
    (blocks): ModuleList(
      (0-2): 3 x Block(
        (norm1): LayerNorm((1280,), eps=1e-05, elementwise_affine=True, bias=True)
        (attn): Attention(
          (qkv): Linear(in_features=1280, out_features=3840, bias=True)
          (attn_drop): Dropout(p=0.0, inplace=False)
          (proj): Linear(in_features=1280, out_features=1280, bias=True)
          (proj_drop): Dropout(p=0.0, inplace=False)
        )
        (drop_path): Identity()
        (norm2): LayerNorm((1280,), eps=1e-05, elementwise_affine=True, bias=True)
        (mlp): MLP(
          (fc1): Linear(in_features=1280, out_features=5120, bias=True)
          (act): GELU(approximate='none')
          (fc2): Linear(in_features=5120, out_features=1280, bias=True)
          (drop): Dropout(p=0.0, inplace=False)
        )
      )
    )
  )
  (verb_classifier): Linear(in_features=1280, out_features=97, bias=True)
  (noun_classifier): Linear(in_features=1280, out_features=289, bias=True)
  (action_classifier): Linear(in_features=1280, out_features=3568, bias=True)
)
[INFO    ][2026-09-14 17:26:18][root                ][get_video_wds_dataset    ] Total number of shards across all data is num_shards=495
[INFO    ][2026-09-14 17:26:18][root                ][__init__                 ] Done initializing ResampledShards
[INFO    ][2026-09-14 17:26:18][root                ][main                     ] Dataloader created... iterations per epoch: 525
[INFO    ][2026-09-14 17:26:18][root                ][get_video_wds_dataset    ] Total number of shards across all data is num_shards=138
[INFO    ][2026-09-14 17:26:18][root                ][__init__                 ] Done initializing ResampledShards
[INFO    ][2026-09-14 17:26:18][root                ][main                     ] Val dataloader created... iterations per epoch: 72
[INFO    ][2026-09-14 17:26:18][root                ][init_opt                 ] Using AdamW
/data/hyuntak/project/2026/2027_cvpr/vjepa2/evals/action_anticipation_frozen/utils.py:34: FutureWarning: `torch.cuda.amp.GradScaler(args...)` is deprecated. Please use `torch.amp.GradScaler('cuda', args...)` instead.
  scalers += [torch.cuda.amp.GradScaler() if use_bfloat16 else None]
AttentiveClassifier(
  (pooler): AttentivePooler(
    (cross_attention_block): CrossAttentionBlock(
      (norm1): LayerNorm((1280,), eps=1e-05, elementwise_affine=True, bias=True)
      (xattn): CrossAttention(
        (q): Linear(in_features=1280, out_features=1280, bias=True)
        (kv): Linear(in_features=1280, out_features=2560, bias=True)
      )
      (norm2): LayerNorm((1280,), eps=1e-05, elementwise_affine=True, bias=True)
      (mlp): MLP(
        (fc1): Linear(in_features=1280, out_features=5120, bias=True)
        (act): GELU(approximate='none')
        (fc2): Linear(in_features=5120, out_features=1280, bias=True)
        (drop): Dropout(p=0.0, inplace=False)
      )
    )
    (blocks): ModuleList(
      (0-2): 3 x Block(
        (norm1): LayerNorm((1280,), eps=1e-05, elementwise_affine=True, bias=True)
        (attn): Attention(
          (qkv): Linear(in_features=1280, out_features=3840, bias=True)
          (attn_drop): Dropout(p=0.0, inplace=False)
          (proj): Linear(in_features=1280, out_features=1280, bias=True)
          (proj_drop): Dropout(p=0.0, inplace=False)
        )
        (drop_path): Identity()
        (norm2): LayerNorm((1280,), eps=1e-05, elementwise_affine=True, bias=True)
        (mlp): MLP(
          (fc1): Linear(in_features=1280, out_features=5120, bias=True)
          (act): GELU(approximate='none')
          (fc2): Linear(in_features=5120, out_features=1280, bias=True)
          (drop): Dropout(p=0.0, inplace=False)
        )
      )
    )
  )
  (verb_classifier): Linear(in_features=1280, out_features=97, bias=True)
  (noun_classifier): Linear(in_features=1280, out_features=289, bias=True)
  (action_classifier): Linear(in_features=1280, out_features=3568, bias=True)
)
[INFO    ][2026-09-14 17:26:18][root                ][get_video_wds_dataset    ] Total number of shards across all data is num_shards=495
[INFO    ][2026-09-14 17:26:18][root                ][__init__                 ] Done initializing ResampledShards
[INFO    ][2026-09-14 17:26:18][root                ][main                     ] Dataloader created... iterations per epoch: 525
[INFO    ][2026-09-14 17:26:18][root                ][get_video_wds_dataset    ] Total number of shards across all data is num_shards=138
[INFO    ][2026-09-14 17:26:18][root                ][__init__                 ] Done initializing ResampledShards
[INFO    ][2026-09-14 17:26:18][root                ][main                     ] Val dataloader created... iterations per epoch: 72
[INFO    ][2026-09-14 17:26:18][root                ][init_opt                 ] Using AdamW
/data/hyuntak/project/2026/2027_cvpr/vjepa2/evals/action_anticipation_frozen/utils.py:34: FutureWarning: `torch.cuda.amp.GradScaler(args...)` is deprecated. Please use `torch.amp.GradScaler('cuda', args...)` instead.
  scalers += [torch.cuda.amp.GradScaler() if use_bfloat16 else None]
AttentiveClassifier(
  (pooler): AttentivePooler(
    (cross_attention_block): CrossAttentionBlock(
      (norm1): LayerNorm((1280,), eps=1e-05, elementwise_affine=True, bias=True)
      (xattn): CrossAttention(
        (q): Linear(in_features=1280, out_features=1280, bias=True)
        (kv): Linear(in_features=1280, out_features=2560, bias=True)
      )
      (norm2): LayerNorm((1280,), eps=1e-05, elementwise_affine=True, bias=True)
      (mlp): MLP(
        (fc1): Linear(in_features=1280, out_features=5120, bias=True)
        (act): GELU(approximate='none')
        (fc2): Linear(in_features=5120, out_features=1280, bias=True)
        (drop): Dropout(p=0.0, inplace=False)
      )
    )
    (blocks): ModuleList(
      (0-2): 3 x Block(
        (norm1): LayerNorm((1280,), eps=1e-05, elementwise_affine=True, bias=True)
        (attn): Attention(
          (qkv): Linear(in_features=1280, out_features=3840, bias=True)
          (attn_drop): Dropout(p=0.0, inplace=False)
          (proj): Linear(in_features=1280, out_features=1280, bias=True)
          (proj_drop): Dropout(p=0.0, inplace=False)
        )
        (drop_path): Identity()
        (norm2): LayerNorm((1280,), eps=1e-05, elementwise_affine=True, bias=True)
        (mlp): MLP(
          (fc1): Linear(in_features=1280, out_features=5120, bias=True)
          (act): GELU(approximate='none')
          (fc2): Linear(in_features=5120, out_features=1280, bias=True)
          (drop): Dropout(p=0.0, inplace=False)
        )
      )
    )
  )
  (verb_classifier): Linear(in_features=1280, out_features=97, bias=True)
  (noun_classifier): Linear(in_features=1280, out_features=289, bias=True)
  (action_classifier): Linear(in_features=1280, out_features=3568, bias=True)
)
[INFO    ][2026-09-14 17:26:18][root                ][get_video_wds_dataset    ] Total number of shards across all data is num_shards=495
[INFO    ][2026-09-14 17:26:18][root                ][__init__                 ] Done initializing ResampledShards
[INFO    ][2026-09-14 17:26:18][root                ][main                     ] Dataloader created... iterations per epoch: 525
[INFO    ][2026-09-14 17:26:18][root                ][get_video_wds_dataset    ] Total number of shards across all data is num_shards=138
[INFO    ][2026-09-14 17:26:18][root                ][__init__                 ] Done initializing ResampledShards
[INFO    ][2026-09-14 17:26:18][root                ][main                     ] Val dataloader created... iterations per epoch: 72
[INFO    ][2026-09-14 17:26:18][root                ][init_opt                 ] Using AdamW
/data/hyuntak/project/2026/2027_cvpr/vjepa2/evals/action_anticipation_frozen/utils.py:34: FutureWarning: `torch.cuda.amp.GradScaler(args...)` is deprecated. Please use `torch.amp.GradScaler('cuda', args...)` instead.
  scalers += [torch.cuda.amp.GradScaler() if use_bfloat16 else None]
AttentiveClassifier(
  (pooler): AttentivePooler(
    (cross_attention_block): CrossAttentionBlock(
      (norm1): LayerNorm((1280,), eps=1e-05, elementwise_affine=True, bias=True)
      (xattn): CrossAttention(
        (q): Linear(in_features=1280, out_features=1280, bias=True)
        (kv): Linear(in_features=1280, out_features=2560, bias=True)
      )
      (norm2): LayerNorm((1280,), eps=1e-05, elementwise_affine=True, bias=True)
      (mlp): MLP(
        (fc1): Linear(in_features=1280, out_features=5120, bias=True)
        (act): GELU(approximate='none')
        (fc2): Linear(in_features=5120, out_features=1280, bias=True)
        (drop): Dropout(p=0.0, inplace=False)
      )
    )
    (blocks): ModuleList(
      (0-2): 3 x Block(
        (norm1): LayerNorm((1280,), eps=1e-05, elementwise_affine=True, bias=True)
        (attn): Attention(
          (qkv): Linear(in_features=1280, out_features=3840, bias=True)
          (attn_drop): Dropout(p=0.0, inplace=False)
          (proj): Linear(in_features=1280, out_features=1280, bias=True)
          (proj_drop): Dropout(p=0.0, inplace=False)
        )
        (drop_path): Identity()
        (norm2): LayerNorm((1280,), eps=1e-05, elementwise_affine=True, bias=True)
        (mlp): MLP(
          (fc1): Linear(in_features=1280, out_features=5120, bias=True)
          (act): GELU(approximate='none')
          (fc2): Linear(in_features=5120, out_features=1280, bias=True)
          (drop): Dropout(p=0.0, inplace=False)
        )
      )
    )
  )
  (verb_classifier): Linear(in_features=1280, out_features=97, bias=True)
  (noun_classifier): Linear(in_features=1280, out_features=289, bias=True)
  (action_classifier): Linear(in_features=1280, out_features=3568, bias=True)
)
[INFO    ][2026-09-14 17:26:18][root                ][get_video_wds_dataset    ] Total number of shards across all data is num_shards=495
AttentiveClassifier(
  (pooler): AttentivePooler(
    (cross_attention_block): CrossAttentionBlock(
      (norm1): LayerNorm((1280,), eps=1e-05, elementwise_affine=True, bias=True)
      (xattn): CrossAttention(
        (q): Linear(in_features=1280, out_features=1280, bias=True)
        (kv): Linear(in_features=1280, out_features=2560, bias=True)
      )
      (norm2): LayerNorm((1280,), eps=1e-05, elementwise_affine=True, bias=True)
      (mlp): MLP(
        (fc1): Linear(in_features=1280, out_features=5120, bias=True)
        (act): GELU(approximate='none')
        (fc2): Linear(in_features=5120, out_features=1280, bias=True)
        (drop): Dropout(p=0.0, inplace=False)
      )
    )
    (blocks): ModuleList(
      (0-2): 3 x Block(
        (norm1): LayerNorm((1280,), eps=1e-05, elementwise_affine=True, bias=True)
        (attn): Attention(
          (qkv): Linear(in_features=1280, out_features=3840, bias=True)
          (attn_drop): Dropout(p=0.0, inplace=False)
          (proj): Linear(in_features=1280, out_features=1280, bias=True)
          (proj_drop): Dropout(p=0.0, inplace=False)
        )
        (drop_path): Identity()
        (norm2): LayerNorm((1280,), eps=1e-05, elementwise_affine=True, bias=True)
        (mlp): MLP(
          (fc1): Linear(in_features=1280, out_features=5120, bias=True)
          (act): GELU(approximate='none')
          (fc2): Linear(in_features=5120, out_features=1280, bias=True)
          (drop): Dropout(p=0.0, inplace=False)
        )
      )
    )
  )
  (verb_classifier): Linear(in_features=1280, out_features=97, bias=True)
  (noun_classifier): Linear(in_features=1280, out_features=289, bias=True)
  (action_classifier): Linear(in_features=1280, out_features=3568, bias=True)
)
[INFO    ][2026-09-14 17:26:18][root                ][__init__                 ] Done initializing ResampledShards
[INFO    ][2026-09-14 17:26:18][root                ][main                     ] Dataloader created... iterations per epoch: 525
[INFO    ][2026-09-14 17:26:18][root                ][get_video_wds_dataset    ] Total number of shards across all data is num_shards=495
[INFO    ][2026-09-14 17:26:18][root                ][get_video_wds_dataset    ] Total number of shards across all data is num_shards=138
[INFO    ][2026-09-14 17:26:18][root                ][__init__                 ] Done initializing ResampledShards
[INFO    ][2026-09-14 17:26:18][root                ][main                     ] Val dataloader created... iterations per epoch: 72
[INFO    ][2026-09-14 17:26:18][root                ][init_opt                 ] Using AdamW
/data/hyuntak/project/2026/2027_cvpr/vjepa2/evals/action_anticipation_frozen/utils.py:34: FutureWarning: `torch.cuda.amp.GradScaler(args...)` is deprecated. Please use `torch.amp.GradScaler('cuda', args...)` instead.
  scalers += [torch.cuda.amp.GradScaler() if use_bfloat16 else None]
[INFO    ][2026-09-14 17:26:18][root                ][__init__                 ] Done initializing ResampledShards
[INFO    ][2026-09-14 17:26:18][root                ][main                     ] Dataloader created... iterations per epoch: 525
[INFO    ][2026-09-14 17:26:18][root                ][get_video_wds_dataset    ] Total number of shards across all data is num_shards=138
[INFO    ][2026-09-14 17:26:18][root                ][__init__                 ] Done initializing ResampledShards
[INFO    ][2026-09-14 17:26:18][root                ][main                     ] Val dataloader created... iterations per epoch: 72
[INFO    ][2026-09-14 17:26:18][root                ][init_opt                 ] Using AdamW
/data/hyuntak/project/2026/2027_cvpr/vjepa2/evals/action_anticipation_frozen/utils.py:34: FutureWarning: `torch.cuda.amp.GradScaler(args...)` is deprecated. Please use `torch.amp.GradScaler('cuda', args...)` instead.
  scalers += [torch.cuda.amp.GradScaler() if use_bfloat16 else None]
[INFO    ][2026-09-14 17:26:19][root                ][main                     ] Epoch 0
[INFO    ][2026-09-14 17:26:19][root                ][main                     ] Training...
/data/hyuntak/project/2026/2027_cvpr/vjepa2/evals/action_anticipation_frozen/eval.py:593: FutureWarning: `torch.cuda.amp.autocast(args...)` is deprecated. Please use `torch.amp.autocast('cuda', args...)` instead.
  with torch.cuda.amp.autocast(dtype=torch.bfloat16, enabled=use_bfloat16):
/data/hyuntak/project/2026/2027_cvpr/vjepa2/evals/action_anticipation_frozen/eval.py:593: FutureWarning: `torch.cuda.amp.autocast(args...)` is deprecated. Please use `torch.amp.autocast('cuda', args...)` instead.
  with torch.cuda.amp.autocast(dtype=torch.bfloat16, enabled=use_bfloat16):
/data/hyuntak/project/2026/2027_cvpr/vjepa2/evals/action_anticipation_frozen/eval.py:593: FutureWarning: `torch.cuda.amp.autocast(args...)` is deprecated. Please use `torch.amp.autocast('cuda', args...)` instead.
  with torch.cuda.amp.autocast(dtype=torch.bfloat16, enabled=use_bfloat16):
/data/hyuntak/project/2026/2027_cvpr/vjepa2/evals/action_anticipation_frozen/eval.py:593: FutureWarning: `torch.cuda.amp.autocast(args...)` is deprecated. Please use `torch.amp.autocast('cuda', args...)` instead.
  with torch.cuda.amp.autocast(dtype=torch.bfloat16, enabled=use_bfloat16):
/data/hyuntak/project/2026/2027_cvpr/vjepa2/evals/action_anticipation_frozen/eval.py:593: FutureWarning: `torch.cuda.amp.autocast(args...)` is deprecated. Please use `torch.amp.autocast('cuda', args...)` instead.
  with torch.cuda.amp.autocast(dtype=torch.bfloat16, enabled=use_bfloat16):
/data/hyuntak/project/2026/2027_cvpr/vjepa2/evals/action_anticipation_frozen/eval.py:593: FutureWarning: `torch.cuda.amp.autocast(args...)` is deprecated. Please use `torch.amp.autocast('cuda', args...)` instead.
  with torch.cuda.amp.autocast(dtype=torch.bfloat16, enabled=use_bfloat16):
/data/hyuntak/anaconda3/envs/vjepa2/lib/python3.12/contextlib.py:105: FutureWarning: `torch.backends.cuda.sdp_kernel()` is deprecated. In the future, this context manager will be removed. Please see `torch.nn.attention.sdpa_kernel()` for the new context manager, with updated signature.
  self.gen = func(*args, **kwds)
/data/hyuntak/project/2026/2027_cvpr/vjepa2/evals/action_anticipation_frozen/eval.py:593: FutureWarning: `torch.cuda.amp.autocast(args...)` is deprecated. Please use `torch.amp.autocast('cuda', args...)` instead.
  with torch.cuda.amp.autocast(dtype=torch.bfloat16, enabled=use_bfloat16):
/data/hyuntak/project/2026/2027_cvpr/vjepa2/evals/action_anticipation_frozen/eval.py:593: FutureWarning: `torch.cuda.amp.autocast(args...)` is deprecated. Please use `torch.amp.autocast('cuda', args...)` instead.
  with torch.cuda.amp.autocast(dtype=torch.bfloat16, enabled=use_bfloat16):
/data/hyuntak/anaconda3/envs/vjepa2/lib/python3.12/contextlib.py:105: FutureWarning: `torch.backends.cuda.sdp_kernel()` is deprecated. In the future, this context manager will be removed. Please see `torch.nn.attention.sdpa_kernel()` for the new context manager, with updated signature.
  self.gen = func(*args, **kwds)
/data/hyuntak/anaconda3/envs/vjepa2/lib/python3.12/contextlib.py:105: FutureWarning: `torch.backends.cuda.sdp_kernel()` is deprecated. In the future, this context manager will be removed. Please see `torch.nn.attention.sdpa_kernel()` for the new context manager, with updated signature.
  self.gen = func(*args, **kwds)
/data/hyuntak/anaconda3/envs/vjepa2/lib/python3.12/contextlib.py:105: FutureWarning: `torch.backends.cuda.sdp_kernel()` is deprecated. In the future, this context manager will be removed. Please see `torch.nn.attention.sdpa_kernel()` for the new context manager, with updated signature.
  self.gen = func(*args, **kwds)
/data/hyuntak/anaconda3/envs/vjepa2/lib/python3.12/contextlib.py:105: FutureWarning: `torch.backends.cuda.sdp_kernel()` is deprecated. In the future, this context manager will be removed. Please see `torch.nn.attention.sdpa_kernel()` for the new context manager, with updated signature.
  self.gen = func(*args, **kwds)
/data/hyuntak/anaconda3/envs/vjepa2/lib/python3.12/contextlib.py:105: FutureWarning: `torch.backends.cuda.sdp_kernel()` is deprecated. In the future, this context manager will be removed. Please see `torch.nn.attention.sdpa_kernel()` for the new context manager, with updated signature.
  self.gen = func(*args, **kwds)
/data/hyuntak/anaconda3/envs/vjepa2/lib/python3.12/contextlib.py:105: FutureWarning: `torch.backends.cuda.sdp_kernel()` is deprecated. In the future, this context manager will be removed. Please see `torch.nn.attention.sdpa_kernel()` for the new context manager, with updated signature.
  self.gen = func(*args, **kwds)
/data/hyuntak/anaconda3/envs/vjepa2/lib/python3.12/contextlib.py:105: FutureWarning: `torch.backends.cuda.sdp_kernel()` is deprecated. In the future, this context manager will be removed. Please see `torch.nn.attention.sdpa_kernel()` for the new context manager, with updated signature.
  self.gen = func(*args, **kwds)
[INFO    ][2026-09-14 17:26:45][root                ][train_one_epoch          ] [    0] acc (v/n): 0.0% (3.1% 6.2%) recall (v/n): 0.0% (5.6% 2.9%) [mem: 8.60e+03] [data: 5079.4 ms]
[INFO    ][2026-09-14 17:27:09][root                ][train_one_epoch          ] [   10] acc (v/n): 2.2% (27.3% 6.9%) recall (v/n): 0.2% (6.1% 2.1%) [mem: 9.22e+03] [data: 476.5 ms]
[INFO    ][2026-09-14 17:27:30][root                ][train_one_epoch          ] [   20] acc (v/n): 4.3% (39.8% 10.1%) recall (v/n): 0.4% (6.5% 2.5%) [mem: 9.22e+03] [data: 257.3 ms]
[INFO    ][2026-09-14 17:27:52][root                ][train_one_epoch          ] [   30] acc (v/n): 4.3% (42.6% 9.9%) recall (v/n): 0.3% (6.0% 2.4%) [mem: 9.22e+03] [data: 179.5 ms]
[INFO    ][2026-09-14 17:28:14][root                ][train_one_epoch          ] [   40] acc (v/n): 4.0% (44.9% 9.5%) recall (v/n): 0.3% (6.0% 2.1%) [mem: 9.22e+03] [data: 139.6 ms]
[INFO    ][2026-09-14 17:28:36][root                ][train_one_epoch          ] [   50] acc (v/n): 4.4% (47.6% 10.5%) recall (v/n): 0.3% (5.9% 2.1%) [mem: 9.22e+03] [data: 115.4 ms]
[INFO    ][2026-09-14 17:28:58][root                ][train_one_epoch          ] [   60] acc (v/n): 4.7% (49.1% 11.3%) recall (v/n): 0.3% (5.7% 2.3%) [mem: 9.22e+03] [data: 99.1 ms]
[INFO    ][2026-09-14 17:29:20][root                ][train_one_epoch          ] [   70] acc (v/n): 5.1% (49.6% 11.9%) recall (v/n): 0.3% (5.3% 2.4%) [mem: 9.22e+03] [data: 87.4 ms]
[INFO    ][2026-09-14 17:29:42][root                ][train_one_epoch          ] [   80] acc (v/n): 5.4% (50.0% 12.3%) recall (v/n): 0.3% (5.2% 2.4%) [mem: 9.22e+03] [data: 78.6 ms]
[INFO    ][2026-09-14 17:30:04][root                ][train_one_epoch          ] [   90] acc (v/n): 5.5% (50.8% 12.5%) recall (v/n): 0.3% (5.3% 2.3%) [mem: 9.22e+03] [data: 71.7 ms]
[INFO    ][2026-09-14 17:30:26][root                ][train_one_epoch          ] [  100] acc (v/n): 5.7% (51.4% 12.8%) recall (v/n): 0.3% (5.2% 2.3%) [mem: 9.22e+03] [data: 66.2 ms]
[INFO    ][2026-09-14 17:30:48][root                ][train_one_epoch          ] [  110] acc (v/n): 5.9% (52.0% 13.5%) recall (v/n): 0.3% (5.2% 2.3%) [mem: 9.22e+03] [data: 61.7 ms]
[INFO    ][2026-09-14 17:31:10][root                ][train_one_epoch          ] [  120] acc (v/n): 6.0% (52.9% 13.8%) recall (v/n): 0.3% (5.2% 2.3%) [mem: 9.22e+03] [data: 58.0 ms]
[INFO    ][2026-09-14 17:31:32][root                ][train_one_epoch          ] [  130] acc (v/n): 6.0% (53.4% 14.0%) recall (v/n): 0.2% (5.1% 2.3%) [mem: 9.22e+03] [data: 54.8 ms]
[INFO    ][2026-09-14 17:31:54][root                ][train_one_epoch          ] [  140] acc (v/n): 6.1% (53.8% 14.0%) recall (v/n): 0.2% (5.1% 2.2%) [mem: 9.22e+03] [data: 52.0 ms]
[INFO    ][2026-09-14 17:32:16][root                ][train_one_epoch          ] [  150] acc (v/n): 6.4% (54.4% 14.2%) recall (v/n): 0.2% (5.1% 2.2%) [mem: 9.22e+03] [data: 49.7 ms]
[INFO    ][2026-09-14 17:32:38][root                ][train_one_epoch          ] [  160] acc (v/n): 6.5% (55.1% 14.2%) recall (v/n): 0.2% (5.2% 2.1%) [mem: 9.22e+03] [data: 47.6 ms]
[INFO    ][2026-09-14 17:33:00][root                ][train_one_epoch          ] [  170] acc (v/n): 6.6% (55.6% 14.3%) recall (v/n): 0.2% (5.2% 2.2%) [mem: 9.22e+03] [data: 45.7 ms]
[INFO    ][2026-09-14 17:33:22][root                ][train_one_epoch          ] [  180] acc (v/n): 6.7% (56.0% 14.2%) recall (v/n): 0.2% (5.1% 2.2%) [mem: 9.22e+03] [data: 44.1 ms]
[INFO    ][2026-09-14 17:33:44][root                ][train_one_epoch          ] [  190] acc (v/n): 6.8% (56.2% 14.4%) recall (v/n): 0.2% (5.1% 2.1%) [mem: 9.22e+03] [data: 42.7 ms]
[INFO    ][2026-09-14 17:34:06][root                ][train_one_epoch          ] [  200] acc (v/n): 6.8% (56.6% 14.4%) recall (v/n): 0.2% (5.1% 2.1%) [mem: 9.22e+03] [data: 41.3 ms]
[INFO    ][2026-09-14 17:34:28][root                ][train_one_epoch          ] [  210] acc (v/n): 6.9% (57.2% 14.3%) recall (v/n): 0.2% (5.1% 2.1%) [mem: 9.22e+03] [data: 40.1 ms]
[INFO    ][2026-09-14 17:34:50][root                ][train_one_epoch          ] [  220] acc (v/n): 7.0% (57.3% 14.3%) recall (v/n): 0.2% (5.1% 2.1%) [mem: 9.22e+03] [data: 39.1 ms]
[INFO    ][2026-09-14 17:35:12][root                ][train_one_epoch          ] [  230] acc (v/n): 6.9% (57.7% 14.3%) recall (v/n): 0.2% (5.1% 2.1%) [mem: 9.22e+03] [data: 38.1 ms]
[INFO    ][2026-09-14 17:35:34][root                ][train_one_epoch          ] [  240] acc (v/n): 7.0% (57.9% 14.5%) recall (v/n): 0.2% (5.1% 2.1%) [mem: 9.22e+03] [data: 37.1 ms]
[INFO    ][2026-09-14 17:35:56][root                ][train_one_epoch          ] [  250] acc (v/n): 7.1% (58.2% 14.6%) recall (v/n): 0.2% (5.1% 2.1%) [mem: 9.22e+03] [data: 36.3 ms]
[INFO    ][2026-09-14 17:36:18][root                ][train_one_epoch          ] [  260] acc (v/n): 7.2% (58.5% 14.8%) recall (v/n): 0.2% (5.1% 2.1%) [mem: 9.22e+03] [data: 35.5 ms]
[INFO    ][2026-09-14 17:36:41][root                ][train_one_epoch          ] [  270] acc (v/n): 7.3% (58.7% 14.7%) recall (v/n): 0.2% (5.2% 2.1%) [mem: 9.22e+03] [data: 34.8 ms]
[INFO    ][2026-09-14 17:37:03][root                ][train_one_epoch          ] [  280] acc (v/n): 7.2% (58.7% 14.7%) recall (v/n): 0.2% (5.2% 2.1%) [mem: 9.22e+03] [data: 34.1 ms]
[INFO    ][2026-09-14 17:37:25][root                ][train_one_epoch          ] [  290] acc (v/n): 7.2% (58.8% 14.7%) recall (v/n): 0.2% (5.2% 2.1%) [mem: 9.22e+03] [data: 33.5 ms]
[INFO    ][2026-09-14 17:37:47][root                ][train_one_epoch          ] [  300] acc (v/n): 7.2% (58.9% 14.7%) recall (v/n): 0.2% (5.2% 2.0%) [mem: 9.22e+03] [data: 32.9 ms]
[INFO    ][2026-09-14 17:38:09][root                ][train_one_epoch          ] [  310] acc (v/n): 7.2% (59.2% 14.7%) recall (v/n): 0.2% (5.2% 2.0%) [mem: 9.22e+03] [data: 32.4 ms]
[INFO    ][2026-09-14 17:38:32][root                ][train_one_epoch          ] [  320] acc (v/n): 7.2% (59.2% 14.6%) recall (v/n): 0.2% (5.2% 2.1%) [mem: 9.22e+03] [data: 31.9 ms]
[INFO    ][2026-09-14 17:38:54][root                ][train_one_epoch          ] [  330] acc (v/n): 7.2% (59.4% 14.7%) recall (v/n): 0.2% (5.2% 2.1%) [mem: 9.22e+03] [data: 31.4 ms]
[INFO    ][2026-09-14 17:39:16][root                ][train_one_epoch          ] [  340] acc (v/n): 7.2% (59.5% 14.7%) recall (v/n): 0.2% (5.2% 2.1%) [mem: 9.22e+03] [data: 31.0 ms]
[INFO    ][2026-09-14 17:39:38][root                ][train_one_epoch          ] [  350] acc (v/n): 7.2% (59.6% 14.8%) recall (v/n): 0.2% (5.3% 2.1%) [mem: 9.22e+03] [data: 30.5 ms]
[INFO    ][2026-09-14 17:40:00][root                ][train_one_epoch          ] [  360] acc (v/n): 7.3% (59.5% 14.8%) recall (v/n): 0.2% (5.3% 2.1%) [mem: 9.22e+03] [data: 30.1 ms]
[INFO    ][2026-09-14 17:40:32][root                ][train_one_epoch          ] [  370] acc (v/n): 7.3% (59.5% 14.9%) recall (v/n): 0.2% (5.3% 2.2%) [mem: 9.22e+03] [data: 29.7 ms]
[INFO    ][2026-09-14 17:41:07][root                ][train_one_epoch          ] [  380] acc (v/n): 7.2% (59.5% 14.8%) recall (v/n): 0.2% (5.3% 2.2%) [mem: 9.22e+03] [data: 29.4 ms]
[INFO    ][2026-09-14 17:41:40][root                ][train_one_epoch          ] [  390] acc (v/n): 7.2% (59.4% 14.8%) recall (v/n): 0.2% (5.3% 2.2%) [mem: 9.22e+03] [data: 29.0 ms]
[INFO    ][2026-09-14 17:42:20][root                ][train_one_epoch          ] [  400] acc (v/n): 7.2% (59.4% 14.8%) recall (v/n): 0.2% (5.3% 2.2%) [mem: 9.22e+03] [data: 28.7 ms]
[INFO    ][2026-09-14 17:42:42][root                ][train_one_epoch          ] [  410] acc (v/n): 7.2% (59.3% 14.8%) recall (v/n): 0.2% (5.3% 2.2%) [mem: 9.22e+03] [data: 28.4 ms]
[INFO    ][2026-09-14 17:43:05][root                ][train_one_epoch          ] [  420] acc (v/n): 7.2% (59.3% 14.8%) recall (v/n): 0.2% (5.3% 2.3%) [mem: 9.22e+03] [data: 28.1 ms]
[INFO    ][2026-09-14 17:43:35][root                ][train_one_epoch          ] [  430] acc (v/n): 7.2% (59.2% 14.8%) recall (v/n): 0.2% (5.3% 2.3%) [mem: 9.22e+03] [data: 27.8 ms]
[INFO    ][2026-09-14 17:44:05][root                ][train_one_epoch          ] [  440] acc (v/n): 7.2% (59.2% 14.7%) recall (v/n): 0.2% (5.3% 2.3%) [mem: 9.22e+03] [data: 27.6 ms]
[INFO    ][2026-09-14 17:44:46][root                ][train_one_epoch          ] [  450] acc (v/n): 7.2% (59.2% 14.7%) recall (v/n): 0.2% (5.3% 2.3%) [mem: 9.22e+03] [data: 27.3 ms]
[INFO    ][2026-09-14 17:45:08][root                ][train_one_epoch          ] [  460] acc (v/n): 7.3% (59.1% 14.6%) recall (v/n): 0.2% (5.3% 2.3%) [mem: 9.22e+03] [data: 27.0 ms]
[INFO    ][2026-09-14 17:45:30][root                ][train_one_epoch          ] [  470] acc (v/n): 7.3% (59.2% 14.7%) recall (v/n): 0.2% (5.3% 2.3%) [mem: 9.22e+03] [data: 26.8 ms]
[INFO    ][2026-09-14 17:45:57][root                ][train_one_epoch          ] [  480] acc (v/n): 7.3% (59.3% 14.7%) recall (v/n): 0.2% (5.3% 2.3%) [mem: 9.22e+03] [data: 26.6 ms]
[INFO    ][2026-09-14 17:46:32][root                ][train_one_epoch          ] [  490] acc (v/n): 7.3% (59.3% 14.8%) recall (v/n): 0.2% (5.3% 2.3%) [mem: 9.22e+03] [data: 26.3 ms]
[INFO    ][2026-09-14 17:47:05][root                ][train_one_epoch          ] [  500] acc (v/n): 7.3% (59.3% 14.7%) recall (v/n): 0.2% (5.3% 2.3%) [mem: 9.22e+03] [data: 26.1 ms]
[INFO    ][2026-09-14 17:47:47][root                ][train_one_epoch          ] [  510] acc (v/n): 7.3% (59.4% 14.8%) recall (v/n): 0.2% (5.3% 2.3%) [mem: 9.22e+03] [data: 25.9 ms]
[INFO    ][2026-09-14 17:48:17][root                ][train_one_epoch          ] [  520] acc (v/n): 7.3% (59.5% 14.8%) recall (v/n): 0.2% (5.5% 2.3%) [mem: 9.22e+03] [data: 29.5 ms]
[INFO    ][2026-09-14 17:48:41][root                ][train_one_epoch          ] [  524] acc (v/n): 7.3% (59.5% 14.8%) recall (v/n): 0.2% (5.5% 2.3%) [mem: 9.22e+03] [data: 58.0 ms]
[INFO    ][2026-09-14 17:48:56][root                ][validate_exact           ] [exact val] itr 0  clips so far (this rank) 16
[INFO    ][2026-09-14 17:50:21][root                ][validate_exact           ] [exact val] itr 50  clips so far (this rank) 796
[INFO    ][2026-09-14 17:51:46][root                ][validate_exact           ] [exact val] itr 100  clips so far (this rank) 1573
[INFO    ][2026-09-14 17:52:24][root                ][main                     ] [exact val] epoch 1  n_clips 9296/9296  mean class recall@5  action 0.47  verb 6.85  noun 2.66
[INFO    ][2026-09-14 17:52:24][root                ][main                     ] [    1] train acc (v/n): 7.3% (59.5% 14.8%) train recall (v/n): 0.2% (5.5% 2.3%) val acc (v/n): 6.6% (53.9% 12.2%) val recall (v/n): 0.5% (6.9% 2.7%) 
[INFO    ][2026-09-14 17:52:26][root                ][main                     ] Epoch 1
[INFO    ][2026-09-14 17:52:26][root                ][main                     ] Training...
[INFO    ][2026-09-14 17:52:53][root                ][train_one_epoch          ] [    0] acc (v/n): 7.8% (62.5% 13.3%) recall (v/n): 5.1% (19.0% 7.9%) [mem: 9.22e+03] [data: 5367.9 ms]
[INFO    ][2026-09-14 17:53:15][root                ][train_one_epoch          ] [   10] acc (v/n): 7.6% (64.8% 15.6%) recall (v/n): 0.9% (8.2% 3.6%) [mem: 9.22e+03] [data: 502.5 ms]
[INFO    ][2026-09-14 17:53:37][root                ][train_one_epoch          ] [   20] acc (v/n): 7.9% (65.5% 16.4%) recall (v/n): 0.7% (7.6% 3.4%) [mem: 9.22e+03] [data: 270.8 ms]
[INFO    ][2026-09-14 17:53:59][root                ][train_one_epoch          ] [   30] acc (v/n): 7.7% (65.1% 16.2%) recall (v/n): 0.6% (6.9% 3.2%) [mem: 9.22e+03] [data: 188.7 ms]
[INFO    ][2026-09-14 17:54:21][root                ][train_one_epoch          ] [   40] acc (v/n): 7.7% (64.1% 15.7%) recall (v/n): 0.5% (6.8% 3.0%) [mem: 9.22e+03] [data: 146.5 ms]
[INFO    ][2026-09-14 17:54:43][root                ][train_one_epoch          ] [   50] acc (v/n): 8.1% (63.7% 16.1%) recall (v/n): 0.5% (6.5% 2.9%) [mem: 9.22e+03] [data: 121.0 ms]
[INFO    ][2026-09-14 17:55:05][root                ][train_one_epoch          ] [   60] acc (v/n): 8.2% (63.1% 16.0%) recall (v/n): 0.5% (6.5% 2.8%) [mem: 9.22e+03] [data: 103.8 ms]
[INFO    ][2026-09-14 17:55:27][root                ][train_one_epoch          ] [   70] acc (v/n): 8.4% (62.8% 16.3%) recall (v/n): 0.4% (6.2% 2.9%) [mem: 9.22e+03] [data: 91.4 ms]
[INFO    ][2026-09-14 17:55:49][root                ][train_one_epoch          ] [   80] acc (v/n): 8.7% (63.0% 16.3%) recall (v/n): 0.4% (5.9% 2.7%) [mem: 9.22e+03] [data: 82.2 ms]
[INFO    ][2026-09-14 17:56:11][root                ][train_one_epoch          ] [   90] acc (v/n): 8.7% (63.1% 16.6%) recall (v/n): 0.4% (5.8% 2.6%) [mem: 9.22e+03] [data: 74.9 ms]
[INFO    ][2026-09-14 17:56:33][root                ][train_one_epoch          ] [  100] acc (v/n): 8.7% (63.3% 16.6%) recall (v/n): 0.4% (5.8% 2.5%) [mem: 9.22e+03] [data: 69.1 ms]
[INFO    ][2026-09-14 17:56:55][root                ][train_one_epoch          ] [  110] acc (v/n): 8.5% (63.4% 16.3%) recall (v/n): 0.3% (5.8% 2.5%) [mem: 9.22e+03] [data: 64.3 ms]
[INFO    ][2026-09-14 17:57:17][root                ][train_one_epoch          ] [  120] acc (v/n): 8.7% (63.2% 16.9%) recall (v/n): 0.3% (5.7% 2.5%) [mem: 9.22e+03] [data: 60.3 ms]
[INFO    ][2026-09-14 17:57:39][root                ][train_one_epoch          ] [  130] acc (v/n): 8.6% (62.9% 16.9%) recall (v/n): 0.3% (5.6% 2.5%) [mem: 9.22e+03] [data: 56.9 ms]
[INFO    ][2026-09-14 17:58:01][root                ][train_one_epoch          ] [  140] acc (v/n): 8.6% (62.8% 16.8%) recall (v/n): 0.3% (5.6% 2.4%) [mem: 9.22e+03] [data: 54.0 ms]
[INFO    ][2026-09-14 17:58:23][root                ][train_one_epoch          ] [  150] acc (v/n): 8.6% (62.7% 17.0%) recall (v/n): 0.3% (5.6% 2.4%) [mem: 9.22e+03] [data: 51.5 ms]
[INFO    ][2026-09-14 17:58:46][root                ][train_one_epoch          ] [  160] acc (v/n): 8.6% (62.6% 16.9%) recall (v/n): 0.3% (5.6% 2.4%) [mem: 9.22e+03] [data: 49.3 ms]
[INFO    ][2026-09-14 17:59:08][root                ][train_one_epoch          ] [  170] acc (v/n): 8.6% (62.5% 17.0%) recall (v/n): 0.3% (5.6% 2.4%) [mem: 9.22e+03] [data: 47.4 ms]
[INFO    ][2026-09-14 17:59:30][root                ][train_one_epoch          ] [  180] acc (v/n): 8.6% (62.9% 17.2%) recall (v/n): 0.3% (5.6% 2.4%) [mem: 9.22e+03] [data: 45.6 ms]
[INFO    ][2026-09-14 17:59:52][root                ][train_one_epoch          ] [  190] acc (v/n): 8.7% (63.1% 17.6%) recall (v/n): 0.3% (5.6% 2.4%) [mem: 9.22e+03] [data: 44.1 ms]
[INFO    ][2026-09-14 18:00:14][root                ][train_one_epoch          ] [  200] acc (v/n): 8.7% (63.4% 17.6%) recall (v/n): 0.3% (5.7% 2.4%) [mem: 9.22e+03] [data: 42.7 ms]
[INFO    ][2026-09-14 18:00:36][root                ][train_one_epoch          ] [  210] acc (v/n): 8.7% (63.4% 17.7%) recall (v/n): 0.3% (5.7% 2.5%) [mem: 9.22e+03] [data: 41.5 ms]
[INFO    ][2026-09-14 18:00:58][root                ][train_one_epoch          ] [  220] acc (v/n): 8.7% (63.5% 17.6%) recall (v/n): 0.3% (5.8% 2.5%) [mem: 9.22e+03] [data: 40.3 ms]
[INFO    ][2026-09-14 18:01:20][root                ][train_one_epoch          ] [  230] acc (v/n): 8.8% (63.7% 17.9%) recall (v/n): 0.3% (6.0% 2.5%) [mem: 9.22e+03] [data: 39.3 ms]
[INFO    ][2026-09-14 18:01:43][root                ][train_one_epoch          ] [  240] acc (v/n): 8.9% (63.7% 18.1%) recall (v/n): 0.3% (6.1% 2.6%) [mem: 9.22e+03] [data: 38.3 ms]
[INFO    ][2026-09-14 18:02:05][root                ][train_one_epoch          ] [  250] acc (v/n): 8.9% (63.7% 18.1%) recall (v/n): 0.3% (6.1% 2.6%) [mem: 9.22e+03] [data: 37.4 ms]
[INFO    ][2026-09-14 18:02:27][root                ][train_one_epoch          ] [  260] acc (v/n): 9.0% (63.7% 18.4%) recall (v/n): 0.3% (6.5% 2.6%) [mem: 9.22e+03] [data: 36.6 ms]
[INFO    ][2026-09-14 18:02:49][root                ][train_one_epoch          ] [  270] acc (v/n): 9.0% (63.7% 18.6%) recall (v/n): 0.3% (6.4% 2.7%) [mem: 9.22e+03] [data: 35.8 ms]
[INFO    ][2026-09-14 18:03:11][root                ][train_one_epoch          ] [  280] acc (v/n): 9.0% (63.7% 18.8%) recall (v/n): 0.3% (6.6% 2.7%) [mem: 9.22e+03] [data: 35.1 ms]
[INFO    ][2026-09-14 18:03:33][root                ][train_one_epoch          ] [  290] acc (v/n): 9.1% (63.9% 18.9%) recall (v/n): 0.3% (6.7% 2.8%) [mem: 9.22e+03] [data: 34.5 ms]
[INFO    ][2026-09-14 18:03:55][root                ][train_one_epoch          ] [  300] acc (v/n): 9.2% (64.1% 19.0%) recall (v/n): 0.3% (6.7% 2.8%) [mem: 9.22e+03] [data: 33.9 ms]
[INFO    ][2026-09-14 18:04:17][root                ][train_one_epoch          ] [  310] acc (v/n): 9.3% (64.2% 19.2%) recall (v/n): 0.3% (6.8% 2.9%) [mem: 9.22e+03] [data: 33.3 ms]
[INFO    ][2026-09-14 18:04:39][root                ][train_one_epoch          ] [  320] acc (v/n): 9.3% (64.4% 19.3%) recall (v/n): 0.3% (6.8% 2.9%) [mem: 9.22e+03] [data: 32.8 ms]
[INFO    ][2026-09-14 18:05:01][root                ][train_one_epoch          ] [  330] acc (v/n): 9.4% (64.6% 19.3%) recall (v/n): 0.3% (6.9% 2.9%) [mem: 9.22e+03] [data: 32.3 ms]
[INFO    ][2026-09-14 18:05:24][root                ][train_one_epoch          ] [  340] acc (v/n): 9.5% (64.8% 19.4%) recall (v/n): 0.3% (6.9% 3.0%) [mem: 9.22e+03] [data: 31.8 ms]
[INFO    ][2026-09-14 18:05:46][root                ][train_one_epoch          ] [  350] acc (v/n): 9.7% (65.0% 19.5%) recall (v/n): 0.3% (7.0% 3.0%) [mem: 9.22e+03] [data: 31.3 ms]
[INFO    ][2026-09-14 18:06:08][root                ][train_one_epoch          ] [  360] acc (v/n): 9.8% (65.1% 19.6%) recall (v/n): 0.4% (7.0% 3.0%) [mem: 9.22e+03] [data: 30.9 ms]
[INFO    ][2026-09-14 18:06:31][root                ][train_one_epoch          ] [  370] acc (v/n): 9.9% (65.2% 19.8%) recall (v/n): 0.4% (7.2% 3.1%) [mem: 9.22e+03] [data: 30.5 ms]
[INFO    ][2026-09-14 18:06:53][root                ][train_one_epoch          ] [  380] acc (v/n): 9.9% (65.3% 19.9%) recall (v/n): 0.4% (7.3% 3.2%) [mem: 9.22e+03] [data: 30.1 ms]
[INFO    ][2026-09-14 18:07:15][root                ][train_one_epoch          ] [  390] acc (v/n): 10.0% (65.3% 19.8%) recall (v/n): 0.4% (7.3% 3.2%) [mem: 9.22e+03] [data: 29.7 ms]
[INFO    ][2026-09-14 18:07:37][root                ][train_one_epoch          ] [  400] acc (v/n): 10.0% (65.5% 19.9%) recall (v/n): 0.4% (7.3% 3.2%) [mem: 9.22e+03] [data: 29.4 ms]
[INFO    ][2026-09-14 18:07:59][root                ][train_one_epoch          ] [  410] acc (v/n): 10.1% (65.5% 20.0%) recall (v/n): 0.4% (7.4% 3.3%) [mem: 9.22e+03] [data: 29.1 ms]
[INFO    ][2026-09-14 18:08:21][root                ][train_one_epoch          ] [  420] acc (v/n): 10.2% (65.6% 20.3%) recall (v/n): 0.4% (7.4% 3.3%) [mem: 9.22e+03] [data: 28.8 ms]
[INFO    ][2026-09-14 18:08:43][root                ][train_one_epoch          ] [  430] acc (v/n): 10.3% (65.7% 20.4%) recall (v/n): 0.4% (7.4% 3.5%) [mem: 9.22e+03] [data: 28.5 ms]
[INFO    ][2026-09-14 18:09:06][root                ][train_one_epoch          ] [  440] acc (v/n): 10.3% (65.7% 20.5%) recall (v/n): 0.4% (7.4% 3.6%) [mem: 9.22e+03] [data: 28.2 ms]
[INFO    ][2026-09-14 18:09:29][root                ][train_one_epoch          ] [  450] acc (v/n): 10.4% (65.8% 20.5%) recall (v/n): 0.4% (7.5% 3.6%) [mem: 9.22e+03] [data: 27.9 ms]
[INFO    ][2026-09-14 18:09:51][root                ][train_one_epoch          ] [  460] acc (v/n): 10.4% (65.8% 20.6%) recall (v/n): 0.4% (7.5% 3.7%) [mem: 9.22e+03] [data: 27.7 ms]
[INFO    ][2026-09-14 18:10:30][root                ][train_one_epoch          ] [  470] acc (v/n): 10.5% (65.9% 20.6%) recall (v/n): 0.4% (7.5% 3.7%) [mem: 9.22e+03] [data: 27.4 ms]
[INFO    ][2026-09-14 18:11:12][root                ][train_one_epoch          ] [  480] acc (v/n): 10.5% (65.9% 20.6%) recall (v/n): 0.4% (7.5% 3.7%) [mem: 9.22e+03] [data: 27.2 ms]
[INFO    ][2026-09-14 18:11:48][root                ][train_one_epoch          ] [  490] acc (v/n): 10.5% (66.0% 20.7%) recall (v/n): 0.4% (7.6% 3.7%) [mem: 9.22e+03] [data: 26.9 ms]
[INFO    ][2026-09-14 18:12:24][root                ][train_one_epoch          ] [  500] acc (v/n): 10.6% (66.1% 20.7%) recall (v/n): 0.4% (7.6% 3.8%) [mem: 9.22e+03] [data: 26.7 ms]
[INFO    ][2026-09-14 18:12:46][root                ][train_one_epoch          ] [  510] acc (v/n): 10.7% (66.2% 20.9%) recall (v/n): 0.4% (7.6% 3.9%) [mem: 9.22e+03] [data: 26.5 ms]
[INFO    ][2026-09-14 18:13:08][root                ][train_one_epoch          ] [  520] acc (v/n): 10.7% (66.3% 21.0%) recall (v/n): 0.4% (7.6% 3.9%) [mem: 9.22e+03] [data: 26.3 ms]
[INFO    ][2026-09-14 18:13:17][root                ][train_one_epoch          ] [  524] acc (v/n): 10.8% (66.3% 21.1%) recall (v/n): 0.4% (7.6% 3.9%) [mem: 9.22e+03] [data: 26.2 ms]
[INFO    ][2026-09-14 18:13:33][root                ][validate_exact           ] [exact val] itr 0  clips so far (this rank) 16
[INFO    ][2026-09-14 18:14:58][root                ][validate_exact           ] [exact val] itr 50  clips so far (this rank) 796
[INFO    ][2026-09-14 18:16:23][root                ][validate_exact           ] [exact val] itr 100  clips so far (this rank) 1573
[INFO    ][2026-09-14 18:17:00][root                ][main                     ] [exact val] epoch 2  n_clips 9296/9296  mean class recall@5  action 1.10  verb 11.39  noun 5.02
[INFO    ][2026-09-14 18:17:00][root                ][main                     ] [    2] train acc (v/n): 10.8% (66.3% 21.1%) train recall (v/n): 0.4% (7.6% 3.9%) val acc (v/n): 13.1% (73.9% 19.4%) val recall (v/n): 1.1% (11.4% 5.0%) 
[INFO    ][2026-09-14 18:17:02][root                ][main                     ] Epoch 2
[INFO    ][2026-09-14 18:17:02][root                ][main                     ] Training...
[INFO    ][2026-09-14 18:17:23][root                ][train_one_epoch          ] [    0] acc (v/n): 16.4% (71.1% 25.0%) recall (v/n): 9.1% (26.3% 18.5%) [mem: 9.22e+03] [data: 5719.7 ms]
[INFO    ][2026-09-14 18:17:45][root                ][train_one_epoch          ] [   10] acc (v/n): 15.4% (72.9% 23.5%) recall (v/n): 2.1% (11.6% 5.8%) [mem: 9.22e+03] [data: 534.7 ms]
[INFO    ][2026-09-14 18:18:07][root                ][train_one_epoch          ] [   20] acc (v/n): 14.8% (72.7% 23.2%) recall (v/n): 1.5% (10.4% 5.1%) [mem: 9.22e+03] [data: 287.7 ms]
[INFO    ][2026-09-14 18:18:29][root                ][train_one_epoch          ] [   30] acc (v/n): 15.2% (72.3% 25.1%) recall (v/n): 1.3% (10.7% 5.6%) [mem: 9.22e+03] [data: 200.0 ms]
[INFO    ][2026-09-14 18:18:51][root                ][train_one_epoch          ] [   40] acc (v/n): 14.8% (71.6% 25.9%) recall (v/n): 1.3% (10.5% 5.9%) [mem: 9.22e+03] [data: 155.1 ms]
[INFO    ][2026-09-14 18:19:13][root                ][train_one_epoch          ] [   50] acc (v/n): 15.4% (71.2% 26.2%) recall (v/n): 1.2% (10.3% 5.8%) [mem: 9.22e+03] [data: 127.8 ms]
[INFO    ][2026-09-14 18:19:35][root                ][train_one_epoch          ] [   60] acc (v/n): 16.2% (71.6% 27.4%) recall (v/n): 1.1% (10.3% 5.8%) [mem: 9.22e+03] [data: 109.5 ms]
[INFO    ][2026-09-14 18:19:57][root                ][train_one_epoch          ] [   70] acc (v/n): 16.4% (71.9% 27.9%) recall (v/n): 1.1% (10.0% 5.8%) [mem: 9.22e+03] [data: 96.3 ms]
[INFO    ][2026-09-14 18:20:19][root                ][train_one_epoch          ] [   80] acc (v/n): 16.4% (71.6% 27.6%) recall (v/n): 1.0% (9.9% 5.9%) [mem: 9.22e+03] [data: 86.4 ms]
[INFO    ][2026-09-14 18:20:41][root                ][train_one_epoch          ] [   90] acc (v/n): 16.3% (71.7% 27.5%) recall (v/n): 1.0% (10.1% 5.8%) [mem: 9.22e+03] [data: 78.7 ms]
[INFO    ][2026-09-14 18:21:03][root                ][train_one_epoch          ] [  100] acc (v/n): 16.1% (71.7% 27.5%) recall (v/n): 1.0% (10.0% 6.0%) [mem: 9.22e+03] [data: 72.5 ms]
[INFO    ][2026-09-14 18:21:26][root                ][train_one_epoch          ] [  110] acc (v/n): 15.9% (71.7% 27.3%) recall (v/n): 0.9% (10.0% 6.1%) [mem: 9.22e+03] [data: 67.4 ms]
[INFO    ][2026-09-14 18:21:48][root                ][train_one_epoch          ] [  120] acc (v/n): 15.9% (71.6% 27.6%) recall (v/n): 0.9% (10.0% 6.1%) [mem: 9.22e+03] [data: 63.1 ms]
[INFO    ][2026-09-14 18:22:10][root                ][train_one_epoch          ] [  130] acc (v/n): 15.9% (71.7% 27.7%) recall (v/n): 0.9% (9.8% 6.0%) [mem: 9.22e+03] [data: 59.5 ms]
[INFO    ][2026-09-14 18:22:32][root                ][train_one_epoch          ] [  140] acc (v/n): 15.8% (71.4% 27.9%) recall (v/n): 0.9% (10.4% 6.0%) [mem: 9.22e+03] [data: 56.4 ms]
[INFO    ][2026-09-14 18:22:54][root                ][train_one_epoch          ] [  150] acc (v/n): 16.0% (71.5% 28.1%) recall (v/n): 0.9% (10.6% 6.1%) [mem: 9.22e+03] [data: 53.8 ms]
[INFO    ][2026-09-14 18:23:16][root                ][train_one_epoch          ] [  160] acc (v/n): 16.0% (71.3% 28.2%) recall (v/n): 0.9% (10.6% 6.1%) [mem: 9.22e+03] [data: 51.4 ms]
[INFO    ][2026-09-14 18:23:38][root                ][train_one_epoch          ] [  170] acc (v/n): 15.9% (71.2% 28.3%) recall (v/n): 0.9% (10.5% 6.2%) [mem: 9.22e+03] [data: 49.3 ms]
[INFO    ][2026-09-14 18:24:00][root                ][train_one_epoch          ] [  180] acc (v/n): 16.0% (71.4% 28.5%) recall (v/n): 0.9% (10.5% 6.2%) [mem: 9.22e+03] [data: 47.5 ms]
[INFO    ][2026-09-14 18:24:22][root                ][train_one_epoch          ] [  190] acc (v/n): 16.2% (71.5% 28.7%) recall (v/n): 0.9% (10.6% 6.3%) [mem: 9.22e+03] [data: 45.8 ms]
[INFO    ][2026-09-14 18:24:44][root                ][train_one_epoch          ] [  200] acc (v/n): 16.2% (71.5% 28.8%) recall (v/n): 0.9% (10.7% 6.3%) [mem: 9.22e+03] [data: 44.3 ms]
[INFO    ][2026-09-14 18:25:06][root                ][train_one_epoch          ] [  210] acc (v/n): 16.2% (71.5% 28.9%) recall (v/n): 0.9% (10.8% 6.3%) [mem: 9.22e+03] [data: 43.0 ms]
[INFO    ][2026-09-14 18:25:29][root                ][train_one_epoch          ] [  220] acc (v/n): 16.2% (71.3% 29.0%) recall (v/n): 0.9% (10.9% 6.3%) [mem: 9.22e+03] [data: 41.7 ms]
[INFO    ][2026-09-14 18:25:51][root                ][train_one_epoch          ] [  230] acc (v/n): 16.0% (71.2% 29.0%) recall (v/n): 0.9% (10.9% 6.4%) [mem: 9.22e+03] [data: 40.6 ms]
[INFO    ][2026-09-14 18:26:13][root                ][train_one_epoch          ] [  240] acc (v/n): 16.0% (71.2% 29.0%) recall (v/n): 0.9% (11.1% 6.6%) [mem: 9.22e+03] [data: 39.6 ms]
[INFO    ][2026-09-14 18:26:35][root                ][train_one_epoch          ] [  250] acc (v/n): 16.0% (71.3% 29.1%) recall (v/n): 0.9% (11.1% 6.7%) [mem: 9.22e+03] [data: 38.7 ms]
[INFO    ][2026-09-14 18:26:57][root                ][train_one_epoch          ] [  260] acc (v/n): 16.0% (71.3% 29.2%) recall (v/n): 0.9% (11.2% 6.8%) [mem: 9.22e+03] [data: 37.8 ms]
[INFO    ][2026-09-14 18:27:19][root                ][train_one_epoch          ] [  270] acc (v/n): 16.0% (71.4% 29.3%) recall (v/n): 0.9% (11.2% 7.0%) [mem: 9.22e+03] [data: 37.0 ms]
[INFO    ][2026-09-14 18:27:41][root                ][train_one_epoch          ] [  280] acc (v/n): 16.0% (71.4% 29.6%) recall (v/n): 0.9% (11.3% 7.3%) [mem: 9.22e+03] [data: 36.2 ms]
[INFO    ][2026-09-14 18:28:03][root                ][train_one_epoch          ] [  290] acc (v/n): 16.1% (71.5% 29.8%) recall (v/n): 1.0% (11.6% 7.4%) [mem: 9.22e+03] [data: 35.5 ms]
[INFO    ][2026-09-14 18:28:25][root                ][train_one_epoch          ] [  300] acc (v/n): 16.2% (71.5% 30.0%) recall (v/n): 1.0% (11.7% 7.4%) [mem: 9.22e+03] [data: 34.9 ms]
[INFO    ][2026-09-14 18:28:47][root                ][train_one_epoch          ] [  310] acc (v/n): 16.2% (71.4% 30.0%) recall (v/n): 1.0% (11.7% 7.5%) [mem: 9.22e+03] [data: 34.3 ms]
[INFO    ][2026-09-14 18:29:10][root                ][train_one_epoch          ] [  320] acc (v/n): 16.2% (71.4% 30.2%) recall (v/n): 1.0% (11.8% 7.5%) [mem: 9.22e+03] [data: 33.7 ms]
[INFO    ][2026-09-14 18:29:32][root                ][train_one_epoch          ] [  330] acc (v/n): 16.3% (71.2% 30.5%) recall (v/n): 1.0% (11.8% 7.6%) [mem: 9.22e+03] [data: 33.2 ms]
[INFO    ][2026-09-14 18:29:55][root                ][train_one_epoch          ] [  340] acc (v/n): 16.4% (71.2% 30.7%) recall (v/n): 1.0% (11.9% 7.7%) [mem: 9.22e+03] [data: 32.7 ms]
[INFO    ][2026-09-14 18:30:36][root                ][train_one_epoch          ] [  350] acc (v/n): 16.4% (71.2% 30.6%) recall (v/n): 1.0% (12.0% 7.6%) [mem: 9.22e+03] [data: 32.2 ms]
[INFO    ][2026-09-14 18:30:58][root                ][train_one_epoch          ] [  360] acc (v/n): 16.5% (71.3% 30.6%) recall (v/n): 1.0% (12.0% 7.6%) [mem: 9.22e+03] [data: 31.7 ms]
[INFO    ][2026-09-14 18:31:20][root                ][train_one_epoch          ] [  370] acc (v/n): 16.5% (71.3% 30.7%) recall (v/n): 1.0% (12.0% 7.6%) [mem: 9.22e+03] [data: 31.3 ms]
[INFO    ][2026-09-14 18:31:42][root                ][train_one_epoch          ] [  380] acc (v/n): 16.5% (71.4% 30.8%) recall (v/n): 1.0% (12.0% 7.6%) [mem: 9.22e+03] [data: 30.9 ms]
[INFO    ][2026-09-14 18:32:05][root                ][train_one_epoch          ] [  390] acc (v/n): 16.6% (71.4% 31.0%) recall (v/n): 1.0% (12.0% 7.6%) [mem: 9.22e+03] [data: 30.5 ms]
[INFO    ][2026-09-14 18:32:27][root                ][train_one_epoch          ] [  400] acc (v/n): 16.6% (71.5% 31.2%) recall (v/n): 1.0% (12.0% 7.7%) [mem: 9.22e+03] [data: 30.1 ms]
[INFO    ][2026-09-14 18:32:49][root                ][train_one_epoch          ] [  410] acc (v/n): 16.8% (71.6% 31.5%) recall (v/n): 1.0% (11.9% 7.7%) [mem: 9.22e+03] [data: 29.8 ms]
[INFO    ][2026-09-14 18:33:11][root                ][train_one_epoch          ] [  420] acc (v/n): 16.9% (71.7% 31.7%) recall (v/n): 1.0% (11.9% 7.8%) [mem: 9.22e+03] [data: 29.5 ms]
[INFO    ][2026-09-14 18:33:33][root                ][train_one_epoch          ] [  430] acc (v/n): 17.0% (71.8% 31.8%) recall (v/n): 1.0% (11.9% 7.8%) [mem: 9.22e+03] [data: 29.2 ms]
[INFO    ][2026-09-14 18:34:11][root                ][train_one_epoch          ] [  440] acc (v/n): 17.0% (71.9% 31.8%) recall (v/n): 1.0% (12.0% 7.8%) [mem: 9.22e+03] [data: 28.9 ms]
[INFO    ][2026-09-14 18:34:33][root                ][train_one_epoch          ] [  450] acc (v/n): 17.1% (72.0% 31.9%) recall (v/n): 1.0% (12.0% 7.8%) [mem: 9.22e+03] [data: 28.6 ms]
[INFO    ][2026-09-14 18:34:55][root                ][train_one_epoch          ] [  460] acc (v/n): 17.2% (72.1% 32.0%) recall (v/n): 1.0% (12.0% 7.8%) [mem: 9.22e+03] [data: 28.3 ms]
[INFO    ][2026-09-14 18:35:17][root                ][train_one_epoch          ] [  470] acc (v/n): 17.2% (72.1% 32.0%) recall (v/n): 1.0% (12.0% 7.8%) [mem: 9.22e+03] [data: 28.0 ms]
[INFO    ][2026-09-14 18:35:39][root                ][train_one_epoch          ] [  480] acc (v/n): 17.2% (72.0% 32.0%) recall (v/n): 1.0% (12.0% 7.8%) [mem: 9.22e+03] [data: 27.8 ms]
[INFO    ][2026-09-14 18:36:01][root                ][train_one_epoch          ] [  490] acc (v/n): 17.3% (72.0% 32.1%) recall (v/n): 1.0% (12.3% 7.9%) [mem: 9.22e+03] [data: 27.5 ms]
[INFO    ][2026-09-14 18:36:23][root                ][train_one_epoch          ] [  500] acc (v/n): 17.3% (72.0% 32.1%) recall (v/n): 1.0% (12.3% 7.9%) [mem: 9.22e+03] [data: 27.3 ms]
[INFO    ][2026-09-14 18:36:48][root                ][train_one_epoch          ] [  510] acc (v/n): 17.4% (72.1% 32.2%) recall (v/n): 1.0% (12.3% 7.9%) [mem: 9.22e+03] [data: 27.1 ms]
[INFO    ][2026-09-14 18:37:27][root                ][train_one_epoch          ] [  520] acc (v/n): 17.5% (72.1% 32.3%) recall (v/n): 1.0% (12.3% 7.9%) [mem: 9.22e+03] [data: 26.9 ms]
[INFO    ][2026-09-14 18:37:36][root                ][train_one_epoch          ] [  524] acc (v/n): 17.5% (72.1% 32.4%) recall (v/n): 1.0% (12.3% 7.9%) [mem: 9.22e+03] [data: 26.8 ms]
[INFO    ][2026-09-14 18:37:52][root                ][validate_exact           ] [exact val] itr 0  clips so far (this rank) 16
[INFO    ][2026-09-14 18:39:17][root                ][validate_exact           ] [exact val] itr 50  clips so far (this rank) 796
[INFO    ][2026-09-14 18:40:42][root                ][validate_exact           ] [exact val] itr 100  clips so far (this rank) 1573
[INFO    ][2026-09-14 18:41:19][root                ][main                     ] [exact val] epoch 3  n_clips 9296/9296  mean class recall@5  action 2.71  verb 14.50  noun 9.51
[INFO    ][2026-09-14 18:41:19][root                ][main                     ] [    3] train acc (v/n): 17.5% (72.1% 32.4%) train recall (v/n): 1.0% (12.3% 7.9%) val acc (v/n): 21.5% (75.0% 34.9%) val recall (v/n): 2.7% (14.5% 9.5%) 
[INFO    ][2026-09-14 18:41:21][root                ][main                     ] Epoch 3
[INFO    ][2026-09-14 18:41:21][root                ][main                     ] Training...
[INFO    ][2026-09-14 18:41:42][root                ][train_one_epoch          ] [    0] acc (v/n): 11.7% (69.5% 23.4%) recall (v/n): 7.0% (28.1% 17.5%) [mem: 9.22e+03] [data: 5923.6 ms]
[INFO    ][2026-09-14 18:42:04][root                ][train_one_epoch          ] [   10] acc (v/n): 18.2% (75.2% 31.9%) recall (v/n): 4.1% (16.0% 10.0%) [mem: 9.22e+03] [data: 552.9 ms]
[INFO    ][2026-09-14 18:42:26][root                ][train_one_epoch          ] [   20] acc (v/n): 19.8% (75.7% 33.1%) recall (v/n): 3.1% (13.7% 9.3%) [mem: 9.22e+03] [data: 297.1 ms]
[INFO    ][2026-09-14 18:42:48][root                ][train_one_epoch          ] [   30] acc (v/n): 20.8% (76.0% 35.0%) recall (v/n): 2.8% (13.2% 9.8%) [mem: 9.22e+03] [data: 206.4 ms]
[INFO    ][2026-09-14 18:43:10][root                ][train_one_epoch          ] [   40] acc (v/n): 21.4% (76.0% 36.4%) recall (v/n): 2.6% (13.3% 9.9%) [mem: 9.22e+03] [data: 160.0 ms]
[INFO    ][2026-09-14 18:43:32][root                ][train_one_epoch          ] [   50] acc (v/n): 21.5% (75.4% 37.2%) recall (v/n): 2.6% (12.5% 10.3%) [mem: 9.22e+03] [data: 131.8 ms]
[INFO    ][2026-09-14 18:43:54][root                ][train_one_epoch          ] [   60] acc (v/n): 21.4% (75.3% 36.4%) recall (v/n): 2.4% (12.5% 9.8%) [mem: 9.22e+03] [data: 112.8 ms]
[INFO    ][2026-09-14 18:44:16][root                ][train_one_epoch          ] [   70] acc (v/n): 21.3% (75.1% 36.3%) recall (v/n): 2.4% (12.5% 9.6%) [mem: 9.22e+03] [data: 99.2 ms]
[INFO    ][2026-09-14 18:44:38][root                ][train_one_epoch          ] [   80] acc (v/n): 21.1% (74.8% 36.5%) recall (v/n): 2.4% (13.0% 10.0%) [mem: 9.22e+03] [data: 88.9 ms]
[INFO    ][2026-09-14 18:45:00][root                ][train_one_epoch          ] [   90] acc (v/n): 21.3% (74.8% 36.8%) recall (v/n): 2.3% (13.7% 9.9%) [mem: 9.22e+03] [data: 80.9 ms]
[INFO    ][2026-09-14 18:45:22][root                ][train_one_epoch          ] [  100] acc (v/n): 21.5% (74.9% 37.2%) recall (v/n): 2.3% (14.0% 10.2%) [mem: 9.22e+03] [data: 74.5 ms]
[INFO    ][2026-09-14 18:45:45][root                ][train_one_epoch          ] [  110] acc (v/n): 21.6% (74.9% 37.3%) recall (v/n): 2.3% (14.3% 10.3%) [mem: 9.22e+03] [data: 69.2 ms]
[INFO    ][2026-09-14 18:46:07][root                ][train_one_epoch          ] [  120] acc (v/n): 21.8% (74.6% 37.7%) recall (v/n): 2.3% (14.5% 10.5%) [mem: 9.22e+03] [data: 64.8 ms]
[INFO    ][2026-09-14 18:46:29][root                ][train_one_epoch          ] [  130] acc (v/n): 21.8% (74.2% 37.5%) recall (v/n): 2.3% (14.7% 10.6%) [mem: 9.22e+03] [data: 61.1 ms]
[INFO    ][2026-09-14 18:46:51][root                ][train_one_epoch          ] [  140] acc (v/n): 21.7% (74.1% 37.5%) recall (v/n): 2.3% (14.9% 10.3%) [mem: 9.22e+03] [data: 57.9 ms]
[INFO    ][2026-09-14 18:47:13][root                ][train_one_epoch          ] [  150] acc (v/n): 21.7% (74.2% 37.4%) recall (v/n): 2.2% (14.9% 10.3%) [mem: 9.22e+03] [data: 55.1 ms]
[INFO    ][2026-09-14 18:47:35][root                ][train_one_epoch          ] [  160] acc (v/n): 21.6% (74.1% 37.3%) recall (v/n): 2.1% (14.8% 10.3%) [mem: 9.22e+03] [data: 52.7 ms]
[INFO    ][2026-09-14 18:47:57][root                ][train_one_epoch          ] [  170] acc (v/n): 21.5% (74.1% 37.4%) recall (v/n): 2.1% (15.1% 10.2%) [mem: 9.22e+03] [data: 50.5 ms]
[INFO    ][2026-09-14 18:48:19][root                ][train_one_epoch          ] [  180] acc (v/n): 21.6% (74.1% 37.5%) recall (v/n): 2.1% (15.0% 10.2%) [mem: 9.22e+03] [data: 48.6 ms]
[INFO    ][2026-09-14 18:48:41][root                ][train_one_epoch          ] [  190] acc (v/n): 21.7% (74.1% 37.8%) recall (v/n): 2.1% (15.2% 10.0%) [mem: 9.22e+03] [data: 46.9 ms]
[INFO    ][2026-09-14 18:49:03][root                ][train_one_epoch          ] [  200] acc (v/n): 21.8% (74.1% 37.8%) recall (v/n): 2.0% (15.1% 10.0%) [mem: 9.22e+03] [data: 45.4 ms]
[INFO    ][2026-09-14 18:49:25][root                ][train_one_epoch          ] [  210] acc (v/n): 21.8% (74.1% 38.0%) recall (v/n): 2.0% (15.1% 10.1%) [mem: 9.22e+03] [data: 44.0 ms]
[INFO    ][2026-09-14 18:49:47][root                ][train_one_epoch          ] [  220] acc (v/n): 21.8% (74.1% 38.1%) recall (v/n): 2.0% (15.4% 10.0%) [mem: 9.22e+03] [data: 42.7 ms]
[INFO    ][2026-09-14 18:50:09][root                ][train_one_epoch          ] [  230] acc (v/n): 21.8% (74.1% 38.1%) recall (v/n): 2.0% (15.5% 10.1%) [mem: 9.22e+03] [data: 41.6 ms]
[INFO    ][2026-09-14 18:50:31][root                ][train_one_epoch          ] [  240] acc (v/n): 21.9% (74.1% 38.2%) recall (v/n): 1.9% (15.6% 10.1%) [mem: 9.22e+03] [data: 40.5 ms]
[INFO    ][2026-09-14 18:50:53][root                ][train_one_epoch          ] [  250] acc (v/n): 22.0% (74.2% 38.3%) recall (v/n): 1.9% (15.6% 10.0%) [mem: 9.22e+03] [data: 39.5 ms]
[INFO    ][2026-09-14 18:51:15][root                ][train_one_epoch          ] [  260] acc (v/n): 21.9% (74.3% 38.3%) recall (v/n): 1.9% (15.8% 10.0%) [mem: 9.22e+03] [data: 38.6 ms]
[INFO    ][2026-09-14 18:51:37][root                ][train_one_epoch          ] [  270] acc (v/n): 22.0% (74.3% 38.5%) recall (v/n): 1.9% (15.6% 10.1%) [mem: 9.22e+03] [data: 37.8 ms]
[INFO    ][2026-09-14 18:51:59][root                ][train_one_epoch          ] [  280] acc (v/n): 22.1% (74.2% 38.7%) recall (v/n): 1.9% (15.7% 10.2%) [mem: 9.22e+03] [data: 37.0 ms]
[INFO    ][2026-09-14 18:52:06][root                ][run                      ] Encountered exception getting indices e=DECORDError('[18:52:06] /github/workspace/src/video/video_reader.cc:444: [/data2/local_datasets/EPIC-KITCHENS_resized/P02/videos/P02_02.MP4]Unable to handle EOF because it takes too long to retrieve last few frames and `DECORD_EOF_RETRY_MAX=10240`. You may override the limit by `export DECORD_EOF_RETRY_MAX=20480` for example to allow more EOF retry attempts, exit...')
[INFO    ][2026-09-14 18:52:22][root                ][train_one_epoch          ] [  290] acc (v/n): 22.0% (74.2% 38.6%) recall (v/n): 1.8% (15.7% 10.3%) [mem: 9.22e+03] [data: 36.3 ms]
[INFO    ][2026-09-14 18:52:44][root                ][train_one_epoch          ] [  300] acc (v/n): 22.1% (74.2% 38.8%) recall (v/n): 1.8% (15.9% 10.3%) [mem: 9.22e+03] [data: 35.7 ms]
[INFO    ][2026-09-14 18:53:06][root                ][train_one_epoch          ] [  310] acc (v/n): 22.2% (74.3% 38.8%) recall (v/n): 1.8% (15.9% 10.5%) [mem: 9.22e+03] [data: 35.0 ms]
[INFO    ][2026-09-14 18:53:29][root                ][train_one_epoch          ] [  320] acc (v/n): 22.2% (74.3% 38.9%) recall (v/n): 1.9% (15.8% 10.6%) [mem: 9.22e+03] [data: 34.4 ms]
[INFO    ][2026-09-14 18:53:51][root                ][train_one_epoch          ] [  330] acc (v/n): 22.2% (74.3% 39.1%) recall (v/n): 1.9% (16.0% 10.6%) [mem: 9.22e+03] [data: 33.9 ms]
[INFO    ][2026-09-14 18:54:13][root                ][train_one_epoch          ] [  340] acc (v/n): 22.4% (74.3% 39.3%) recall (v/n): 1.9% (16.2% 10.7%) [mem: 9.22e+03] [data: 33.4 ms]
[INFO    ][2026-09-14 18:54:35][root                ][train_one_epoch          ] [  350] acc (v/n): 22.4% (74.4% 39.4%) recall (v/n): 1.9% (16.3% 10.7%) [mem: 9.22e+03] [data: 32.9 ms]
[INFO    ][2026-09-14 18:54:57][root                ][train_one_epoch          ] [  360] acc (v/n): 22.5% (74.4% 39.4%) recall (v/n): 1.9% (16.3% 10.8%) [mem: 9.22e+03] [data: 32.4 ms]
[INFO    ][2026-09-14 18:55:19][root                ][train_one_epoch          ] [  370] acc (v/n): 22.4% (74.3% 39.3%) recall (v/n): 1.9% (16.2% 10.9%) [mem: 9.22e+03] [data: 32.0 ms]
[INFO    ][2026-09-14 18:55:41][root                ][train_one_epoch          ] [  380] acc (v/n): 22.4% (74.3% 39.3%) recall (v/n): 1.8% (16.3% 11.1%) [mem: 9.22e+03] [data: 31.6 ms]
[INFO    ][2026-09-14 18:56:22][root                ][train_one_epoch          ] [  390] acc (v/n): 22.4% (74.2% 39.4%) recall (v/n): 1.9% (16.2% 11.4%) [mem: 9.22e+03] [data: 31.3 ms]
[INFO    ][2026-09-14 18:57:09][root                ][train_one_epoch          ] [  400] acc (v/n): 22.5% (74.1% 39.5%) recall (v/n): 1.9% (16.3% 11.4%) [mem: 9.22e+03] [data: 31.2 ms]
[INFO    ][2026-09-14 18:57:57][root                ][train_one_epoch          ] [  410] acc (v/n): 22.5% (74.1% 39.6%) recall (v/n): 1.9% (16.3% 11.5%) [mem: 9.22e+03] [data: 31.1 ms]
[INFO    ][2026-09-14 18:58:45][root                ][train_one_epoch          ] [  420] acc (v/n): 22.5% (74.1% 39.5%) recall (v/n): 1.9% (16.3% 11.5%) [mem: 9.22e+03] [data: 30.9 ms]
[INFO    ][2026-09-14 18:59:32][root                ][train_one_epoch          ] [  430] acc (v/n): 22.5% (74.1% 39.5%) recall (v/n): 1.9% (16.3% 11.6%) [mem: 9.22e+03] [data: 30.8 ms]
[INFO    ][2026-09-14 19:00:20][root                ][train_one_epoch          ] [  440] acc (v/n): 22.6% (74.1% 39.6%) recall (v/n): 1.9% (16.3% 11.6%) [mem: 9.22e+03] [data: 30.5 ms]
[INFO    ][2026-09-14 19:00:51][root                ][train_one_epoch          ] [  450] acc (v/n): 22.6% (74.2% 39.7%) recall (v/n): 1.9% (16.4% 11.6%) [mem: 9.22e+03] [data: 30.2 ms]
[INFO    ][2026-09-14 19:01:24][root                ][train_one_epoch          ] [  460] acc (v/n): 22.6% (74.0% 39.6%) recall (v/n): 1.8% (16.3% 11.6%) [mem: 9.22e+03] [data: 29.9 ms]
[INFO    ][2026-09-14 19:02:00][root                ][train_one_epoch          ] [  470] acc (v/n): 22.6% (74.1% 39.6%) recall (v/n): 1.8% (16.3% 11.5%) [mem: 9.22e+03] [data: 29.6 ms]
[INFO    ][2026-09-14 19:02:34][root                ][train_one_epoch          ] [  480] acc (v/n): 22.5% (74.0% 39.4%) recall (v/n): 1.8% (16.3% 11.5%) [mem: 9.22e+03] [data: 29.3 ms]
[INFO    ][2026-09-14 19:03:07][root                ][train_one_epoch          ] [  490] acc (v/n): 22.5% (73.9% 39.4%) recall (v/n): 1.8% (16.3% 11.6%) [mem: 9.22e+03] [data: 29.0 ms]
[INFO    ][2026-09-14 19:03:59][root                ][train_one_epoch          ] [  500] acc (v/n): 22.5% (73.9% 39.5%) recall (v/n): 1.8% (16.3% 11.6%) [mem: 9.22e+03] [data: 58.2 ms]
[INFO    ][2026-09-14 19:04:40][root                ][train_one_epoch          ] [  510] acc (v/n): 22.5% (74.0% 39.5%) recall (v/n): 1.8% (16.3% 11.6%) [mem: 9.22e+03] [data: 57.4 ms]
[INFO    ][2026-09-14 19:05:04][root                ][train_one_epoch          ] [  520] acc (v/n): 22.5% (74.0% 39.4%) recall (v/n): 1.8% (16.3% 11.6%) [mem: 9.22e+03] [data: 56.6 ms]
[INFO    ][2026-09-14 19:05:26][root                ][train_one_epoch          ] [  524] acc (v/n): 22.6% (74.0% 39.5%) recall (v/n): 1.8% (16.3% 11.6%) [mem: 9.22e+03] [data: 56.4 ms]
[INFO    ][2026-09-14 19:05:48][root                ][validate_exact           ] [exact val] itr 0  clips so far (this rank) 16
[INFO    ][2026-09-14 19:08:45][root                ][validate_exact           ] [exact val] itr 50  clips so far (this rank) 796
[INFO    ][2026-09-14 19:10:21][root                ][validate_exact           ] [exact val] itr 100  clips so far (this rank) 1573
[INFO    ][2026-09-14 19:10:58][root                ][main                     ] [exact val] epoch 4  n_clips 9296/9296  mean class recall@5  action 3.57  verb 17.44  noun 12.72
[INFO    ][2026-09-14 19:10:58][root                ][main                     ] [    4] train acc (v/n): 22.6% (74.0% 39.5%) train recall (v/n): 1.8% (16.3% 11.6%) val acc (v/n): 24.6% (77.1% 40.8%) val recall (v/n): 3.6% (17.4% 12.7%) 
[INFO    ][2026-09-14 19:11:00][root                ][main                     ] Epoch 4
[INFO    ][2026-09-14 19:11:00][root                ][main                     ] Training...
[INFO    ][2026-09-14 19:11:21][root                ][train_one_epoch          ] [    0] acc (v/n): 23.4% (72.7% 35.2%) recall (v/n): 15.6% (30.3% 25.3%) [mem: 9.22e+03] [data: 5981.2 ms]
[INFO    ][2026-09-14 19:11:43][root                ][train_one_epoch          ] [   10] acc (v/n): 22.9% (76.3% 39.0%) recall (v/n): 6.2% (24.1% 15.2%) [mem: 9.22e+03] [data: 558.2 ms]
[INFO    ][2026-09-14 19:12:05][root                ][train_one_epoch          ] [   20] acc (v/n): 24.4% (77.0% 40.7%) recall (v/n): 5.4% (20.7% 15.3%) [mem: 9.22e+03] [data: 300.2 ms]
[INFO    ][2026-09-14 19:12:27][root                ][train_one_epoch          ] [   30] acc (v/n): 24.0% (76.4% 40.7%) recall (v/n): 4.5% (18.1% 15.3%) [mem: 9.22e+03] [data: 208.6 ms]
[INFO    ][2026-09-14 19:12:49][root                ][train_one_epoch          ] [   40] acc (v/n): 24.2% (76.5% 40.5%) recall (v/n): 4.2% (17.0% 15.8%) [mem: 9.22e+03] [data: 161.6 ms]
[INFO    ][2026-09-14 19:13:11][root                ][train_one_epoch          ] [   50] acc (v/n): 25.1% (76.1% 41.8%) recall (v/n): 4.1% (17.4% 15.7%) [mem: 9.22e+03] [data: 133.1 ms]
[INFO    ][2026-09-14 19:13:33][root                ][train_one_epoch          ] [   60] acc (v/n): 25.6% (75.8% 42.1%) recall (v/n): 4.0% (17.9% 15.3%) [mem: 9.22e+03] [data: 113.9 ms]
[INFO    ][2026-09-14 19:13:55][root                ][train_one_epoch          ] [   70] acc (v/n): 25.6% (76.1% 42.0%) recall (v/n): 3.8% (17.1% 14.8%) [mem: 9.22e+03] [data: 100.3 ms]
[INFO    ][2026-09-14 19:14:31][root                ][train_one_epoch          ] [   80] acc (v/n): 25.7% (75.5% 42.5%) recall (v/n): 3.6% (17.2% 14.9%) [mem: 9.22e+03] [data: 90.7 ms]
[INFO    ][2026-09-14 19:15:19][root                ][train_one_epoch          ] [   90] acc (v/n): 25.8% (75.5% 43.1%) recall (v/n): 3.6% (17.2% 14.9%) [mem: 9.22e+03] [data: 83.7 ms]
[INFO    ][2026-09-14 19:16:07][root                ][train_one_epoch          ] [  100] acc (v/n): 25.9% (75.7% 43.4%) recall (v/n): 3.5% (16.8% 14.7%) [mem: 9.22e+03] [data: 77.9 ms]
[INFO    ][2026-09-14 19:16:54][root                ][train_one_epoch          ] [  110] acc (v/n): 26.1% (75.8% 43.6%) recall (v/n): 3.5% (16.9% 15.1%) [mem: 9.22e+03] [data: 73.1 ms]
[INFO    ][2026-09-14 19:17:42][root                ][train_one_epoch          ] [  120] acc (v/n): 26.2% (76.0% 43.6%) recall (v/n): 3.4% (16.7% 14.8%) [mem: 9.22e+03] [data: 69.2 ms]
[INFO    ][2026-09-14 19:18:25][root                ][train_one_epoch          ] [  130] acc (v/n): 26.2% (76.0% 43.7%) recall (v/n): 3.3% (16.4% 14.6%) [mem: 9.22e+03] [data: 65.8 ms]
[INFO    ][2026-09-14 19:18:47][root                ][train_one_epoch          ] [  140] acc (v/n): 26.1% (75.9% 43.7%) recall (v/n): 3.3% (16.6% 14.7%) [mem: 9.22e+03] [data: 62.3 ms]
[INFO    ][2026-09-14 19:19:09][root                ][train_one_epoch          ] [  150] acc (v/n): 26.2% (75.8% 43.8%) recall (v/n): 3.3% (16.2% 14.9%) [mem: 9.22e+03] [data: 59.2 ms]
[INFO    ][2026-09-14 19:19:31][root                ][train_one_epoch          ] [  160] acc (v/n): 26.1% (75.7% 43.7%) recall (v/n): 3.3% (16.4% 15.0%) [mem: 9.22e+03] [data: 56.6 ms]
[INFO    ][2026-09-14 19:19:53][root                ][train_one_epoch          ] [  170] acc (v/n): 26.1% (75.7% 43.7%) recall (v/n): 3.3% (16.8% 15.1%) [mem: 9.22e+03] [data: 54.2 ms]
[INFO    ][2026-09-14 19:20:15][root                ][train_one_epoch          ] [  180] acc (v/n): 26.1% (75.4% 43.7%) recall (v/n): 3.2% (17.0% 15.1%) [mem: 9.22e+03] [data: 52.1 ms]
[INFO    ][2026-09-14 19:20:37][root                ][train_one_epoch          ] [  190] acc (v/n): 26.2% (75.5% 43.8%) recall (v/n): 3.2% (17.4% 15.1%) [mem: 9.22e+03] [data: 50.2 ms]
[INFO    ][2026-09-14 19:21:00][root                ][train_one_epoch          ] [  200] acc (v/n): 26.1% (75.5% 43.7%) recall (v/n): 3.1% (17.4% 14.9%) [mem: 9.22e+03] [data: 48.5 ms]
[INFO    ][2026-09-14 19:21:22][root                ][train_one_epoch          ] [  210] acc (v/n): 26.0% (75.3% 43.6%) recall (v/n): 3.1% (17.3% 14.8%) [mem: 9.22e+03] [data: 46.9 ms]
[INFO    ][2026-09-14 19:21:44][root                ][train_one_epoch          ] [  220] acc (v/n): 25.9% (75.2% 43.6%) recall (v/n): 3.1% (18.0% 15.2%) [mem: 9.22e+03] [data: 45.5 ms]
[INFO    ][2026-09-14 19:22:06][root                ][train_one_epoch          ] [  230] acc (v/n): 26.0% (75.2% 43.6%) recall (v/n): 3.0% (18.0% 15.3%) [mem: 9.22e+03] [data: 44.3 ms]
[INFO    ][2026-09-14 19:22:28][root                ][train_one_epoch          ] [  240] acc (v/n): 26.0% (75.2% 43.8%) recall (v/n): 3.0% (18.4% 15.4%) [mem: 9.22e+03] [data: 43.1 ms]
[INFO    ][2026-09-14 19:22:50][root                ][train_one_epoch          ] [  250] acc (v/n): 26.2% (75.2% 43.9%) recall (v/n): 3.0% (18.6% 15.3%) [mem: 9.22e+03] [data: 42.0 ms]
[INFO    ][2026-09-14 19:23:12][root                ][train_one_epoch          ] [  260] acc (v/n): 26.1% (75.1% 44.0%) recall (v/n): 2.9% (18.4% 15.2%) [mem: 9.22e+03] [data: 41.0 ms]
[INFO    ][2026-09-14 19:23:34][root                ][train_one_epoch          ] [  270] acc (v/n): 26.0% (75.0% 44.1%) recall (v/n): 2.9% (18.5% 15.2%) [mem: 9.22e+03] [data: 40.1 ms]
[INFO    ][2026-09-14 19:23:56][root                ][train_one_epoch          ] [  280] acc (v/n): 26.0% (75.1% 44.2%) recall (v/n): 2.9% (18.5% 15.3%) [mem: 9.22e+03] [data: 39.3 ms]
[INFO    ][2026-09-14 19:24:18][root                ][train_one_epoch          ] [  290] acc (v/n): 26.1% (75.1% 44.4%) recall (v/n): 2.9% (18.5% 15.3%) [mem: 9.22e+03] [data: 38.5 ms]
[INFO    ][2026-09-14 19:24:41][root                ][train_one_epoch          ] [  300] acc (v/n): 26.1% (75.1% 44.4%) recall (v/n): 2.9% (18.3% 15.3%) [mem: 9.22e+03] [data: 37.7 ms]
[INFO    ][2026-09-14 19:25:05][root                ][train_one_epoch          ] [  310] acc (v/n): 26.1% (75.1% 44.4%) recall (v/n): 2.9% (18.4% 15.3%) [mem: 9.22e+03] [data: 37.0 ms]
[INFO    ][2026-09-14 19:25:27][root                ][train_one_epoch          ] [  320] acc (v/n): 26.1% (75.0% 44.5%) recall (v/n): 2.8% (18.3% 15.3%) [mem: 9.22e+03] [data: 36.4 ms]
[INFO    ][2026-09-14 19:25:51][root                ][train_one_epoch          ] [  330] acc (v/n): 26.1% (75.0% 44.5%) recall (v/n): 2.8% (18.3% 15.2%) [mem: 9.22e+03] [data: 35.8 ms]
[INFO    ][2026-09-14 19:26:14][root                ][train_one_epoch          ] [  340] acc (v/n): 26.1% (75.1% 44.7%) recall (v/n): 2.8% (18.4% 15.4%) [mem: 9.22e+03] [data: 35.3 ms]
[INFO    ][2026-09-14 19:26:38][root                ][train_one_epoch          ] [  350] acc (v/n): 26.2% (75.0% 44.8%) recall (v/n): 2.8% (18.7% 15.5%) [mem: 9.22e+03] [data: 34.8 ms]
[INFO    ][2026-09-14 19:27:02][root                ][train_one_epoch          ] [  360] acc (v/n): 26.2% (74.9% 44.8%) recall (v/n): 2.8% (18.6% 15.6%) [mem: 9.22e+03] [data: 34.3 ms]
[INFO    ][2026-09-14 19:27:24][root                ][train_one_epoch          ] [  370] acc (v/n): 26.2% (74.9% 44.8%) recall (v/n): 2.8% (18.7% 15.6%) [mem: 9.22e+03] [data: 33.8 ms]
[INFO    ][2026-09-14 19:27:46][root                ][train_one_epoch          ] [  380] acc (v/n): 26.2% (74.9% 44.7%) recall (v/n): 2.8% (18.9% 15.6%) [mem: 9.22e+03] [data: 33.4 ms]
[INFO    ][2026-09-14 19:28:15][root                ][train_one_epoch          ] [  390] acc (v/n): 26.2% (74.9% 44.7%) recall (v/n): 2.8% (19.0% 15.3%) [mem: 9.22e+03] [data: 33.0 ms]
[INFO    ][2026-09-14 19:28:52][root                ][train_one_epoch          ] [  400] acc (v/n): 26.1% (74.8% 44.6%) recall (v/n): 2.7% (19.0% 15.3%) [mem: 9.22e+03] [data: 32.5 ms]
[INFO    ][2026-09-14 19:29:36][root                ][train_one_epoch          ] [  410] acc (v/n): 26.1% (74.9% 44.6%) recall (v/n): 2.7% (19.0% 15.2%) [mem: 9.22e+03] [data: 32.1 ms]
[INFO    ][2026-09-14 19:29:58][root                ][train_one_epoch          ] [  420] acc (v/n): 26.2% (74.9% 44.6%) recall (v/n): 2.7% (19.0% 15.3%) [mem: 9.22e+03] [data: 31.7 ms]
[INFO    ][2026-09-14 19:30:20][root                ][train_one_epoch          ] [  430] acc (v/n): 26.2% (75.0% 44.7%) recall (v/n): 2.7% (19.2% 15.3%) [mem: 9.22e+03] [data: 31.4 ms]
[INFO    ][2026-09-14 19:30:42][root                ][train_one_epoch          ] [  440] acc (v/n): 26.2% (75.0% 44.7%) recall (v/n): 2.7% (19.3% 15.4%) [mem: 9.22e+03] [data: 31.0 ms]
[INFO    ][2026-09-14 19:31:04][root                ][train_one_epoch          ] [  450] acc (v/n): 26.2% (75.0% 44.7%) recall (v/n): 2.7% (19.4% 15.5%) [mem: 9.22e+03] [data: 30.7 ms]
[INFO    ][2026-09-14 19:31:26][root                ][train_one_epoch          ] [  460] acc (v/n): 26.3% (75.0% 44.7%) recall (v/n): 2.7% (19.5% 15.5%) [mem: 9.22e+03] [data: 30.4 ms]
[INFO    ][2026-09-14 19:32:04][root                ][train_one_epoch          ] [  470] acc (v/n): 26.2% (75.0% 44.7%) recall (v/n): 2.7% (19.5% 15.6%) [mem: 9.22e+03] [data: 30.0 ms]
[INFO    ][2026-09-14 19:32:33][root                ][train_one_epoch          ] [  480] acc (v/n): 26.2% (75.1% 44.7%) recall (v/n): 2.7% (19.7% 15.6%) [mem: 9.22e+03] [data: 45.3 ms]
[INFO    ][2026-09-14 19:33:01][root                ][train_one_epoch          ] [  490] acc (v/n): 26.2% (75.0% 44.6%) recall (v/n): 2.7% (19.6% 15.6%) [mem: 9.22e+03] [data: 58.3 ms]
[INFO    ][2026-09-14 19:33:42][root                ][train_one_epoch          ] [  500] acc (v/n): 26.1% (75.0% 44.5%) recall (v/n): 2.7% (19.5% 15.5%) [mem: 9.22e+03] [data: 89.2 ms]
[INFO    ][2026-09-14 19:34:23][root                ][train_one_epoch          ] [  510] acc (v/n): 26.2% (75.0% 44.6%) recall (v/n): 2.7% (19.5% 15.5%) [mem: 9.22e+03] [data: 87.8 ms]
[INFO    ][2026-09-14 19:35:01][root                ][train_one_epoch          ] [  520] acc (v/n): 26.2% (75.0% 44.5%) recall (v/n): 2.7% (19.5% 15.4%) [mem: 9.22e+03] [data: 86.4 ms]
[INFO    ][2026-09-14 19:35:12][root                ][train_one_epoch          ] [  524] acc (v/n): 26.2% (75.1% 44.5%) recall (v/n): 2.7% (19.5% 15.5%) [mem: 9.22e+03] [data: 85.9 ms]
[INFO    ][2026-09-14 19:35:27][root                ][validate_exact           ] [exact val] itr 0  clips so far (this rank) 16
[INFO    ][2026-09-14 19:36:52][root                ][validate_exact           ] [exact val] itr 50  clips so far (this rank) 796
[INFO    ][2026-09-14 19:38:17][root                ][validate_exact           ] [exact val] itr 100  clips so far (this rank) 1573
[INFO    ][2026-09-14 19:38:55][root                ][main                     ] [exact val] epoch 5  n_clips 9296/9296  mean class recall@5  action 5.24  verb 18.13  noun 16.28
[INFO    ][2026-09-14 19:38:55][root                ][main                     ] [    5] train acc (v/n): 26.2% (75.1% 44.5%) train recall (v/n): 2.7% (19.5% 15.5%) val acc (v/n): 26.0% (76.7% 43.1%) val recall (v/n): 5.2% (18.1% 16.3%) 
[INFO    ][2026-09-14 19:38:57][root                ][main                     ] Epoch 5
[INFO    ][2026-09-14 19:38:57][root                ][main                     ] Training...
[INFO    ][2026-09-14 19:39:18][root                ][train_one_epoch          ] [    0] acc (v/n): 30.5% (84.4% 46.1%) recall (v/n): 22.0% (47.7% 32.3%) [mem: 9.22e+03] [data: 5298.9 ms]
[INFO    ][2026-09-14 19:39:40][root                ][train_one_epoch          ] [   10] acc (v/n): 25.9% (77.3% 44.5%) recall (v/n): 10.3% (21.5% 19.8%) [mem: 9.22e+03] [data: 497.6 ms]
[INFO    ][2026-09-14 19:40:02][root                ][train_one_epoch          ] [   20] acc (v/n): 26.4% (76.0% 45.1%) recall (v/n): 8.3% (18.2% 19.6%) [mem: 9.22e+03] [data: 268.4 ms]
[INFO    ][2026-09-14 19:40:24][root                ][train_one_epoch          ] [   30] acc (v/n): 26.4% (76.5% 45.5%) recall (v/n): 7.6% (18.2% 20.0%) [mem: 9.22e+03] [data: 187.2 ms]
[INFO    ][2026-09-14 19:40:46][root                ][train_one_epoch          ] [   40] acc (v/n): 26.9% (76.4% 45.5%) recall (v/n): 7.1% (17.6% 20.0%) [mem: 9.22e+03] [data: 145.6 ms]
[INFO    ][2026-09-14 19:41:08][root                ][train_one_epoch          ] [   50] acc (v/n): 27.5% (77.0% 46.2%) recall (v/n): 6.7% (18.4% 19.9%) [mem: 9.22e+03] [data: 120.3 ms]
[INFO    ][2026-09-14 19:41:30][root                ][train_one_epoch          ] [   60] acc (v/n): 27.7% (77.0% 46.2%) recall (v/n): 6.5% (18.6% 20.3%) [mem: 9.22e+03] [data: 103.2 ms]
[INFO    ][2026-09-14 19:41:53][root                ][train_one_epoch          ] [   70] acc (v/n): 28.0% (76.9% 46.4%) recall (v/n): 6.3% (18.6% 20.1%) [mem: 9.22e+03] [data: 90.9 ms]
[INFO    ][2026-09-14 19:42:15][root                ][train_one_epoch          ] [   80] acc (v/n): 28.2% (76.9% 46.6%) recall (v/n): 6.1% (18.4% 20.1%) [mem: 9.22e+03] [data: 81.6 ms]
[INFO    ][2026-09-14 19:42:37][root                ][train_one_epoch          ] [   90] acc (v/n): 28.4% (77.1% 46.6%) recall (v/n): 6.0% (19.1% 20.0%) [mem: 9.22e+03] [data: 74.6 ms]
[INFO    ][2026-09-14 19:42:59][root                ][train_one_epoch          ] [  100] acc (v/n): 28.5% (77.2% 46.9%) recall (v/n): 5.8% (19.4% 19.8%) [mem: 9.22e+03] [data: 68.8 ms]
[INFO    ][2026-09-14 19:43:21][root                ][train_one_epoch          ] [  110] acc (v/n): 28.8% (77.2% 47.0%) recall (v/n): 5.7% (19.6% 19.7%) [mem: 9.22e+03] [data: 64.0 ms]
[INFO    ][2026-09-14 19:43:43][root                ][train_one_epoch          ] [  120] acc (v/n): 28.9% (77.5% 47.1%) recall (v/n): 5.6% (19.7% 19.2%) [mem: 9.22e+03] [data: 60.1 ms]
[INFO    ][2026-09-14 19:44:05][root                ][train_one_epoch          ] [  130] acc (v/n): 28.9% (77.6% 47.0%) recall (v/n): 5.3% (19.6% 18.6%) [mem: 9.22e+03] [data: 56.7 ms]
[INFO    ][2026-09-14 19:44:27][root                ][train_one_epoch          ] [  140] acc (v/n): 28.8% (77.4% 47.0%) recall (v/n): 5.0% (19.1% 18.6%) [mem: 9.22e+03] [data: 54.0 ms]
[INFO    ][2026-09-14 19:44:49][root                ][train_one_epoch          ] [  150] acc (v/n): 29.1% (77.5% 47.4%) recall (v/n): 4.9% (19.2% 18.6%) [mem: 9.22e+03] [data: 51.6 ms]
[INFO    ][2026-09-14 19:45:11][root                ][train_one_epoch          ] [  160] acc (v/n): 29.2% (77.7% 47.4%) recall (v/n): 4.8% (19.2% 18.6%) [mem: 9.22e+03] [data: 49.5 ms]
[INFO    ][2026-09-14 19:45:34][root                ][train_one_epoch          ] [  170] acc (v/n): 29.3% (77.6% 47.3%) recall (v/n): 4.7% (19.0% 18.7%) [mem: 9.22e+03] [data: 47.6 ms]
[INFO    ][2026-09-14 19:45:56][root                ][train_one_epoch          ] [  180] acc (v/n): 29.2% (77.6% 47.4%) recall (v/n): 4.7% (19.0% 19.0%) [mem: 9.22e+03] [data: 45.9 ms]
[INFO    ][2026-09-14 19:46:18][root                ][train_one_epoch          ] [  190] acc (v/n): 29.2% (77.5% 47.4%) recall (v/n): 4.7% (18.9% 19.1%) [mem: 9.22e+03] [data: 44.3 ms]
[INFO    ][2026-09-14 19:46:40][root                ][train_one_epoch          ] [  200] acc (v/n): 29.2% (77.3% 47.4%) recall (v/n): 4.7% (19.1% 19.2%) [mem: 9.22e+03] [data: 42.9 ms]
[INFO    ][2026-09-14 19:47:02][root                ][train_one_epoch          ] [  210] acc (v/n): 29.3% (77.1% 47.5%) recall (v/n): 4.6% (18.9% 19.2%) [mem: 9.22e+03] [data: 41.7 ms]
[INFO    ][2026-09-14 19:47:24][root                ][train_one_epoch          ] [  220] acc (v/n): 29.0% (77.1% 47.3%) recall (v/n): 4.5% (18.9% 19.1%) [mem: 9.22e+03] [data: 40.5 ms]
[INFO    ][2026-09-14 19:47:46][root                ][train_one_epoch          ] [  230] acc (v/n): 29.1% (77.0% 47.4%) recall (v/n): 4.4% (19.7% 19.1%) [mem: 9.22e+03] [data: 39.5 ms]
[INFO    ][2026-09-14 19:48:08][root                ][train_one_epoch          ] [  240] acc (v/n): 29.0% (77.0% 47.3%) recall (v/n): 4.4% (19.9% 18.8%) [mem: 9.22e+03] [data: 38.6 ms]
[INFO    ][2026-09-14 19:48:30][root                ][train_one_epoch          ] [  250] acc (v/n): 29.0% (76.9% 47.4%) recall (v/n): 4.3% (19.8% 18.9%) [mem: 9.22e+03] [data: 37.7 ms]
[INFO    ][2026-09-14 19:48:52][root                ][train_one_epoch          ] [  260] acc (v/n): 29.0% (76.8% 47.4%) recall (v/n): 4.3% (20.1% 19.0%) [mem: 9.22e+03] [data: 36.9 ms]
[INFO    ][2026-09-14 19:49:15][root                ][train_one_epoch          ] [  270] acc (v/n): 28.9% (76.7% 47.4%) recall (v/n): 4.3% (20.1% 19.1%) [mem: 9.22e+03] [data: 36.1 ms]
[INFO    ][2026-09-14 19:49:37][root                ][train_one_epoch          ] [  280] acc (v/n): 28.9% (76.6% 47.4%) recall (v/n): 4.2% (20.1% 19.0%) [mem: 9.22e+03] [data: 35.4 ms]
[INFO    ][2026-09-14 19:49:59][root                ][train_one_epoch          ] [  290] acc (v/n): 28.9% (76.6% 47.4%) recall (v/n): 4.2% (20.1% 19.1%) [mem: 9.22e+03] [data: 34.8 ms]
[INFO    ][2026-09-14 19:50:21][root                ][train_one_epoch          ] [  300] acc (v/n): 29.0% (76.5% 47.5%) recall (v/n): 4.2% (20.5% 19.3%) [mem: 9.22e+03] [data: 34.2 ms]
[INFO    ][2026-09-14 19:50:43][root                ][train_one_epoch          ] [  310] acc (v/n): 29.0% (76.5% 47.5%) recall (v/n): 4.2% (20.7% 19.2%) [mem: 9.22e+03] [data: 33.6 ms]
[INFO    ][2026-09-14 19:51:05][root                ][train_one_epoch          ] [  320] acc (v/n): 29.1% (76.5% 47.6%) recall (v/n): 4.1% (20.9% 19.2%) [mem: 9.22e+03] [data: 33.1 ms]
[INFO    ][2026-09-14 19:51:27][root                ][train_one_epoch          ] [  330] acc (v/n): 29.3% (76.5% 47.7%) recall (v/n): 4.1% (20.9% 19.3%) [mem: 9.22e+03] [data: 32.6 ms]
[INFO    ][2026-09-14 19:51:49][root                ][train_one_epoch          ] [  340] acc (v/n): 29.3% (76.5% 47.8%) recall (v/n): 4.1% (21.0% 19.3%) [mem: 9.22e+03] [data: 32.1 ms]
[INFO    ][2026-09-14 19:52:11][root                ][train_one_epoch          ] [  350] acc (v/n): 29.2% (76.4% 47.7%) recall (v/n): 4.1% (20.9% 19.1%) [mem: 9.22e+03] [data: 31.6 ms]
[INFO    ][2026-09-14 19:52:33][root                ][train_one_epoch          ] [  360] acc (v/n): 29.1% (76.4% 47.7%) recall (v/n): 4.0% (21.0% 19.2%) [mem: 9.22e+03] [data: 31.2 ms]
[INFO    ][2026-09-14 19:52:55][root                ][train_one_epoch          ] [  370] acc (v/n): 29.0% (76.3% 47.6%) recall (v/n): 4.0% (20.9% 19.2%) [mem: 9.22e+03] [data: 30.8 ms]
[INFO    ][2026-09-14 19:53:18][root                ][train_one_epoch          ] [  380] acc (v/n): 29.0% (76.3% 47.7%) recall (v/n): 3.9% (20.9% 19.0%) [mem: 9.22e+03] [data: 30.4 ms]
[INFO    ][2026-09-14 19:53:40][root                ][train_one_epoch          ] [  390] acc (v/n): 28.9% (76.2% 47.6%) recall (v/n): 3.9% (20.7% 19.0%) [mem: 9.22e+03] [data: 30.1 ms]
[INFO    ][2026-09-14 19:54:02][root                ][train_one_epoch          ] [  400] acc (v/n): 28.9% (76.1% 47.6%) recall (v/n): 3.8% (20.6% 18.8%) [mem: 9.22e+03] [data: 29.7 ms]
[INFO    ][2026-09-14 19:54:24][root                ][train_one_epoch          ] [  410] acc (v/n): 28.9% (76.1% 47.7%) recall (v/n): 3.8% (20.6% 18.8%) [mem: 9.22e+03] [data: 29.4 ms]
[INFO    ][2026-09-14 19:54:51][root                ][train_one_epoch          ] [  420] acc (v/n): 28.8% (76.1% 47.6%) recall (v/n): 3.8% (20.6% 18.8%) [mem: 9.22e+03] [data: 29.1 ms]
[INFO    ][2026-09-14 19:55:24][root                ][train_one_epoch          ] [  430] acc (v/n): 28.8% (76.1% 47.6%) recall (v/n): 3.7% (20.5% 18.9%) [mem: 9.22e+03] [data: 28.8 ms]
[INFO    ][2026-09-14 19:55:58][root                ][train_one_epoch          ] [  440] acc (v/n): 28.8% (76.1% 47.7%) recall (v/n): 3.7% (20.6% 19.0%) [mem: 9.22e+03] [data: 28.5 ms]
[INFO    ][2026-09-14 19:57:00][root                ][train_one_epoch          ] [  450] acc (v/n): 28.8% (76.1% 47.7%) recall (v/n): 3.7% (20.3% 19.0%) [mem: 9.22e+03] [data: 28.3 ms]
[INFO    ][2026-09-14 19:57:22][root                ][train_one_epoch          ] [  460] acc (v/n): 28.8% (76.1% 47.8%) recall (v/n): 3.7% (20.3% 19.0%) [mem: 9.22e+03] [data: 28.1 ms]
[INFO    ][2026-09-14 19:57:44][root                ][train_one_epoch          ] [  470] acc (v/n): 28.8% (76.0% 47.8%) recall (v/n): 3.7% (20.3% 19.0%) [mem: 9.22e+03] [data: 27.8 ms]
[INFO    ][2026-09-14 19:58:23][root                ][train_one_epoch          ] [  480] acc (v/n): 28.8% (76.0% 47.7%) recall (v/n): 3.7% (20.3% 19.0%) [mem: 9.22e+03] [data: 27.7 ms]
[INFO    ][2026-09-14 19:59:11][root                ][train_one_epoch          ] [  490] acc (v/n): 28.7% (75.9% 47.7%) recall (v/n): 3.6% (20.4% 19.1%) [mem: 9.22e+03] [data: 27.5 ms]
[INFO    ][2026-09-14 19:59:55][root                ][train_one_epoch          ] [  500] acc (v/n): 28.7% (75.8% 47.6%) recall (v/n): 3.6% (20.5% 19.1%) [mem: 9.22e+03] [data: 27.3 ms]
[INFO    ][2026-09-14 20:00:40][root                ][train_one_epoch          ] [  510] acc (v/n): 28.7% (75.8% 47.6%) recall (v/n): 3.6% (20.6% 19.1%) [mem: 9.22e+03] [data: 27.0 ms]
[INFO    ][2026-09-14 20:01:24][root                ][train_one_epoch          ] [  520] acc (v/n): 28.7% (75.8% 47.6%) recall (v/n): 3.6% (20.7% 19.1%) [mem: 9.22e+03] [data: 26.9 ms]
[INFO    ][2026-09-14 20:01:37][root                ][train_one_epoch          ] [  524] acc (v/n): 28.7% (75.8% 47.6%) recall (v/n): 3.6% (20.7% 19.1%) [mem: 9.22e+03] [data: 26.8 ms]
[INFO    ][2026-09-14 20:01:52][root                ][validate_exact           ] [exact val] itr 0  clips so far (this rank) 16
[INFO    ][2026-09-14 20:03:17][root                ][validate_exact           ] [exact val] itr 50  clips so far (this rank) 796
[INFO    ][2026-09-14 20:04:42][root                ][validate_exact           ] [exact val] itr 100  clips so far (this rank) 1573
[INFO    ][2026-09-14 20:05:19][root                ][main                     ] [exact val] epoch 6  n_clips 9296/9296  mean class recall@5  action 6.36  verb 19.36  noun 18.73
[INFO    ][2026-09-14 20:05:19][root                ][main                     ] [    6] train acc (v/n): 28.7% (75.8% 47.6%) train recall (v/n): 3.6% (20.7% 19.1%) val acc (v/n): 27.3% (75.8% 44.7%) val recall (v/n): 6.4% (19.4% 18.7%) 
[INFO    ][2026-09-14 20:05:23][root                ][main                     ] Epoch 6
[INFO    ][2026-09-14 20:05:23][root                ][main                     ] Training...
[INFO    ][2026-09-14 20:05:43][root                ][train_one_epoch          ] [    0] acc (v/n): 28.9% (78.1% 47.7%) recall (v/n): 21.3% (51.3% 27.2%) [mem: 9.22e+03] [data: 6316.4 ms]
[INFO    ][2026-09-14 20:06:05][root                ][train_one_epoch          ] [   10] acc (v/n): 29.5% (75.1% 45.7%) recall (v/n): 11.5% (21.9% 20.9%) [mem: 9.22e+03] [data: 590.1 ms]
[INFO    ][2026-09-14 20:06:27][root                ][train_one_epoch          ] [   20] acc (v/n): 29.6% (75.5% 45.8%) recall (v/n): 9.4% (22.1% 21.6%) [mem: 9.22e+03] [data: 316.9 ms]
[INFO    ][2026-09-14 20:06:49][root                ][train_one_epoch          ] [   30] acc (v/n): 28.9% (75.8% 45.9%) recall (v/n): 8.1% (20.6% 20.3%) [mem: 9.22e+03] [data: 219.8 ms]
[INFO    ][2026-09-14 20:07:11][root                ][train_one_epoch          ] [   40] acc (v/n): 29.2% (75.8% 47.1%) recall (v/n): 7.5% (19.2% 20.4%) [mem: 9.22e+03] [data: 170.1 ms]
[INFO    ][2026-09-14 20:07:33][root                ][train_one_epoch          ] [   50] acc (v/n): 29.8% (76.2% 47.7%) recall (v/n): 7.3% (19.4% 19.9%) [mem: 9.22e+03] [data: 139.8 ms]
[INFO    ][2026-09-14 20:07:55][root                ][train_one_epoch          ] [   60] acc (v/n): 30.3% (75.9% 48.0%) recall (v/n): 7.2% (20.5% 20.3%) [mem: 9.22e+03] [data: 119.7 ms]
[INFO    ][2026-09-14 20:08:18][root                ][train_one_epoch          ] [   70] acc (v/n): 30.7% (76.0% 48.8%) recall (v/n): 7.0% (20.4% 20.7%) [mem: 9.22e+03] [data: 105.1 ms]
[INFO    ][2026-09-14 20:08:40][root                ][train_one_epoch          ] [   80] acc (v/n): 30.9% (76.2% 49.3%) recall (v/n): 6.7% (20.2% 20.6%) [mem: 9.22e+03] [data: 94.2 ms]
[INFO    ][2026-09-14 20:09:03][root                ][train_one_epoch          ] [   90] acc (v/n): 31.5% (76.9% 49.9%) recall (v/n): 6.7% (20.7% 21.3%) [mem: 9.22e+03] [data: 85.7 ms]
[INFO    ][2026-09-14 20:09:25][root                ][train_one_epoch          ] [  100] acc (v/n): 31.7% (77.2% 50.1%) recall (v/n): 6.7% (20.9% 21.6%) [mem: 9.22e+03] [data: 78.9 ms]
[INFO    ][2026-09-14 20:09:47][root                ][train_one_epoch          ] [  110] acc (v/n): 31.7% (77.2% 50.3%) recall (v/n): 6.5% (21.2% 21.8%) [mem: 9.22e+03] [data: 73.4 ms]
[INFO    ][2026-09-14 20:10:10][root                ][train_one_epoch          ] [  120] acc (v/n): 32.0% (77.2% 50.8%) recall (v/n): 6.5% (21.6% 22.1%) [mem: 9.22e+03] [data: 68.7 ms]
[INFO    ][2026-09-14 20:10:32][root                ][train_one_epoch          ] [  130] acc (v/n): 32.0% (77.1% 50.9%) recall (v/n): 6.5% (21.6% 22.3%) [mem: 9.22e+03] [data: 64.8 ms]
[INFO    ][2026-09-14 20:10:55][root                ][train_one_epoch          ] [  140] acc (v/n): 31.9% (77.1% 51.2%) recall (v/n): 6.3% (21.8% 22.3%) [mem: 9.22e+03] [data: 61.4 ms]
[INFO    ][2026-09-14 20:11:17][root                ][train_one_epoch          ] [  150] acc (v/n): 32.1% (77.1% 51.4%) recall (v/n): 6.2% (22.5% 21.9%) [mem: 9.22e+03] [data: 58.5 ms]
[INFO    ][2026-09-14 20:11:39][root                ][train_one_epoch          ] [  160] acc (v/n): 32.1% (77.0% 51.5%) recall (v/n): 6.2% (22.8% 21.8%) [mem: 9.22e+03] [data: 56.0 ms]
[INFO    ][2026-09-14 20:12:01][root                ][train_one_epoch          ] [  170] acc (v/n): 32.1% (77.1% 51.5%) recall (v/n): 6.1% (22.6% 21.8%) [mem: 9.22e+03] [data: 53.8 ms]
[INFO    ][2026-09-14 20:12:24][root                ][train_one_epoch          ] [  180] acc (v/n): 32.0% (77.0% 51.3%) recall (v/n): 6.0% (22.4% 21.8%) [mem: 9.22e+03] [data: 51.7 ms]
[INFO    ][2026-09-14 20:12:46][root                ][train_one_epoch          ] [  190] acc (v/n): 32.0% (77.0% 51.2%) recall (v/n): 5.9% (22.5% 22.0%) [mem: 9.22e+03] [data: 49.9 ms]
[INFO    ][2026-09-14 20:13:08][root                ][train_one_epoch          ] [  200] acc (v/n): 32.1% (77.0% 51.2%) recall (v/n): 5.8% (22.6% 21.8%) [mem: 9.22e+03] [data: 48.3 ms]
[INFO    ][2026-09-14 20:13:30][root                ][train_one_epoch          ] [  210] acc (v/n): 32.0% (77.0% 51.0%) recall (v/n): 5.8% (22.5% 21.9%) [mem: 9.22e+03] [data: 46.8 ms]
[INFO    ][2026-09-14 20:13:52][root                ][train_one_epoch          ] [  220] acc (v/n): 32.0% (77.0% 51.1%) recall (v/n): 5.7% (22.5% 22.0%) [mem: 9.22e+03] [data: 45.4 ms]
[INFO    ][2026-09-14 20:14:14][root                ][train_one_epoch          ] [  230] acc (v/n): 31.9% (77.0% 51.1%) recall (v/n): 5.7% (22.7% 22.1%) [mem: 9.22e+03] [data: 44.2 ms]
[INFO    ][2026-09-14 20:14:37][root                ][train_one_epoch          ] [  240] acc (v/n): 32.0% (77.1% 51.1%) recall (v/n): 5.7% (22.7% 21.9%) [mem: 9.22e+03] [data: 43.0 ms]
[INFO    ][2026-09-14 20:14:59][root                ][train_one_epoch          ] [  250] acc (v/n): 32.0% (77.1% 51.1%) recall (v/n): 5.6% (22.8% 21.8%) [mem: 9.22e+03] [data: 42.0 ms]
[INFO    ][2026-09-14 20:15:21][root                ][train_one_epoch          ] [  260] acc (v/n): 32.0% (77.1% 51.1%) recall (v/n): 5.5% (23.0% 21.6%) [mem: 9.22e+03] [data: 41.0 ms]
[INFO    ][2026-09-14 20:15:43][root                ][train_one_epoch          ] [  270] acc (v/n): 32.0% (77.1% 51.0%) recall (v/n): 5.5% (23.2% 21.4%) [mem: 9.22e+03] [data: 40.1 ms]
[INFO    ][2026-09-14 20:16:05][root                ][train_one_epoch          ] [  280] acc (v/n): 32.1% (77.1% 51.1%) recall (v/n): 5.4% (23.2% 21.4%) [mem: 9.22e+03] [data: 39.3 ms]
[INFO    ][2026-09-14 20:16:29][root                ][train_one_epoch          ] [  290] acc (v/n): 32.2% (77.2% 51.1%) recall (v/n): 5.4% (23.3% 21.8%) [mem: 9.22e+03] [data: 38.6 ms]
[INFO    ][2026-09-14 20:16:51][root                ][train_one_epoch          ] [  300] acc (v/n): 32.1% (77.2% 51.1%) recall (v/n): 5.4% (23.2% 22.0%) [mem: 9.22e+03] [data: 37.9 ms]
[INFO    ][2026-09-14 20:17:13][root                ][train_one_epoch          ] [  310] acc (v/n): 32.2% (77.4% 51.1%) recall (v/n): 5.4% (23.2% 22.1%) [mem: 9.22e+03] [data: 37.2 ms]
[INFO    ][2026-09-14 20:17:35][root                ][train_one_epoch          ] [  320] acc (v/n): 32.2% (77.4% 51.0%) recall (v/n): 5.3% (23.1% 22.0%) [mem: 9.22e+03] [data: 36.6 ms]
[INFO    ][2026-09-14 20:17:58][root                ][train_one_epoch          ] [  330] acc (v/n): 32.2% (77.4% 50.8%) recall (v/n): 5.4% (23.2% 21.8%) [mem: 9.22e+03] [data: 36.1 ms]
[INFO    ][2026-09-14 20:18:20][root                ][train_one_epoch          ] [  340] acc (v/n): 32.1% (77.4% 50.7%) recall (v/n): 5.4% (23.4% 21.7%) [mem: 9.22e+03] [data: 35.6 ms]
[INFO    ][2026-09-14 20:18:45][root                ][train_one_epoch          ] [  350] acc (v/n): 32.1% (77.4% 50.7%) recall (v/n): 5.3% (23.3% 21.6%) [mem: 9.22e+03] [data: 35.0 ms]
[INFO    ][2026-09-14 20:19:07][root                ][train_one_epoch          ] [  360] acc (v/n): 32.2% (77.4% 50.7%) recall (v/n): 5.3% (23.2% 21.6%) [mem: 9.22e+03] [data: 34.6 ms]
[INFO    ][2026-09-14 20:19:29][root                ][train_one_epoch          ] [  370] acc (v/n): 32.1% (77.4% 50.6%) recall (v/n): 5.2% (23.5% 21.7%) [mem: 9.22e+03] [data: 34.1 ms]
[INFO    ][2026-09-14 20:19:52][root                ][train_one_epoch          ] [  380] acc (v/n): 32.1% (77.3% 50.5%) recall (v/n): 5.2% (23.5% 21.8%) [mem: 9.22e+03] [data: 33.7 ms]
[INFO    ][2026-09-14 20:20:23][root                ][train_one_epoch          ] [  390] acc (v/n): 32.1% (77.3% 50.6%) recall (v/n): 5.2% (23.6% 21.9%) [mem: 9.22e+03] [data: 33.3 ms]
[INFO    ][2026-09-14 20:21:07][root                ][train_one_epoch          ] [  400] acc (v/n): 32.1% (77.2% 50.6%) recall (v/n): 5.2% (23.7% 21.9%) [mem: 9.22e+03] [data: 32.8 ms]
[INFO    ][2026-09-14 20:21:51][root                ][train_one_epoch          ] [  410] acc (v/n): 32.2% (77.3% 50.7%) recall (v/n): 5.2% (23.9% 21.9%) [mem: 9.22e+03] [data: 32.5 ms]
[INFO    ][2026-09-14 20:22:50][root                ][train_one_epoch          ] [  420] acc (v/n): 32.2% (77.3% 50.8%) recall (v/n): 5.2% (23.9% 22.0%) [mem: 9.22e+03] [data: 32.1 ms]
[INFO    ][2026-09-14 20:23:25][root                ][train_one_epoch          ] [  430] acc (v/n): 32.1% (77.3% 50.7%) recall (v/n): 5.2% (24.1% 22.0%) [mem: 9.22e+03] [data: 31.8 ms]
[INFO    ][2026-09-14 20:24:05][root                ][train_one_epoch          ] [  440] acc (v/n): 32.1% (77.3% 50.7%) recall (v/n): 5.1% (24.0% 22.0%) [mem: 9.22e+03] [data: 31.5 ms]
[INFO    ][2026-09-14 20:24:57][root                ][train_one_epoch          ] [  450] acc (v/n): 32.1% (77.3% 50.8%) recall (v/n): 5.1% (23.8% 22.1%) [mem: 9.22e+03] [data: 31.3 ms]
[INFO    ][2026-09-14 20:25:19][root                ][train_one_epoch          ] [  460] acc (v/n): 32.2% (77.2% 50.9%) recall (v/n): 5.1% (23.7% 22.2%) [mem: 9.22e+03] [data: 31.1 ms]
[INFO    ][2026-09-14 20:25:42][root                ][train_one_epoch          ] [  470] acc (v/n): 32.0% (77.2% 50.9%) recall (v/n): 5.1% (23.7% 22.3%) [mem: 9.22e+03] [data: 30.8 ms]
[INFO    ][2026-09-14 20:26:12][root                ][train_one_epoch          ] [  480] acc (v/n): 32.0% (77.1% 50.9%) recall (v/n): 5.1% (23.8% 22.3%) [mem: 9.22e+03] [data: 32.3 ms]
[INFO    ][2026-09-14 20:26:54][root                ][train_one_epoch          ] [  490] acc (v/n): 32.1% (77.0% 51.0%) recall (v/n): 5.1% (24.3% 22.3%) [mem: 9.22e+03] [data: 32.0 ms]
[INFO    ][2026-09-14 20:27:30][root                ][run                      ] Encountered exception getting indices e=DECORDError('[20:27:30] /github/workspace/src/video/video_reader.cc:444: [/data2/local_datasets/EPIC-KITCHENS_resized/P02/videos/P02_02.MP4]Unable to handle EOF because it takes too long to retrieve last few frames and `DECORD_EOF_RETRY_MAX=10240`. You may override the limit by `export DECORD_EOF_RETRY_MAX=20480` for example to allow more EOF retry attempts, exit...')
[INFO    ][2026-09-14 20:27:37][root                ][train_one_epoch          ] [  500] acc (v/n): 32.1% (77.0% 51.1%) recall (v/n): 5.1% (24.3% 22.5%) [mem: 9.22e+03] [data: 31.7 ms]
[INFO    ][2026-09-14 20:28:22][root                ][train_one_epoch          ] [  510] acc (v/n): 32.1% (77.0% 51.0%) recall (v/n): 5.0% (24.3% 22.4%) [mem: 9.22e+03] [data: 31.5 ms]
[INFO    ][2026-09-14 20:29:03][root                ][train_one_epoch          ] [  520] acc (v/n): 32.2% (77.0% 51.0%) recall (v/n): 5.0% (24.3% 22.4%) [mem: 9.22e+03] [data: 31.3 ms]
[INFO    ][2026-09-14 20:29:18][root                ][train_one_epoch          ] [  524] acc (v/n): 32.1% (77.0% 51.0%) recall (v/n): 5.0% (24.2% 22.3%) [mem: 9.22e+03] [data: 31.2 ms]
[INFO    ][2026-09-14 20:29:36][root                ][validate_exact           ] [exact val] itr 0  clips so far (this rank) 16
[INFO    ][2026-09-14 20:31:01][root                ][validate_exact           ] [exact val] itr 50  clips so far (this rank) 796
[INFO    ][2026-09-14 20:32:26][root                ][validate_exact           ] [exact val] itr 100  clips so far (this rank) 1573
[INFO    ][2026-09-14 20:33:04][root                ][main                     ] [exact val] epoch 7  n_clips 9296/9296  mean class recall@5  action 7.87  verb 22.36  noun 21.83
[INFO    ][2026-09-14 20:33:04][root                ][main                     ] [    7] train acc (v/n): 32.1% (77.0% 51.0%) train recall (v/n): 5.0% (24.2% 22.3%) val acc (v/n): 29.2% (77.3% 47.9%) val recall (v/n): 7.9% (22.4% 21.8%) 
[INFO    ][2026-09-14 20:33:06][root                ][main                     ] Epoch 7
[INFO    ][2026-09-14 20:33:06][root                ][main                     ] Training...
[INFO    ][2026-09-14 20:33:32][root                ][train_one_epoch          ] [    0] acc (v/n): 28.1% (67.2% 41.4%) recall (v/n): 22.8% (46.1% 33.1%) [mem: 9.22e+03] [data: 9189.0 ms]
[INFO    ][2026-09-14 20:33:55][root                ][train_one_epoch          ] [   10] acc (v/n): 31.0% (74.6% 46.9%) recall (v/n): 13.4% (22.8% 26.0%) [mem: 9.22e+03] [data: 860.6 ms]
[INFO    ][2026-09-14 20:34:17][root                ][train_one_epoch          ] [   20] acc (v/n): 31.3% (75.1% 47.8%) recall (v/n): 10.6% (23.0% 24.0%) [mem: 9.22e+03] [data: 463.0 ms]
[INFO    ][2026-09-14 20:34:39][root                ][train_one_epoch          ] [   30] acc (v/n): 32.6% (75.7% 50.4%) recall (v/n): 10.2% (22.5% 24.0%) [mem: 9.22e+03] [data: 321.0 ms]
[INFO    ][2026-09-14 20:35:02][root                ][train_one_epoch          ] [   40] acc (v/n): 33.5% (76.0% 51.0%) recall (v/n): 9.7% (20.8% 24.0%) [mem: 9.22e+03] [data: 247.6 ms]
[INFO    ][2026-09-14 20:35:24][root                ][train_one_epoch          ] [   50] acc (v/n): 34.2% (76.6% 51.4%) recall (v/n): 9.3% (20.3% 24.1%) [mem: 9.22e+03] [data: 203.3 ms]
[INFO    ][2026-09-14 20:35:46][root                ][train_one_epoch          ] [   60] acc (v/n): 33.8% (76.6% 51.2%) recall (v/n): 9.1% (20.8% 24.1%) [mem: 9.22e+03] [data: 173.6 ms]
[INFO    ][2026-09-14 20:36:09][root                ][train_one_epoch          ] [   70] acc (v/n): 34.0% (76.8% 51.6%) recall (v/n): 8.9% (20.7% 24.5%) [mem: 9.22e+03] [data: 152.1 ms]
[INFO    ][2026-09-14 20:36:31][root                ][train_one_epoch          ] [   80] acc (v/n): 34.5% (77.4% 52.3%) recall (v/n): 8.9% (21.8% 24.8%) [mem: 9.22e+03] [data: 136.1 ms]
[INFO    ][2026-09-14 20:36:54][root                ][train_one_epoch          ] [   90] acc (v/n): 34.6% (77.9% 52.7%) recall (v/n): 8.9% (22.1% 24.6%) [mem: 9.22e+03] [data: 123.5 ms]
[INFO    ][2026-09-14 20:37:17][root                ][train_one_epoch          ] [  100] acc (v/n): 35.0% (78.3% 52.7%) recall (v/n): 8.7% (22.4% 24.3%) [mem: 9.22e+03] [data: 113.3 ms]
[INFO    ][2026-09-14 20:37:39][root                ][train_one_epoch          ] [  110] acc (v/n): 34.8% (78.5% 52.5%) recall (v/n): 8.4% (22.6% 24.0%) [mem: 9.22e+03] [data: 104.9 ms]
[INFO    ][2026-09-14 20:38:02][root                ][train_one_epoch          ] [  120] acc (v/n): 34.8% (78.5% 52.7%) recall (v/n): 8.3% (22.4% 23.9%) [mem: 9.22e+03] [data: 98.1 ms]
[INFO    ][2026-09-14 20:38:24][root                ][train_one_epoch          ] [  130] acc (v/n): 34.8% (78.4% 52.6%) recall (v/n): 8.4% (22.4% 24.1%) [mem: 9.22e+03] [data: 92.3 ms]
[INFO    ][2026-09-14 20:38:47][root                ][train_one_epoch          ] [  140] acc (v/n): 34.9% (78.5% 52.8%) recall (v/n): 8.3% (22.4% 24.2%) [mem: 9.22e+03] [data: 87.1 ms]
[INFO    ][2026-09-14 20:39:09][root                ][train_one_epoch          ] [  150] acc (v/n): 34.9% (78.6% 52.8%) recall (v/n): 8.2% (24.0% 24.6%) [mem: 9.22e+03] [data: 82.7 ms]
[INFO    ][2026-09-14 20:39:32][root                ][train_one_epoch          ] [  160] acc (v/n): 34.7% (78.4% 52.6%) recall (v/n): 7.9% (24.4% 24.1%) [mem: 9.22e+03] [data: 79.0 ms]
[INFO    ][2026-09-14 20:39:55][root                ][train_one_epoch          ] [  170] acc (v/n): 34.5% (78.3% 52.4%) recall (v/n): 7.7% (24.4% 23.8%) [mem: 9.22e+03] [data: 75.6 ms]
[INFO    ][2026-09-14 20:40:17][root                ][train_one_epoch          ] [  180] acc (v/n): 34.4% (78.1% 52.4%) recall (v/n): 7.9% (24.5% 25.1%) [mem: 9.22e+03] [data: 72.5 ms]
[INFO    ][2026-09-14 20:40:39][root                ][train_one_epoch          ] [  190] acc (v/n): 34.2% (78.1% 52.2%) recall (v/n): 7.8% (24.6% 25.0%) [mem: 9.22e+03] [data: 69.6 ms]
[INFO    ][2026-09-14 20:41:02][root                ][train_one_epoch          ] [  200] acc (v/n): 34.2% (78.0% 52.2%) recall (v/n): 7.7% (24.5% 25.2%) [mem: 9.22e+03] [data: 67.2 ms]
[INFO    ][2026-09-14 20:41:24][root                ][train_one_epoch          ] [  210] acc (v/n): 34.4% (78.1% 52.5%) recall (v/n): 7.7% (24.8% 25.3%) [mem: 9.22e+03] [data: 65.0 ms]
[INFO    ][2026-09-14 20:41:47][root                ][train_one_epoch          ] [  220] acc (v/n): 34.4% (78.2% 52.6%) recall (v/n): 7.7% (25.1% 25.1%) [mem: 9.22e+03] [data: 62.9 ms]
[INFO    ][2026-09-14 20:42:09][root                ][train_one_epoch          ] [  230] acc (v/n): 34.5% (78.1% 52.6%) recall (v/n): 7.6% (25.3% 25.1%) [mem: 9.22e+03] [data: 61.1 ms]
[INFO    ][2026-09-14 20:42:32][root                ][train_one_epoch          ] [  240] acc (v/n): 34.5% (78.1% 52.8%) recall (v/n): 7.4% (25.1% 25.1%) [mem: 9.22e+03] [data: 59.4 ms]
[INFO    ][2026-09-14 20:42:54][root                ][train_one_epoch          ] [  250] acc (v/n): 34.6% (78.0% 52.9%) recall (v/n): 7.4% (25.1% 25.2%) [mem: 9.22e+03] [data: 57.8 ms]
[INFO    ][2026-09-14 20:43:16][root                ][train_one_epoch          ] [  260] acc (v/n): 34.6% (78.0% 52.9%) recall (v/n): 7.3% (25.2% 25.4%) [mem: 9.22e+03] [data: 56.3 ms]
[INFO    ][2026-09-14 20:43:38][root                ][train_one_epoch          ] [  270] acc (v/n): 34.7% (77.9% 53.0%) recall (v/n): 7.4% (25.4% 25.4%) [mem: 9.22e+03] [data: 54.8 ms]
[INFO    ][2026-09-14 20:44:01][root                ][train_one_epoch          ] [  280] acc (v/n): 34.7% (77.9% 53.1%) recall (v/n): 7.4% (25.4% 25.5%) [mem: 9.22e+03] [data: 53.6 ms]
[INFO    ][2026-09-14 20:44:23][root                ][train_one_epoch          ] [  290] acc (v/n): 34.7% (78.0% 53.2%) recall (v/n): 7.3% (25.3% 25.6%) [mem: 9.22e+03] [data: 52.4 ms]
[INFO    ][2026-09-14 20:44:46][root                ][train_one_epoch          ] [  300] acc (v/n): 34.8% (78.1% 53.3%) recall (v/n): 7.3% (25.4% 25.7%) [mem: 9.22e+03] [data: 51.3 ms]
[INFO    ][2026-09-14 20:45:09][root                ][train_one_epoch          ] [  310] acc (v/n): 34.8% (78.1% 53.3%) recall (v/n): 7.3% (25.3% 25.7%) [mem: 9.22e+03] [data: 50.3 ms]
[INFO    ][2026-09-14 20:45:31][root                ][train_one_epoch          ] [  320] acc (v/n): 34.8% (78.1% 53.4%) recall (v/n): 7.2% (25.4% 25.9%) [mem: 9.22e+03] [data: 49.3 ms]
[INFO    ][2026-09-14 20:45:53][root                ][train_one_epoch          ] [  330] acc (v/n): 34.9% (78.2% 53.4%) recall (v/n): 7.2% (25.5% 26.0%) [mem: 9.22e+03] [data: 48.4 ms]
[INFO    ][2026-09-14 20:46:16][root                ][train_one_epoch          ] [  340] acc (v/n): 34.9% (78.2% 53.4%) recall (v/n): 7.1% (25.5% 25.8%) [mem: 9.22e+03] [data: 47.5 ms]
[INFO    ][2026-09-14 20:46:43][root                ][train_one_epoch          ] [  350] acc (v/n): 34.9% (78.2% 53.4%) recall (v/n): 7.0% (25.6% 25.8%) [mem: 9.22e+03] [data: 61.5 ms]
[INFO    ][2026-09-14 20:47:21][root                ][train_one_epoch          ] [  360] acc (v/n): 34.9% (78.2% 53.3%) recall (v/n): 7.0% (25.5% 25.7%) [mem: 9.22e+03] [data: 105.7 ms]
[INFO    ][2026-09-14 20:48:00][root                ][train_one_epoch          ] [  370] acc (v/n): 34.8% (78.1% 53.3%) recall (v/n): 7.0% (25.6% 25.8%) [mem: 9.22e+03] [data: 148.7 ms]
[INFO    ][2026-09-14 20:48:42][root                ][train_one_epoch          ] [  380] acc (v/n): 34.8% (78.0% 53.3%) recall (v/n): 6.9% (25.6% 25.8%) [mem: 9.22e+03] [data: 197.2 ms]
[INFO    ][2026-09-14 20:48:51][root                ][run                      ] Encountered exception getting indices e=DECORDError('[20:48:51] /github/workspace/src/video/video_reader.cc:444: [/data2/local_datasets/EPIC-KITCHENS_resized/P13/videos/P13_10.MP4]Unable to handle EOF because it takes too long to retrieve last few frames and `DECORD_EOF_RETRY_MAX=10240`. You may override the limit by `export DECORD_EOF_RETRY_MAX=20480` for example to allow more EOF retry attempts, exit...')
[INFO    ][2026-09-14 20:49:04][root                ][train_one_epoch          ] [  390] acc (v/n): 34.9% (78.1% 53.4%) recall (v/n): 6.8% (25.6% 25.7%) [mem: 9.22e+03] [data: 192.6 ms]
[INFO    ][2026-09-14 20:49:27][root                ][train_one_epoch          ] [  400] acc (v/n): 34.8% (78.1% 53.3%) recall (v/n): 6.8% (25.6% 25.5%) [mem: 9.22e+03] [data: 188.3 ms]
[INFO    ][2026-09-14 20:49:49][root                ][train_one_epoch          ] [  410] acc (v/n): 34.8% (78.1% 53.3%) recall (v/n): 6.8% (25.7% 25.5%) [mem: 9.22e+03] [data: 184.2 ms]
[INFO    ][2026-09-14 20:50:31][root                ][train_one_epoch          ] [  420] acc (v/n): 34.9% (78.1% 53.3%) recall (v/n): 6.8% (26.1% 25.7%) [mem: 9.22e+03] [data: 180.2 ms]
[INFO    ][2026-09-14 20:51:13][root                ][train_one_epoch          ] [  430] acc (v/n): 34.9% (77.9% 53.3%) recall (v/n): 6.8% (26.2% 25.8%) [mem: 9.22e+03] [data: 176.4 ms]
[INFO    ][2026-09-14 20:51:52][root                ][train_one_epoch          ] [  440] acc (v/n): 34.9% (77.9% 53.3%) recall (v/n): 6.8% (26.2% 26.0%) [mem: 9.22e+03] [data: 172.8 ms]
[INFO    ][2026-09-14 20:52:37][root                ][train_one_epoch          ] [  450] acc (v/n): 34.8% (77.9% 53.2%) recall (v/n): 6.8% (26.2% 26.1%) [mem: 9.22e+03] [data: 169.5 ms]
[INFO    ][2026-09-14 20:53:15][root                ][train_one_epoch          ] [  460] acc (v/n): 34.8% (77.8% 53.2%) recall (v/n): 6.7% (26.3% 26.1%) [mem: 9.22e+03] [data: 166.1 ms]
[INFO    ][2026-09-14 20:54:00][root                ][train_one_epoch          ] [  470] acc (v/n): 34.9% (77.8% 53.2%) recall (v/n): 6.7% (26.3% 26.0%) [mem: 9.22e+03] [data: 163.1 ms]
[INFO    ][2026-09-14 20:54:47][root                ][train_one_epoch          ] [  480] acc (v/n): 34.9% (77.8% 53.2%) recall (v/n): 6.7% (26.3% 26.1%) [mem: 9.22e+03] [data: 160.3 ms]
[INFO    ][2026-09-14 20:55:50][root                ][train_one_epoch          ] [  490] acc (v/n): 34.8% (77.8% 53.1%) recall (v/n): 6.6% (26.2% 26.1%) [mem: 9.22e+03] [data: 157.5 ms]
[INFO    ][2026-09-14 20:56:36][root                ][train_one_epoch          ] [  500] acc (v/n): 34.8% (77.8% 53.0%) recall (v/n): 6.6% (26.1% 26.0%) [mem: 9.22e+03] [data: 154.9 ms]
[INFO    ][2026-09-14 20:57:23][root                ][train_one_epoch          ] [  510] acc (v/n): 34.8% (77.7% 53.0%) recall (v/n): 6.6% (26.2% 26.0%) [mem: 9.22e+03] [data: 152.4 ms]
[INFO    ][2026-09-14 20:58:42][root                ][train_one_epoch          ] [  520] acc (v/n): 34.8% (77.7% 53.1%) recall (v/n): 6.6% (26.2% 26.0%) [mem: 9.22e+03] [data: 150.0 ms]
[INFO    ][2026-09-14 20:59:01][root                ][train_one_epoch          ] [  524] acc (v/n): 34.7% (77.6% 53.1%) recall (v/n): 6.6% (26.2% 25.9%) [mem: 9.22e+03] [data: 149.0 ms]
[INFO    ][2026-09-14 20:59:24][root                ][validate_exact           ] [exact val] itr 0  clips so far (this rank) 16
[INFO    ][2026-09-14 21:02:21][root                ][validate_exact           ] [exact val] itr 50  clips so far (this rank) 796
[INFO    ][2026-09-14 21:05:17][root                ][validate_exact           ] [exact val] itr 100  clips so far (this rank) 1573
[INFO    ][2026-09-14 21:06:33][root                ][main                     ] [exact val] epoch 8  n_clips 9296/9296  mean class recall@5  action 8.99  verb 24.19  noun 21.29
[INFO    ][2026-09-14 21:06:34][root                ][main                     ] [    8] train acc (v/n): 34.7% (77.6% 53.1%) train recall (v/n): 6.6% (26.2% 25.9%) val acc (v/n): 31.4% (78.2% 48.1%) val recall (v/n): 9.0% (24.2% 21.3%) 
[INFO    ][2026-09-14 21:06:44][root                ][main                     ] Epoch 8
[INFO    ][2026-09-14 21:06:44][root                ][main                     ] Training...
[INFO    ][2026-09-14 21:07:24][root                ][train_one_epoch          ] [    0] acc (v/n): 28.9% (74.2% 43.0%) recall (v/n): 23.7% (46.9% 37.0%) [mem: 9.22e+03] [data: 10369.3 ms]
[INFO    ][2026-09-14 21:08:10][root                ][train_one_epoch          ] [   10] acc (v/n): 32.4% (79.7% 49.7%) recall (v/n): 16.0% (34.8% 26.4%) [mem: 9.22e+03] [data: 967.4 ms]
[INFO    ][2026-09-14 21:08:57][root                ][train_one_epoch          ] [   20] acc (v/n): 33.9% (79.1% 51.6%) recall (v/n): 13.7% (24.9% 26.9%) [mem: 9.22e+03] [data: 520.3 ms]
[INFO    ][2026-09-14 21:09:43][root                ][train_one_epoch          ] [   30] acc (v/n): 34.1% (79.2% 51.7%) recall (v/n): 12.7% (24.8% 27.1%) [mem: 9.22e+03] [data: 360.9 ms]
[INFO    ][2026-09-14 21:10:29][root                ][train_one_epoch          ] [   40] acc (v/n): 35.0% (79.5% 52.8%) recall (v/n): 12.3% (24.6% 27.5%) [mem: 9.22e+03] [data: 279.4 ms]
[INFO    ][2026-09-14 21:11:15][root                ][train_one_epoch          ] [   50] acc (v/n): 35.3% (78.7% 52.9%) recall (v/n): 11.6% (24.5% 26.0%) [mem: 9.22e+03] [data: 229.5 ms]
[INFO    ][2026-09-14 21:12:02][root                ][train_one_epoch          ] [   60] acc (v/n): 35.3% (78.5% 53.1%) recall (v/n): 11.1% (24.3% 26.6%) [mem: 9.22e+03] [data: 195.9 ms]
[INFO    ][2026-09-14 21:12:46][root                ][train_one_epoch          ] [   70] acc (v/n): 34.8% (78.4% 52.5%) recall (v/n): 10.3% (24.8% 25.8%) [mem: 9.22e+03] [data: 171.7 ms]
[INFO    ][2026-09-14 21:13:08][root                ][train_one_epoch          ] [   80] acc (v/n): 34.5% (78.2% 52.6%) recall (v/n): 9.8% (24.1% 25.8%) [mem: 9.22e+03] [data: 152.8 ms]
[INFO    ][2026-09-14 21:13:30][root                ][train_one_epoch          ] [   90] acc (v/n): 34.6% (77.9% 52.8%) recall (v/n): 9.5% (23.5% 25.9%) [mem: 9.22e+03] [data: 138.1 ms]
[INFO    ][2026-09-14 21:13:52][root                ][train_one_epoch          ] [  100] acc (v/n): 34.6% (78.0% 53.0%) recall (v/n): 9.6% (24.1% 26.4%) [mem: 9.22e+03] [data: 126.2 ms]
[INFO    ][2026-09-14 21:14:15][root                ][train_one_epoch          ] [  110] acc (v/n): 35.0% (78.1% 53.4%) recall (v/n): 9.6% (24.3% 26.3%) [mem: 9.22e+03] [data: 116.4 ms]
[INFO    ][2026-09-14 21:14:37][root                ][train_one_epoch          ] [  120] acc (v/n): 35.0% (78.2% 53.6%) recall (v/n): 9.4% (24.4% 26.5%) [mem: 9.22e+03] [data: 108.2 ms]
[INFO    ][2026-09-14 21:14:59][root                ][train_one_epoch          ] [  130] acc (v/n): 34.9% (78.2% 53.6%) recall (v/n): 9.4% (24.7% 26.5%) [mem: 9.22e+03] [data: 101.3 ms]
[INFO    ][2026-09-14 21:15:22][root                ][train_one_epoch          ] [  140] acc (v/n): 34.9% (78.2% 53.8%) recall (v/n): 9.4% (25.1% 26.8%) [mem: 9.22e+03] [data: 95.3 ms]
[INFO    ][2026-09-14 21:15:45][root                ][train_one_epoch          ] [  150] acc (v/n): 34.9% (78.2% 53.9%) recall (v/n): 9.2% (24.7% 26.7%) [mem: 9.22e+03] [data: 90.3 ms]
[INFO    ][2026-09-14 21:16:07][root                ][train_one_epoch          ] [  160] acc (v/n): 34.7% (78.2% 53.8%) recall (v/n): 8.9% (24.7% 26.3%) [mem: 9.22e+03] [data: 85.8 ms]
[INFO    ][2026-09-14 21:16:29][root                ][train_one_epoch          ] [  170] acc (v/n): 34.8% (78.2% 53.7%) recall (v/n): 8.8% (24.8% 26.4%) [mem: 9.22e+03] [data: 82.1 ms]
[INFO    ][2026-09-14 21:16:51][root                ][train_one_epoch          ] [  180] acc (v/n): 34.7% (78.4% 53.6%) recall (v/n): 8.6% (25.1% 26.4%) [mem: 9.22e+03] [data: 78.5 ms]
[INFO    ][2026-09-14 21:17:13][root                ][train_one_epoch          ] [  190] acc (v/n): 34.5% (78.3% 53.5%) recall (v/n): 8.5% (24.7% 26.2%) [mem: 9.22e+03] [data: 75.3 ms]
[INFO    ][2026-09-14 21:17:36][root                ][train_one_epoch          ] [  200] acc (v/n): 34.6% (78.3% 53.6%) recall (v/n): 8.5% (24.7% 26.4%) [mem: 9.22e+03] [data: 72.4 ms]
[INFO    ][2026-09-14 21:17:58][root                ][train_one_epoch          ] [  210] acc (v/n): 34.7% (78.3% 53.6%) recall (v/n): 8.6% (25.2% 26.4%) [mem: 9.22e+03] [data: 69.7 ms]
[INFO    ][2026-09-14 21:18:20][root                ][train_one_epoch          ] [  220] acc (v/n): 34.8% (78.4% 53.6%) recall (v/n): 8.6% (25.4% 26.6%) [mem: 9.22e+03] [data: 67.4 ms]
[INFO    ][2026-09-14 21:18:42][root                ][train_one_epoch          ] [  230] acc (v/n): 34.9% (78.4% 53.8%) recall (v/n): 8.6% (25.3% 26.8%) [mem: 9.22e+03] [data: 65.2 ms]
[INFO    ][2026-09-14 21:19:04][root                ][train_one_epoch          ] [  240] acc (v/n): 35.0% (78.4% 53.7%) recall (v/n): 8.5% (25.5% 26.8%) [mem: 9.22e+03] [data: 63.2 ms]
[INFO    ][2026-09-14 21:19:26][root                ][train_one_epoch          ] [  250] acc (v/n): 35.1% (78.5% 54.0%) recall (v/n): 8.6% (25.9% 27.0%) [mem: 9.22e+03] [data: 61.3 ms]
[INFO    ][2026-09-14 21:19:49][root                ][train_one_epoch          ] [  260] acc (v/n): 35.2% (78.5% 54.1%) recall (v/n): 8.5% (26.1% 27.0%) [mem: 9.22e+03] [data: 59.6 ms]
[INFO    ][2026-09-14 21:20:11][root                ][train_one_epoch          ] [  270] acc (v/n): 35.2% (78.4% 54.2%) recall (v/n): 8.5% (26.1% 26.9%) [mem: 9.22e+03] [data: 58.0 ms]
[INFO    ][2026-09-14 21:20:33][root                ][train_one_epoch          ] [  280] acc (v/n): 35.3% (78.5% 54.4%) recall (v/n): 8.5% (26.3% 27.2%) [mem: 9.22e+03] [data: 56.5 ms]
[INFO    ][2026-09-14 21:20:55][root                ][train_one_epoch          ] [  290] acc (v/n): 35.5% (78.5% 54.5%) recall (v/n): 8.4% (26.3% 27.2%) [mem: 9.22e+03] [data: 55.2 ms]
[INFO    ][2026-09-14 21:21:17][root                ][train_one_epoch          ] [  300] acc (v/n): 35.5% (78.5% 54.5%) recall (v/n): 8.4% (26.4% 27.0%) [mem: 9.22e+03] [data: 53.9 ms]
[INFO    ][2026-09-14 21:21:39][root                ][train_one_epoch          ] [  310] acc (v/n): 35.5% (78.5% 54.5%) recall (v/n): 8.4% (26.8% 27.0%) [mem: 9.22e+03] [data: 52.7 ms]
[INFO    ][2026-09-14 21:22:01][root                ][train_one_epoch          ] [  320] acc (v/n): 35.5% (78.6% 54.5%) recall (v/n): 8.3% (26.8% 27.0%) [mem: 9.22e+03] [data: 51.6 ms]
[INFO    ][2026-09-14 21:22:23][root                ][train_one_epoch          ] [  330] acc (v/n): 35.5% (78.6% 54.5%) recall (v/n): 8.3% (26.7% 26.8%) [mem: 9.22e+03] [data: 50.5 ms]
[INFO    ][2026-09-14 21:22:45][root                ][train_one_epoch          ] [  340] acc (v/n): 35.6% (78.6% 54.5%) recall (v/n): 8.3% (26.7% 27.1%) [mem: 9.22e+03] [data: 49.5 ms]
[INFO    ][2026-09-14 21:23:17][root                ][train_one_epoch          ] [  350] acc (v/n): 35.7% (78.6% 54.5%) recall (v/n): 8.3% (27.0% 27.1%) [mem: 9.22e+03] [data: 76.0 ms]
[INFO    ][2026-09-14 21:23:53][root                ][train_one_epoch          ] [  360] acc (v/n): 35.7% (78.6% 54.5%) recall (v/n): 8.2% (27.0% 27.2%) [mem: 9.22e+03] [data: 113.1 ms]
[INFO    ][2026-09-14 21:24:27][root                ][train_one_epoch          ] [  370] acc (v/n): 35.6% (78.7% 54.4%) recall (v/n): 8.1% (27.5% 27.1%) [mem: 9.22e+03] [data: 143.9 ms]
[INFO    ][2026-09-14 21:25:03][root                ][train_one_epoch          ] [  380] acc (v/n): 35.7% (78.7% 54.4%) recall (v/n): 8.0% (27.8% 27.1%) [mem: 9.22e+03] [data: 177.7 ms]
[INFO    ][2026-09-14 21:25:36][root                ][train_one_epoch          ] [  390] acc (v/n): 35.7% (78.8% 54.4%) recall (v/n): 8.0% (28.2% 27.2%) [mem: 9.22e+03] [data: 203.8 ms]
[INFO    ][2026-09-14 21:26:16][root                ][train_one_epoch          ] [  400] acc (v/n): 35.8% (78.8% 54.5%) recall (v/n): 8.1% (28.2% 27.4%) [mem: 9.22e+03] [data: 246.0 ms]
[INFO    ][2026-09-14 21:26:38][root                ][train_one_epoch          ] [  410] acc (v/n): 35.9% (78.8% 54.5%) recall (v/n): 8.1% (28.2% 27.5%) [mem: 9.22e+03] [data: 240.4 ms]
[INFO    ][2026-09-14 21:27:00][root                ][train_one_epoch          ] [  420] acc (v/n): 36.0% (78.9% 54.6%) recall (v/n): 8.0% (28.2% 27.5%) [mem: 9.22e+03] [data: 235.1 ms]
[INFO    ][2026-09-14 21:27:22][root                ][train_one_epoch          ] [  430] acc (v/n): 36.1% (79.0% 54.7%) recall (v/n): 8.0% (28.2% 27.5%) [mem: 9.22e+03] [data: 230.0 ms]
[INFO    ][2026-09-14 21:27:44][root                ][train_one_epoch          ] [  440] acc (v/n): 36.2% (79.0% 54.7%) recall (v/n): 8.0% (28.2% 27.7%) [mem: 9.22e+03] [data: 225.2 ms]
[INFO    ][2026-09-14 21:28:07][root                ][train_one_epoch          ] [  450] acc (v/n): 36.1% (78.9% 54.7%) recall (v/n): 7.9% (28.2% 27.7%) [mem: 9.22e+03] [data: 220.5 ms]
[INFO    ][2026-09-14 21:28:29][root                ][train_one_epoch          ] [  460] acc (v/n): 36.1% (78.9% 54.7%) recall (v/n): 7.9% (28.3% 27.7%) [mem: 9.22e+03] [data: 216.1 ms]
[INFO    ][2026-09-14 21:28:51][root                ][train_one_epoch          ] [  470] acc (v/n): 36.2% (78.9% 54.8%) recall (v/n): 7.9% (28.4% 27.9%) [mem: 9.22e+03] [data: 211.8 ms]
[INFO    ][2026-09-14 21:29:18][root                ][train_one_epoch          ] [  480] acc (v/n): 36.1% (78.8% 54.7%) recall (v/n): 7.9% (28.5% 28.1%) [mem: 9.22e+03] [data: 207.8 ms]
[INFO    ][2026-09-14 21:29:58][root                ][train_one_epoch          ] [  490] acc (v/n): 36.1% (78.8% 54.7%) recall (v/n): 7.9% (28.3% 28.4%) [mem: 9.22e+03] [data: 203.9 ms]
[INFO    ][2026-09-14 21:30:20][root                ][train_one_epoch          ] [  500] acc (v/n): 36.2% (78.8% 54.8%) recall (v/n): 7.9% (28.5% 28.6%) [mem: 9.22e+03] [data: 200.1 ms]
[INFO    ][2026-09-14 21:31:05][root                ][train_one_epoch          ] [  510] acc (v/n): 36.1% (78.7% 54.7%) recall (v/n): 7.9% (28.6% 28.5%) [mem: 9.22e+03] [data: 196.5 ms]
[INFO    ][2026-09-14 21:31:27][root                ][train_one_epoch          ] [  520] acc (v/n): 36.2% (78.7% 54.7%) recall (v/n): 7.9% (28.6% 28.6%) [mem: 9.22e+03] [data: 193.1 ms]
[INFO    ][2026-09-14 21:31:36][root                ][train_one_epoch          ] [  524] acc (v/n): 36.1% (78.7% 54.6%) recall (v/n): 7.9% (28.6% 28.6%) [mem: 9.22e+03] [data: 191.7 ms]
[INFO    ][2026-09-14 21:31:53][root                ][validate_exact           ] [exact val] itr 0  clips so far (this rank) 16
[INFO    ][2026-09-14 21:33:18][root                ][validate_exact           ] [exact val] itr 50  clips so far (this rank) 796
[INFO    ][2026-09-14 21:34:43][root                ][validate_exact           ] [exact val] itr 100  clips so far (this rank) 1573
[INFO    ][2026-09-14 21:35:20][root                ][main                     ] [exact val] epoch 9  n_clips 9296/9296  mean class recall@5  action 10.30  verb 22.10  noun 25.17
[INFO    ][2026-09-14 21:35:20][root                ][main                     ] [    9] train acc (v/n): 36.1% (78.7% 54.6%) train recall (v/n): 7.9% (28.6% 28.6%) val acc (v/n): 33.0% (79.3% 51.1%) val recall (v/n): 10.3% (22.1% 25.2%) 
[INFO    ][2026-09-14 21:35:25][root                ][main                     ] Epoch 9
[INFO    ][2026-09-14 21:35:25][root                ][main                     ] Training...
[INFO    ][2026-09-14 21:35:50][root                ][train_one_epoch          ] [    0] acc (v/n): 39.1% (83.6% 56.2%) recall (v/n): 30.2% (48.9% 42.1%) [mem: 9.22e+03] [data: 4918.8 ms]
[INFO    ][2026-09-14 21:36:13][root                ][train_one_epoch          ] [   10] acc (v/n): 38.4% (84.2% 56.7%) recall (v/n): 18.5% (30.2% 33.6%) [mem: 9.22e+03] [data: 462.7 ms]
[INFO    ][2026-09-14 21:36:35][root                ][train_one_epoch          ] [   20] acc (v/n): 39.3% (82.6% 57.3%) recall (v/n): 15.0% (25.8% 30.5%) [mem: 9.22e+03] [data: 250.4 ms]
[INFO    ][2026-09-14 21:36:57][root                ][train_one_epoch          ] [   30] acc (v/n): 38.9% (82.1% 57.4%) recall (v/n): 13.6% (22.0% 29.0%) [mem: 9.22e+03] [data: 175.1 ms]
[INFO    ][2026-09-14 21:37:19][root                ][train_one_epoch          ] [   40] acc (v/n): 38.9% (81.7% 58.1%) recall (v/n): 13.4% (23.0% 30.3%) [mem: 9.22e+03] [data: 136.4 ms]
[INFO    ][2026-09-14 21:37:41][root                ][train_one_epoch          ] [   50] acc (v/n): 38.8% (81.2% 58.1%) recall (v/n): 12.9% (24.0% 30.9%) [mem: 9.22e+03] [data: 112.8 ms]
[INFO    ][2026-09-14 21:38:03][root                ][train_one_epoch          ] [   60] acc (v/n): 39.0% (81.3% 58.2%) recall (v/n): 12.9% (24.7% 32.1%) [mem: 9.22e+03] [data: 97.0 ms]
[INFO    ][2026-09-14 21:38:25][root                ][train_one_epoch          ] [   70] acc (v/n): 39.1% (81.0% 57.8%) recall (v/n): 12.9% (26.0% 30.8%) [mem: 9.22e+03] [data: 85.7 ms]
[INFO    ][2026-09-14 21:38:47][root                ][train_one_epoch          ] [   80] acc (v/n): 39.0% (80.6% 57.4%) recall (v/n): 12.9% (25.7% 30.8%) [mem: 9.22e+03] [data: 77.2 ms]
[INFO    ][2026-09-14 21:39:09][root                ][train_one_epoch          ] [   90] acc (v/n): 39.1% (80.5% 57.2%) recall (v/n): 12.7% (26.2% 31.4%) [mem: 9.22e+03] [data: 70.6 ms]
[INFO    ][2026-09-14 21:39:31][root                ][train_one_epoch          ] [  100] acc (v/n): 38.9% (80.2% 57.1%) recall (v/n): 12.5% (25.5% 31.8%) [mem: 9.22e+03] [data: 65.3 ms]
[INFO    ][2026-09-14 21:39:53][root                ][train_one_epoch          ] [  110] acc (v/n): 38.7% (80.2% 57.2%) recall (v/n): 12.4% (25.6% 32.4%) [mem: 9.22e+03] [data: 60.9 ms]
[INFO    ][2026-09-14 21:40:15][root                ][train_one_epoch          ] [  120] acc (v/n): 38.9% (80.4% 57.4%) recall (v/n): 12.2% (26.3% 32.1%) [mem: 9.22e+03] [data: 57.3 ms]
[INFO    ][2026-09-14 21:40:37][root                ][train_one_epoch          ] [  130] acc (v/n): 38.7% (80.5% 57.1%) recall (v/n): 11.9% (26.0% 31.9%) [mem: 9.22e+03] [data: 54.2 ms]
[INFO    ][2026-09-14 21:40:59][root                ][train_one_epoch          ] [  140] acc (v/n): 38.7% (80.5% 57.0%) recall (v/n): 11.7% (26.3% 31.5%) [mem: 9.22e+03] [data: 51.5 ms]
[INFO    ][2026-09-14 21:41:21][root                ][train_one_epoch          ] [  150] acc (v/n): 38.5% (80.3% 56.7%) recall (v/n): 11.4% (26.3% 31.4%) [mem: 9.22e+03] [data: 49.4 ms]
[INFO    ][2026-09-14 21:41:43][root                ][train_one_epoch          ] [  160] acc (v/n): 38.7% (80.4% 56.8%) recall (v/n): 11.3% (25.8% 31.5%) [mem: 9.22e+03] [data: 47.3 ms]
[INFO    ][2026-09-14 21:42:05][root                ][train_one_epoch          ] [  170] acc (v/n): 38.7% (80.1% 56.7%) recall (v/n): 11.2% (26.5% 31.9%) [mem: 9.22e+03] [data: 45.5 ms]
[INFO    ][2026-09-14 21:42:27][root                ][train_one_epoch          ] [  180] acc (v/n): 38.4% (80.1% 56.6%) recall (v/n): 11.3% (27.5% 32.3%) [mem: 9.22e+03] [data: 44.0 ms]
[INFO    ][2026-09-14 21:42:49][root                ][train_one_epoch          ] [  190] acc (v/n): 38.5% (80.1% 56.7%) recall (v/n): 11.2% (27.5% 32.3%) [mem: 9.22e+03] [data: 42.6 ms]
[INFO    ][2026-09-14 21:43:11][root                ][train_one_epoch          ] [  200] acc (v/n): 38.6% (80.2% 56.7%) recall (v/n): 11.1% (27.7% 32.4%) [mem: 9.22e+03] [data: 41.3 ms]
[INFO    ][2026-09-14 21:43:33][root                ][train_one_epoch          ] [  210] acc (v/n): 38.6% (80.2% 56.8%) recall (v/n): 11.0% (27.5% 32.0%) [mem: 9.22e+03] [data: 40.1 ms]
[INFO    ][2026-09-14 21:43:56][root                ][train_one_epoch          ] [  220] acc (v/n): 38.7% (80.1% 56.7%) recall (v/n): 10.9% (27.1% 32.1%) [mem: 9.22e+03] [data: 39.1 ms]
[INFO    ][2026-09-14 21:44:18][root                ][train_one_epoch          ] [  230] acc (v/n): 38.7% (80.1% 56.6%) recall (v/n): 10.9% (27.1% 31.8%) [mem: 9.22e+03] [data: 38.1 ms]
[INFO    ][2026-09-14 21:44:40][root                ][train_one_epoch          ] [  240] acc (v/n): 38.8% (80.0% 56.7%) recall (v/n): 11.0% (27.8% 32.4%) [mem: 9.22e+03] [data: 37.1 ms]
[INFO    ][2026-09-14 21:45:02][root                ][train_one_epoch          ] [  250] acc (v/n): 38.8% (80.0% 56.7%) recall (v/n): 10.9% (28.2% 32.3%) [mem: 9.22e+03] [data: 36.3 ms]
[INFO    ][2026-09-14 21:45:24][root                ][train_one_epoch          ] [  260] acc (v/n): 38.9% (79.9% 56.8%) recall (v/n): 10.9% (28.8% 32.5%) [mem: 9.22e+03] [data: 35.5 ms]
[INFO    ][2026-09-14 21:45:46][root                ][train_one_epoch          ] [  270] acc (v/n): 39.0% (79.9% 56.9%) recall (v/n): 10.9% (29.1% 32.4%) [mem: 9.22e+03] [data: 34.9 ms]
[INFO    ][2026-09-14 21:46:08][root                ][train_one_epoch          ] [  280] acc (v/n): 39.2% (79.9% 57.1%) recall (v/n): 11.0% (29.5% 32.4%) [mem: 9.22e+03] [data: 34.2 ms]
[INFO    ][2026-09-14 21:46:30][root                ][train_one_epoch          ] [  290] acc (v/n): 39.3% (79.9% 57.2%) recall (v/n): 10.9% (29.6% 32.5%) [mem: 9.22e+03] [data: 33.6 ms]
[INFO    ][2026-09-14 21:46:53][root                ][train_one_epoch          ] [  300] acc (v/n): 39.4% (79.8% 57.3%) recall (v/n): 10.7% (29.8% 32.7%) [mem: 9.22e+03] [data: 33.0 ms]
[INFO    ][2026-09-14 21:47:15][root                ][train_one_epoch          ] [  310] acc (v/n): 39.5% (79.8% 57.4%) recall (v/n): 10.7% (30.2% 32.5%) [mem: 9.22e+03] [data: 32.5 ms]
[INFO    ][2026-09-14 21:47:37][root                ][train_one_epoch          ] [  320] acc (v/n): 39.5% (79.7% 57.4%) recall (v/n): 10.6% (30.2% 32.4%) [mem: 9.22e+03] [data: 32.0 ms]
[INFO    ][2026-09-14 21:47:59][root                ][train_one_epoch          ] [  330] acc (v/n): 39.5% (79.7% 57.4%) recall (v/n): 10.6% (30.3% 32.5%) [mem: 9.22e+03] [data: 31.5 ms]
[INFO    ][2026-09-14 21:48:21][root                ][train_one_epoch          ] [  340] acc (v/n): 39.6% (79.7% 57.6%) recall (v/n): 10.7% (30.4% 32.8%) [mem: 9.22e+03] [data: 31.1 ms]
[INFO    ][2026-09-14 21:48:43][root                ][train_one_epoch          ] [  350] acc (v/n): 39.6% (79.6% 57.6%) recall (v/n): 10.6% (30.4% 32.7%) [mem: 9.22e+03] [data: 30.7 ms]
[INFO    ][2026-09-14 21:49:05][root                ][train_one_epoch          ] [  360] acc (v/n): 39.5% (79.5% 57.6%) recall (v/n): 10.6% (30.9% 32.8%) [mem: 9.22e+03] [data: 30.3 ms]
[INFO    ][2026-09-14 21:49:27][root                ][train_one_epoch          ] [  370] acc (v/n): 39.5% (79.4% 57.6%) recall (v/n): 10.6% (30.8% 32.8%) [mem: 9.22e+03] [data: 29.9 ms]
[INFO    ][2026-09-14 21:49:49][root                ][train_one_epoch          ] [  380] acc (v/n): 39.5% (79.4% 57.6%) recall (v/n): 10.5% (30.9% 32.7%) [mem: 9.22e+03] [data: 29.5 ms]
[INFO    ][2026-09-14 21:50:11][root                ][train_one_epoch          ] [  390] acc (v/n): 39.5% (79.3% 57.7%) recall (v/n): 10.5% (30.9% 32.7%) [mem: 9.22e+03] [data: 29.2 ms]
[INFO    ][2026-09-14 21:50:33][root                ][train_one_epoch          ] [  400] acc (v/n): 39.5% (79.2% 57.8%) recall (v/n): 10.4% (30.8% 32.7%) [mem: 9.22e+03] [data: 28.9 ms]
[INFO    ][2026-09-14 21:50:55][root                ][train_one_epoch          ] [  410] acc (v/n): 39.4% (79.2% 57.7%) recall (v/n): 10.4% (30.7% 32.9%) [mem: 9.22e+03] [data: 28.5 ms]
[INFO    ][2026-09-14 21:51:20][root                ][train_one_epoch          ] [  420] acc (v/n): 39.4% (79.2% 57.7%) recall (v/n): 10.4% (30.6% 32.6%) [mem: 9.22e+03] [data: 28.2 ms]
[INFO    ][2026-09-14 21:51:53][root                ][train_one_epoch          ] [  430] acc (v/n): 39.4% (79.2% 57.7%) recall (v/n): 10.4% (30.6% 32.6%) [mem: 9.22e+03] [data: 28.0 ms]
[INFO    ][2026-09-14 21:52:42][root                ][train_one_epoch          ] [  440] acc (v/n): 39.4% (79.3% 57.7%) recall (v/n): 10.4% (30.5% 32.5%) [mem: 9.22e+03] [data: 27.7 ms]
[INFO    ][2026-09-14 21:53:04][root                ][train_one_epoch          ] [  450] acc (v/n): 39.4% (79.3% 57.6%) recall (v/n): 10.3% (30.5% 32.4%) [mem: 9.22e+03] [data: 27.4 ms]
[INFO    ][2026-09-14 21:53:45][root                ][train_one_epoch          ] [  460] acc (v/n): 39.4% (79.3% 57.6%) recall (v/n): 10.3% (30.5% 32.4%) [mem: 9.22e+03] [data: 27.2 ms]
[INFO    ][2026-09-14 21:54:06][root                ][train_one_epoch          ] [  470] acc (v/n): 39.4% (79.3% 57.6%) recall (v/n): 10.3% (30.7% 32.5%) [mem: 9.22e+03] [data: 27.0 ms]
[INFO    ][2026-09-14 21:54:28][root                ][train_one_epoch          ] [  480] acc (v/n): 39.4% (79.3% 57.5%) recall (v/n): 10.2% (30.7% 32.6%) [mem: 9.22e+03] [data: 26.7 ms]
[INFO    ][2026-09-14 21:54:50][root                ][train_one_epoch          ] [  490] acc (v/n): 39.3% (79.3% 57.5%) recall (v/n): 10.1% (30.6% 32.5%) [mem: 9.22e+03] [data: 26.5 ms]
[INFO    ][2026-09-14 21:55:16][root                ][train_one_epoch          ] [  500] acc (v/n): 39.4% (79.3% 57.5%) recall (v/n): 10.2% (30.7% 32.8%) [mem: 9.22e+03] [data: 26.3 ms]
[INFO    ][2026-09-14 21:55:51][root                ][train_one_epoch          ] [  510] acc (v/n): 39.3% (79.3% 57.4%) recall (v/n): 10.1% (30.5% 32.5%) [mem: 9.22e+03] [data: 26.1 ms]
[INFO    ][2026-09-14 21:56:36][root                ][train_one_epoch          ] [  520] acc (v/n): 39.4% (79.3% 57.5%) recall (v/n): 10.0% (30.5% 32.4%) [mem: 9.22e+03] [data: 25.9 ms]
[INFO    ][2026-09-14 21:56:59][root                ][train_one_epoch          ] [  524] acc (v/n): 39.4% (79.3% 57.5%) recall (v/n): 10.0% (30.4% 32.4%) [mem: 9.22e+03] [data: 25.8 ms]
[INFO    ][2026-09-14 21:57:19][root                ][validate_exact           ] [exact val] itr 0  clips so far (this rank) 16
[INFO    ][2026-09-14 22:00:16][root                ][validate_exact           ] [exact val] itr 50  clips so far (this rank) 796
[INFO    ][2026-09-14 22:03:11][root                ][validate_exact           ] [exact val] itr 100  clips so far (this rank) 1573
[INFO    ][2026-09-14 22:04:28][root                ][main                     ] [exact val] epoch 10  n_clips 9296/9296  mean class recall@5  action 11.17  verb 24.98  noun 25.84
[INFO    ][2026-09-14 22:04:28][root                ][main                     ] [   10] train acc (v/n): 39.4% (79.3% 57.5%) train recall (v/n): 10.0% (30.4% 32.4%) val acc (v/n): 35.2% (79.4% 53.2%) val recall (v/n): 11.2% (25.0% 25.8%) 
[INFO    ][2026-09-14 22:04:31][root                ][main                     ] Epoch 10
[INFO    ][2026-09-14 22:04:31][root                ][main                     ] Training...
[INFO    ][2026-09-14 22:04:54][root                ][train_one_epoch          ] [    0] acc (v/n): 33.6% (78.9% 40.6%) recall (v/n): 21.9% (36.8% 29.6%) [mem: 9.22e+03] [data: 7624.6 ms]
[INFO    ][2026-09-14 22:05:40][root                ][train_one_epoch          ] [   10] acc (v/n): 38.1% (79.8% 53.1%) recall (v/n): 20.8% (30.8% 32.9%) [mem: 9.22e+03] [data: 716.4 ms]
[INFO    ][2026-09-14 22:06:26][root                ][train_one_epoch          ] [   20] acc (v/n): 40.5% (80.2% 55.8%) recall (v/n): 18.6% (28.6% 30.7%) [mem: 9.22e+03] [data: 386.5 ms]
[INFO    ][2026-09-14 22:07:12][root                ][train_one_epoch          ] [   30] acc (v/n): 40.3% (81.5% 56.0%) recall (v/n): 17.4% (27.6% 32.3%) [mem: 9.22e+03] [data: 269.3 ms]
[INFO    ][2026-09-14 22:07:58][root                ][train_one_epoch          ] [   40] acc (v/n): 40.9% (81.4% 57.0%) recall (v/n): 17.6% (29.3% 33.3%) [mem: 9.22e+03] [data: 209.5 ms]
[INFO    ][2026-09-14 22:08:44][root                ][train_one_epoch          ] [   50] acc (v/n): 40.4% (81.0% 57.3%) recall (v/n): 17.1% (28.7% 33.5%) [mem: 9.22e+03] [data: 173.1 ms]
[INFO    ][2026-09-14 22:09:30][root                ][train_one_epoch          ] [   60] acc (v/n): 40.3% (80.9% 57.4%) recall (v/n): 16.4% (27.9% 33.2%) [mem: 9.22e+03] [data: 148.7 ms]
[INFO    ][2026-09-14 22:10:16][root                ][train_one_epoch          ] [   70] acc (v/n): 39.9% (80.6% 57.0%) recall (v/n): 15.8% (28.1% 32.0%) [mem: 9.22e+03] [data: 131.3 ms]
[INFO    ][2026-09-14 22:11:02][root                ][train_one_epoch          ] [   80] acc (v/n): 39.8% (80.2% 57.0%) recall (v/n): 15.5% (28.4% 32.2%) [mem: 9.22e+03] [data: 118.1 ms]
[INFO    ][2026-09-14 22:11:49][root                ][train_one_epoch          ] [   90] acc (v/n): 40.2% (80.3% 57.2%) recall (v/n): 15.6% (29.1% 31.8%) [mem: 9.22e+03] [data: 108.2 ms]
[INFO    ][2026-09-14 22:12:35][root                ][train_one_epoch          ] [  100] acc (v/n): 40.4% (80.5% 57.5%) recall (v/n): 15.2% (28.7% 32.1%) [mem: 9.22e+03] [data: 100.0 ms]
[INFO    ][2026-09-14 22:13:21][root                ][train_one_epoch          ] [  110] acc (v/n): 40.4% (80.4% 57.6%) recall (v/n): 15.0% (28.7% 32.2%) [mem: 9.22e+03] [data: 93.1 ms]
[INFO    ][2026-09-14 22:14:06][root                ][train_one_epoch          ] [  120] acc (v/n): 40.4% (80.3% 57.5%) recall (v/n): 14.7% (28.3% 32.0%) [mem: 9.22e+03] [data: 87.3 ms]
[INFO    ][2026-09-14 22:14:53][root                ][train_one_epoch          ] [  130] acc (v/n): 40.6% (80.2% 57.7%) recall (v/n): 14.6% (29.0% 32.0%) [mem: 9.22e+03] [data: 82.5 ms]
[INFO    ][2026-09-14 22:15:39][root                ][train_one_epoch          ] [  140] acc (v/n): 40.6% (80.2% 57.6%) recall (v/n): 14.6% (29.5% 32.4%) [mem: 9.22e+03] [data: 78.4 ms]
[INFO    ][2026-09-14 22:16:24][root                ][train_one_epoch          ] [  150] acc (v/n): 40.3% (80.1% 57.6%) recall (v/n): 14.4% (29.8% 32.7%) [mem: 9.22e+03] [data: 74.8 ms]
[INFO    ][2026-09-14 22:17:01][root                ][train_one_epoch          ] [  160] acc (v/n): 40.4% (80.1% 57.6%) recall (v/n): 14.4% (29.2% 32.6%) [mem: 9.22e+03] [data: 71.4 ms]
[INFO    ][2026-09-14 22:17:34][root                ][train_one_epoch          ] [  170] acc (v/n): 40.4% (80.0% 57.5%) recall (v/n): 14.3% (29.2% 33.2%) [mem: 9.22e+03] [data: 68.5 ms]
[INFO    ][2026-09-14 22:17:56][root                ][train_one_epoch          ] [  180] acc (v/n): 40.6% (80.1% 57.7%) recall (v/n): 14.3% (29.8% 33.6%) [mem: 9.22e+03] [data: 65.6 ms]
[INFO    ][2026-09-14 22:18:18][root                ][train_one_epoch          ] [  190] acc (v/n): 40.5% (80.1% 57.9%) recall (v/n): 14.0% (29.8% 33.6%) [mem: 9.22e+03] [data: 63.0 ms]
[INFO    ][2026-09-14 22:18:39][root                ][train_one_epoch          ] [  200] acc (v/n): 40.5% (80.1% 57.8%) recall (v/n): 13.9% (29.7% 34.0%) [mem: 9.22e+03] [data: 60.6 ms]
[INFO    ][2026-09-14 22:19:01][root                ][train_one_epoch          ] [  210] acc (v/n): 40.6% (80.1% 58.0%) recall (v/n): 13.8% (29.9% 34.0%) [mem: 9.22e+03] [data: 58.6 ms]
[INFO    ][2026-09-14 22:19:24][root                ][train_one_epoch          ] [  220] acc (v/n): 40.7% (80.2% 58.1%) recall (v/n): 13.8% (29.9% 34.4%) [mem: 9.22e+03] [data: 56.7 ms]
[INFO    ][2026-09-14 22:19:46][root                ][train_one_epoch          ] [  230] acc (v/n): 40.9% (80.3% 58.2%) recall (v/n): 13.7% (30.2% 34.1%) [mem: 9.22e+03] [data: 54.9 ms]
[INFO    ][2026-09-14 22:20:08][root                ][train_one_epoch          ] [  240] acc (v/n): 40.9% (80.3% 58.2%) recall (v/n): 13.5% (30.0% 34.1%) [mem: 9.22e+03] [data: 53.3 ms]
[INFO    ][2026-09-14 22:20:30][root                ][train_one_epoch          ] [  250] acc (v/n): 40.9% (80.3% 58.1%) recall (v/n): 13.3% (30.0% 33.9%) [mem: 9.22e+03] [data: 51.9 ms]
[INFO    ][2026-09-14 22:20:52][root                ][train_one_epoch          ] [  260] acc (v/n): 41.0% (80.4% 58.2%) recall (v/n): 13.4% (29.9% 33.9%) [mem: 9.22e+03] [data: 50.5 ms]
[INFO    ][2026-09-14 22:21:14][root                ][train_one_epoch          ] [  270] acc (v/n): 41.1% (80.4% 58.2%) recall (v/n): 13.3% (30.0% 34.1%) [mem: 9.22e+03] [data: 49.2 ms]
[INFO    ][2026-09-14 22:21:36][root                ][train_one_epoch          ] [  280] acc (v/n): 41.2% (80.5% 58.3%) recall (v/n): 13.3% (30.1% 34.4%) [mem: 9.22e+03] [data: 48.1 ms]
[INFO    ][2026-09-14 22:21:58][root                ][train_one_epoch          ] [  290] acc (v/n): 41.3% (80.5% 58.4%) recall (v/n): 13.3% (29.9% 34.5%) [mem: 9.22e+03] [data: 47.0 ms]
[INFO    ][2026-09-14 22:22:20][root                ][train_one_epoch          ] [  300] acc (v/n): 41.4% (80.5% 58.6%) recall (v/n): 13.3% (29.9% 34.9%) [mem: 9.22e+03] [data: 45.9 ms]
[INFO    ][2026-09-14 22:22:42][root                ][train_one_epoch          ] [  310] acc (v/n): 41.5% (80.5% 58.7%) recall (v/n): 13.5% (30.2% 35.1%) [mem: 9.22e+03] [data: 45.0 ms]
[INFO    ][2026-09-14 22:23:04][root                ][train_one_epoch          ] [  320] acc (v/n): 41.6% (80.5% 58.8%) recall (v/n): 13.5% (30.6% 35.5%) [mem: 9.22e+03] [data: 44.1 ms]
[INFO    ][2026-09-14 22:23:26][root                ][train_one_epoch          ] [  330] acc (v/n): 41.6% (80.5% 58.9%) recall (v/n): 13.5% (30.7% 35.4%) [mem: 9.22e+03] [data: 43.2 ms]
[INFO    ][2026-09-14 22:23:48][root                ][train_one_epoch          ] [  340] acc (v/n): 41.5% (80.5% 58.9%) recall (v/n): 13.4% (30.9% 35.2%) [mem: 9.22e+03] [data: 42.4 ms]
[INFO    ][2026-09-14 22:24:10][root                ][train_one_epoch          ] [  350] acc (v/n): 41.6% (80.5% 59.0%) recall (v/n): 13.4% (31.1% 35.3%) [mem: 9.22e+03] [data: 41.7 ms]
[INFO    ][2026-09-14 22:24:32][root                ][train_one_epoch          ] [  360] acc (v/n): 41.7% (80.5% 59.1%) recall (v/n): 13.3% (31.5% 35.4%) [mem: 9.22e+03] [data: 40.9 ms]
[INFO    ][2026-09-14 22:24:54][root                ][train_one_epoch          ] [  370] acc (v/n): 41.7% (80.5% 59.2%) recall (v/n): 13.3% (31.4% 35.4%) [mem: 9.22e+03] [data: 40.3 ms]
[INFO    ][2026-09-14 22:25:16][root                ][train_one_epoch          ] [  380] acc (v/n): 41.8% (80.5% 59.3%) recall (v/n): 13.3% (31.5% 35.8%) [mem: 9.22e+03] [data: 39.6 ms]
[INFO    ][2026-09-14 22:25:39][root                ][train_one_epoch          ] [  390] acc (v/n): 41.9% (80.5% 59.4%) recall (v/n): 13.3% (31.7% 35.7%) [mem: 9.22e+03] [data: 39.0 ms]
[INFO    ][2026-09-14 22:26:01][root                ][train_one_epoch          ] [  400] acc (v/n): 41.9% (80.5% 59.4%) recall (v/n): 13.2% (31.5% 35.6%) [mem: 9.22e+03] [data: 38.4 ms]
[INFO    ][2026-09-14 22:26:23][root                ][train_one_epoch          ] [  410] acc (v/n): 41.9% (80.4% 59.4%) recall (v/n): 13.2% (31.6% 35.8%) [mem: 9.22e+03] [data: 37.9 ms]
[INFO    ][2026-09-14 22:26:45][root                ][train_one_epoch          ] [  420] acc (v/n): 41.8% (80.4% 59.4%) recall (v/n): 13.2% (31.7% 35.9%) [mem: 9.22e+03] [data: 37.4 ms]
[INFO    ][2026-09-14 22:27:07][root                ][train_one_epoch          ] [  430] acc (v/n): 41.7% (80.4% 59.4%) recall (v/n): 13.1% (31.7% 35.7%) [mem: 9.22e+03] [data: 36.9 ms]
[INFO    ][2026-09-14 22:27:29][root                ][train_one_epoch          ] [  440] acc (v/n): 41.7% (80.4% 59.4%) recall (v/n): 13.1% (31.9% 35.7%) [mem: 9.22e+03] [data: 36.4 ms]
[INFO    ][2026-09-14 22:28:09][root                ][train_one_epoch          ] [  450] acc (v/n): 41.7% (80.3% 59.4%) recall (v/n): 13.0% (32.0% 35.3%) [mem: 9.22e+03] [data: 36.0 ms]
[INFO    ][2026-09-14 22:28:33][root                ][train_one_epoch          ] [  460] acc (v/n): 41.7% (80.3% 59.4%) recall (v/n): 12.9% (32.0% 35.7%) [mem: 9.22e+03] [data: 35.5 ms]
[INFO    ][2026-09-14 22:29:05][root                ][train_one_epoch          ] [  470] acc (v/n): 41.7% (80.3% 59.5%) recall (v/n): 12.8% (31.9% 35.6%) [mem: 9.22e+03] [data: 35.1 ms]
[INFO    ][2026-09-14 22:29:39][root                ][train_one_epoch          ] [  480] acc (v/n): 41.6% (80.2% 59.4%) recall (v/n): 12.7% (31.9% 35.4%) [mem: 9.22e+03] [data: 34.7 ms]
[INFO    ][2026-09-14 22:30:22][root                ][train_one_epoch          ] [  490] acc (v/n): 41.7% (80.2% 59.5%) recall (v/n): 12.6% (32.2% 35.5%) [mem: 9.22e+03] [data: 34.3 ms]
[INFO    ][2026-09-14 22:30:59][root                ][train_one_epoch          ] [  500] acc (v/n): 41.7% (80.2% 59.5%) recall (v/n): 12.6% (32.4% 35.5%) [mem: 9.22e+03] [data: 34.0 ms]
[INFO    ][2026-09-14 22:31:36][root                ][train_one_epoch          ] [  510] acc (v/n): 41.7% (80.2% 59.5%) recall (v/n): 12.6% (32.6% 35.6%) [mem: 9.22e+03] [data: 33.6 ms]
[INFO    ][2026-09-14 22:32:14][root                ][train_one_epoch          ] [  520] acc (v/n): 41.8% (80.2% 59.5%) recall (v/n): 12.7% (32.8% 35.7%) [mem: 9.22e+03] [data: 33.3 ms]
[INFO    ][2026-09-14 22:32:26][root                ][train_one_epoch          ] [  524] acc (v/n): 41.8% (80.3% 59.5%) recall (v/n): 12.7% (32.8% 35.7%) [mem: 9.22e+03] [data: 41.0 ms]
[INFO    ][2026-09-14 22:32:43][root                ][validate_exact           ] [exact val] itr 0  clips so far (this rank) 16
[INFO    ][2026-09-14 22:34:07][root                ][validate_exact           ] [exact val] itr 50  clips so far (this rank) 796
[INFO    ][2026-09-14 22:35:32][root                ][validate_exact           ] [exact val] itr 100  clips so far (this rank) 1573
[INFO    ][2026-09-14 22:36:09][root                ][main                     ] [exact val] epoch 11  n_clips 9296/9296  mean class recall@5  action 12.66  verb 25.07  noun 27.48
[INFO    ][2026-09-14 22:36:09][root                ][main                     ] [   11] train acc (v/n): 41.8% (80.3% 59.5%) train recall (v/n): 12.7% (32.8% 35.7%) val acc (v/n): 36.1% (79.0% 54.3%) val recall (v/n): 12.7% (25.1% 27.5%) 
[INFO    ][2026-09-14 22:36:12][root                ][main                     ] Epoch 11
[INFO    ][2026-09-14 22:36:12][root                ][main                     ] Training...
[INFO    ][2026-09-14 22:36:35][root                ][train_one_epoch          ] [    0] acc (v/n): 40.6% (86.7% 55.5%) recall (v/n): 33.9% (53.3% 49.9%) [mem: 9.22e+03] [data: 5263.5 ms]
[INFO    ][2026-09-14 22:36:57][root                ][train_one_epoch          ] [   10] acc (v/n): 44.2% (85.5% 59.5%) recall (v/n): 24.5% (42.2% 33.5%) [mem: 9.22e+03] [data: 493.2 ms]
[INFO    ][2026-09-14 22:37:18][root                ][train_one_epoch          ] [   20] acc (v/n): 45.0% (84.1% 60.5%) recall (v/n): 23.2% (36.4% 35.7%) [mem: 9.22e+03] [data: 266.2 ms]
[INFO    ][2026-09-14 22:37:40][root                ][train_one_epoch          ] [   30] acc (v/n): 45.7% (83.4% 61.3%) recall (v/n): 22.0% (34.5% 38.5%) [mem: 9.22e+03] [data: 185.5 ms]
[INFO    ][2026-09-14 22:38:02][root                ][train_one_epoch          ] [   40] acc (v/n): 46.6% (83.3% 62.6%) recall (v/n): 21.9% (34.4% 39.4%) [mem: 9.22e+03] [data: 144.2 ms]
[INFO    ][2026-09-14 22:38:24][root                ][train_one_epoch          ] [   50] acc (v/n): 46.3% (82.9% 62.1%) recall (v/n): 20.7% (34.3% 37.0%) [mem: 9.22e+03] [data: 119.0 ms]
[INFO    ][2026-09-14 22:38:46][root                ][train_one_epoch          ] [   60] acc (v/n): 46.0% (82.5% 62.0%) recall (v/n): 20.1% (34.7% 36.9%) [mem: 9.22e+03] [data: 102.1 ms]
[INFO    ][2026-09-14 22:39:08][root                ][train_one_epoch          ] [   70] acc (v/n): 45.5% (82.4% 61.5%) recall (v/n): 19.3% (34.7% 35.9%) [mem: 9.22e+03] [data: 90.1 ms]
[INFO    ][2026-09-14 22:39:31][root                ][train_one_epoch          ] [   80] acc (v/n): 45.2% (82.1% 61.4%) recall (v/n): 18.7% (32.7% 36.2%) [mem: 9.22e+03] [data: 80.9 ms]
[INFO    ][2026-09-14 22:39:53][root                ][train_one_epoch          ] [   90] acc (v/n): 44.9% (81.7% 61.1%) recall (v/n): 18.5% (32.1% 35.8%) [mem: 9.22e+03] [data: 73.8 ms]
[INFO    ][2026-09-14 22:40:15][root                ][train_one_epoch          ] [  100] acc (v/n): 44.8% (81.6% 60.9%) recall (v/n): 18.5% (33.3% 35.4%) [mem: 9.22e+03] [data: 68.0 ms]
[INFO    ][2026-09-14 22:40:37][root                ][train_one_epoch          ] [  110] acc (v/n): 44.7% (81.6% 61.1%) recall (v/n): 18.3% (34.1% 36.4%) [mem: 9.22e+03] [data: 63.4 ms]
[INFO    ][2026-09-14 22:40:59][root                ][train_one_epoch          ] [  120] acc (v/n): 44.7% (81.6% 61.5%) recall (v/n): 18.6% (34.6% 36.8%) [mem: 9.22e+03] [data: 59.4 ms]
[INFO    ][2026-09-14 22:41:21][root                ][train_one_epoch          ] [  130] acc (v/n): 44.6% (81.5% 61.4%) recall (v/n): 18.5% (34.1% 37.2%) [mem: 9.22e+03] [data: 56.1 ms]
[INFO    ][2026-09-14 22:41:43][root                ][train_one_epoch          ] [  140] acc (v/n): 44.6% (81.4% 61.6%) recall (v/n): 18.4% (34.1% 37.4%) [mem: 9.22e+03] [data: 53.3 ms]
[INFO    ][2026-09-14 22:42:05][root                ][train_one_epoch          ] [  150] acc (v/n): 44.9% (81.5% 61.8%) recall (v/n): 18.3% (33.8% 37.3%) [mem: 9.22e+03] [data: 50.8 ms]
[INFO    ][2026-09-14 22:42:28][root                ][train_one_epoch          ] [  160] acc (v/n): 44.8% (81.5% 61.8%) recall (v/n): 17.8% (33.8% 37.0%) [mem: 9.22e+03] [data: 48.6 ms]
[INFO    ][2026-09-14 22:42:49][root                ][train_one_epoch          ] [  170] acc (v/n): 44.8% (81.5% 61.6%) recall (v/n): 17.6% (35.0% 36.4%) [mem: 9.22e+03] [data: 46.7 ms]
[INFO    ][2026-09-14 22:43:11][root                ][train_one_epoch          ] [  180] acc (v/n): 44.7% (81.5% 61.7%) recall (v/n): 17.7% (34.8% 37.3%) [mem: 9.22e+03] [data: 45.1 ms]
[INFO    ][2026-09-14 22:43:33][root                ][train_one_epoch          ] [  190] acc (v/n): 44.6% (81.5% 61.6%) recall (v/n): 17.7% (34.6% 37.5%) [mem: 9.22e+03] [data: 43.6 ms]
[INFO    ][2026-09-14 22:43:55][root                ][train_one_epoch          ] [  200] acc (v/n): 44.9% (81.5% 61.7%) recall (v/n): 17.7% (35.3% 37.4%) [mem: 9.22e+03] [data: 42.2 ms]
[INFO    ][2026-09-14 22:44:17][root                ][train_one_epoch          ] [  210] acc (v/n): 45.0% (81.5% 61.9%) recall (v/n): 17.4% (35.9% 37.3%) [mem: 9.22e+03] [data: 41.0 ms]
[INFO    ][2026-09-14 22:44:39][root                ][train_one_epoch          ] [  220] acc (v/n): 45.3% (81.6% 62.1%) recall (v/n): 17.5% (36.2% 37.5%) [mem: 9.22e+03] [data: 39.8 ms]
[INFO    ][2026-09-14 22:45:01][root                ][train_one_epoch          ] [  230] acc (v/n): 45.4% (81.6% 62.2%) recall (v/n): 17.4% (36.3% 37.7%) [mem: 9.22e+03] [data: 38.8 ms]
[INFO    ][2026-09-14 22:45:23][root                ][train_one_epoch          ] [  240] acc (v/n): 45.3% (81.5% 62.1%) recall (v/n): 17.4% (36.4% 38.3%) [mem: 9.22e+03] [data: 37.8 ms]
[INFO    ][2026-09-14 22:45:45][root                ][train_one_epoch          ] [  250] acc (v/n): 45.4% (81.6% 62.2%) recall (v/n): 17.4% (36.4% 38.7%) [mem: 9.22e+03] [data: 37.0 ms]
[INFO    ][2026-09-14 22:46:07][root                ][train_one_epoch          ] [  260] acc (v/n): 45.3% (81.5% 62.2%) recall (v/n): 17.4% (36.4% 38.9%) [mem: 9.22e+03] [data: 36.2 ms]
[INFO    ][2026-09-14 22:46:29][root                ][train_one_epoch          ] [  270] acc (v/n): 45.3% (81.4% 62.3%) recall (v/n): 17.3% (36.3% 38.4%) [mem: 9.22e+03] [data: 35.5 ms]
[INFO    ][2026-09-14 22:46:52][root                ][train_one_epoch          ] [  280] acc (v/n): 45.3% (81.4% 62.2%) recall (v/n): 17.1% (35.9% 37.9%) [mem: 9.22e+03] [data: 34.8 ms]
[INFO    ][2026-09-14 22:47:14][root                ][train_one_epoch          ] [  290] acc (v/n): 45.3% (81.5% 62.3%) recall (v/n): 16.9% (36.0% 38.4%) [mem: 9.22e+03] [data: 34.1 ms]
[INFO    ][2026-09-14 22:47:36][root                ][train_one_epoch          ] [  300] acc (v/n): 45.4% (81.5% 62.3%) recall (v/n): 16.8% (36.1% 38.4%) [mem: 9.22e+03] [data: 33.5 ms]
[INFO    ][2026-09-14 22:47:58][root                ][train_one_epoch          ] [  310] acc (v/n): 45.3% (81.5% 62.3%) recall (v/n): 16.8% (36.1% 38.6%) [mem: 9.22e+03] [data: 32.9 ms]
[INFO    ][2026-09-14 22:48:20][root                ][train_one_epoch          ] [  320] acc (v/n): 45.4% (81.7% 62.4%) recall (v/n): 16.8% (36.1% 38.7%) [mem: 9.22e+03] [data: 32.4 ms]
[INFO    ][2026-09-14 22:48:42][root                ][train_one_epoch          ] [  330] acc (v/n): 45.4% (81.7% 62.3%) recall (v/n): 16.7% (36.1% 39.3%) [mem: 9.22e+03] [data: 31.9 ms]
[INFO    ][2026-09-14 22:49:04][root                ][train_one_epoch          ] [  340] acc (v/n): 45.4% (81.6% 62.5%) recall (v/n): 16.7% (36.1% 39.4%) [mem: 9.22e+03] [data: 31.4 ms]
[INFO    ][2026-09-14 22:49:26][root                ][train_one_epoch          ] [  350] acc (v/n): 45.4% (81.6% 62.4%) recall (v/n): 16.6% (36.0% 39.5%) [mem: 9.22e+03] [data: 31.0 ms]
[INFO    ][2026-09-14 22:49:48][root                ][train_one_epoch          ] [  360] acc (v/n): 45.3% (81.5% 62.4%) recall (v/n): 16.5% (36.3% 39.7%) [mem: 9.22e+03] [data: 30.6 ms]
[INFO    ][2026-09-14 22:50:12][root                ][train_one_epoch          ] [  370] acc (v/n): 45.3% (81.5% 62.4%) recall (v/n): 16.5% (36.5% 39.6%) [mem: 9.22e+03] [data: 33.6 ms]
[INFO    ][2026-09-14 22:50:44][root                ][train_one_epoch          ] [  380] acc (v/n): 45.3% (81.4% 62.4%) recall (v/n): 16.6% (36.6% 39.9%) [mem: 9.22e+03] [data: 59.4 ms]
[INFO    ][2026-09-14 22:51:16][root                ][train_one_epoch          ] [  390] acc (v/n): 45.3% (81.4% 62.4%) recall (v/n): 16.4% (36.5% 39.8%) [mem: 9.22e+03] [data: 84.9 ms]
[INFO    ][2026-09-14 22:51:50][root                ][train_one_epoch          ] [  400] acc (v/n): 45.2% (81.3% 62.4%) recall (v/n): 16.4% (36.3% 39.6%) [mem: 9.22e+03] [data: 113.5 ms]
[INFO    ][2026-09-14 22:52:23][root                ][train_one_epoch          ] [  410] acc (v/n): 45.1% (81.3% 62.3%) recall (v/n): 16.3% (36.2% 39.8%) [mem: 9.22e+03] [data: 139.3 ms]
[INFO    ][2026-09-14 22:53:07][root                ][train_one_epoch          ] [  420] acc (v/n): 45.0% (81.3% 62.2%) recall (v/n): 16.2% (36.0% 39.6%) [mem: 9.22e+03] [data: 190.2 ms]
[INFO    ][2026-09-14 22:53:29][root                ][train_one_epoch          ] [  430] acc (v/n): 45.0% (81.3% 62.3%) recall (v/n): 16.2% (36.1% 39.5%) [mem: 9.22e+03] [data: 186.1 ms]
[INFO    ][2026-09-14 22:54:15][root                ][train_one_epoch          ] [  440] acc (v/n): 45.0% (81.3% 62.3%) recall (v/n): 16.2% (36.1% 39.5%) [mem: 9.22e+03] [data: 182.3 ms]
[INFO    ][2026-09-14 22:54:37][root                ][train_one_epoch          ] [  450] acc (v/n): 45.0% (81.2% 62.3%) recall (v/n): 16.2% (36.1% 39.3%) [mem: 9.22e+03] [data: 178.6 ms]
[INFO    ][2026-09-14 22:54:59][root                ][train_one_epoch          ] [  460] acc (v/n): 44.9% (81.2% 62.2%) recall (v/n): 16.1% (36.2% 39.4%) [mem: 9.22e+03] [data: 175.0 ms]
[INFO    ][2026-09-14 22:55:21][root                ][train_one_epoch          ] [  470] acc (v/n): 44.9% (81.1% 62.2%) recall (v/n): 16.2% (36.2% 39.5%) [mem: 9.22e+03] [data: 171.7 ms]
[INFO    ][2026-09-14 22:55:58][root                ][train_one_epoch          ] [  480] acc (v/n): 44.8% (81.2% 62.2%) recall (v/n): 16.3% (36.2% 39.7%) [mem: 9.22e+03] [data: 168.4 ms]
[INFO    ][2026-09-14 22:56:19][root                ][train_one_epoch          ] [  490] acc (v/n): 44.8% (81.1% 62.2%) recall (v/n): 16.1% (36.0% 39.7%) [mem: 9.22e+03] [data: 165.3 ms]
[INFO    ][2026-09-14 22:56:42][root                ][train_one_epoch          ] [  500] acc (v/n): 44.7% (81.1% 62.1%) recall (v/n): 16.1% (36.3% 39.7%) [mem: 9.22e+03] [data: 162.4 ms]
[INFO    ][2026-09-14 22:57:04][root                ][train_one_epoch          ] [  510] acc (v/n): 44.7% (81.1% 62.1%) recall (v/n): 16.0% (36.4% 39.8%) [mem: 9.22e+03] [data: 159.5 ms]
[INFO    ][2026-09-14 22:57:34][root                ][train_one_epoch          ] [  520] acc (v/n): 44.7% (81.2% 62.1%) recall (v/n): 16.1% (36.5% 39.7%) [mem: 9.22e+03] [data: 156.7 ms]
[INFO    ][2026-09-14 22:58:02][root                ][train_one_epoch          ] [  524] acc (v/n): 44.7% (81.2% 62.1%) recall (v/n): 16.1% (36.5% 39.8%) [mem: 9.22e+03] [data: 155.7 ms]
[INFO    ][2026-09-14 22:58:18][root                ][validate_exact           ] [exact val] itr 0  clips so far (this rank) 16
[INFO    ][2026-09-14 22:59:42][root                ][validate_exact           ] [exact val] itr 50  clips so far (this rank) 796
[INFO    ][2026-09-14 23:01:07][root                ][validate_exact           ] [exact val] itr 100  clips so far (this rank) 1573
[INFO    ][2026-09-14 23:01:44][root                ][main                     ] [exact val] epoch 12  n_clips 9296/9296  mean class recall@5  action 14.10  verb 27.72  noun 30.70
[INFO    ][2026-09-14 23:01:44][root                ][main                     ] [   12] train acc (v/n): 44.7% (81.2% 62.1%) train recall (v/n): 16.1% (36.5% 39.8%) val acc (v/n): 36.4% (80.6% 54.8%) val recall (v/n): 14.1% (27.7% 30.7%) 
[INFO    ][2026-09-14 23:01:48][root                ][main                     ] Epoch 12
[INFO    ][2026-09-14 23:01:48][root                ][main                     ] Training...
[INFO    ][2026-09-14 23:02:08][root                ][train_one_epoch          ] [    0] acc (v/n): 51.6% (83.6% 60.9%) recall (v/n): 44.4% (62.1% 47.9%) [mem: 9.22e+03] [data: 5751.8 ms]
[INFO    ][2026-09-14 23:02:31][root                ][train_one_epoch          ] [   10] acc (v/n): 44.4% (82.5% 57.7%) recall (v/n): 31.4% (43.1% 43.1%) [mem: 9.22e+03] [data: 538.0 ms]
[INFO    ][2026-09-14 23:02:53][root                ][train_one_epoch          ] [   20] acc (v/n): 44.5% (83.1% 59.1%) recall (v/n): 28.9% (40.3% 41.8%) [mem: 9.22e+03] [data: 289.7 ms]
[INFO    ][2026-09-14 23:03:15][root                ][train_one_epoch          ] [   30] acc (v/n): 45.1% (82.6% 60.4%) recall (v/n): 27.2% (38.2% 41.9%) [mem: 9.22e+03] [data: 201.4 ms]
[INFO    ][2026-09-14 23:03:37][root                ][train_one_epoch          ] [   40] acc (v/n): 46.5% (83.1% 61.8%) recall (v/n): 27.3% (36.5% 42.1%) [mem: 9.22e+03] [data: 156.2 ms]
[INFO    ][2026-09-14 23:03:59][root                ][train_one_epoch          ] [   50] acc (v/n): 46.9% (82.9% 62.1%) recall (v/n): 26.4% (33.5% 42.0%) [mem: 9.22e+03] [data: 128.7 ms]
[INFO    ][2026-09-14 23:04:21][root                ][train_one_epoch          ] [   60] acc (v/n): 47.6% (83.1% 62.8%) recall (v/n): 26.2% (35.3% 41.5%) [mem: 9.22e+03] [data: 110.3 ms]
[INFO    ][2026-09-14 23:04:43][root                ][train_one_epoch          ] [   70] acc (v/n): 47.9% (82.7% 63.3%) recall (v/n): 25.8% (35.6% 41.3%) [mem: 9.22e+03] [data: 97.0 ms]
[INFO    ][2026-09-14 23:05:05][root                ][train_one_epoch          ] [   80] acc (v/n): 47.7% (82.9% 62.9%) recall (v/n): 24.9% (35.7% 40.0%) [mem: 9.22e+03] [data: 87.0 ms]
[INFO    ][2026-09-14 23:05:27][root                ][train_one_epoch          ] [   90] acc (v/n): 47.8% (83.0% 63.0%) recall (v/n): 24.3% (35.1% 39.5%) [mem: 9.22e+03] [data: 79.2 ms]
[INFO    ][2026-09-14 23:05:49][root                ][train_one_epoch          ] [  100] acc (v/n): 48.1% (82.8% 63.4%) recall (v/n): 24.1% (35.7% 41.0%) [mem: 9.22e+03] [data: 73.1 ms]
[INFO    ][2026-09-14 23:06:11][root                ][train_one_epoch          ] [  110] acc (v/n): 47.8% (82.7% 63.4%) recall (v/n): 23.4% (35.7% 40.6%) [mem: 9.22e+03] [data: 67.9 ms]
[INFO    ][2026-09-14 23:06:33][root                ][train_one_epoch          ] [  120] acc (v/n): 47.8% (82.6% 63.5%) recall (v/n): 23.2% (34.9% 41.0%) [mem: 9.22e+03] [data: 63.6 ms]
[INFO    ][2026-09-14 23:06:55][root                ][train_one_epoch          ] [  130] acc (v/n): 47.7% (82.6% 63.7%) recall (v/n): 23.1% (36.1% 41.3%) [mem: 9.22e+03] [data: 60.0 ms]
[INFO    ][2026-09-14 23:07:17][root                ][train_one_epoch          ] [  140] acc (v/n): 47.5% (82.5% 63.8%) recall (v/n): 22.6% (36.7% 41.4%) [mem: 9.22e+03] [data: 56.9 ms]
[INFO    ][2026-09-14 23:07:39][root                ][train_one_epoch          ] [  150] acc (v/n): 47.7% (82.5% 64.0%) recall (v/n): 22.9% (36.8% 41.3%) [mem: 9.22e+03] [data: 54.2 ms]
[INFO    ][2026-09-14 23:08:01][root                ][train_one_epoch          ] [  160] acc (v/n): 47.7% (82.5% 63.8%) recall (v/n): 22.9% (37.4% 41.3%) [mem: 9.22e+03] [data: 51.8 ms]
[INFO    ][2026-09-14 23:08:23][root                ][train_one_epoch          ] [  170] acc (v/n): 47.8% (82.5% 63.8%) recall (v/n): 22.6% (37.9% 41.0%) [mem: 9.22e+03] [data: 49.7 ms]
[INFO    ][2026-09-14 23:08:45][root                ][train_one_epoch          ] [  180] acc (v/n): 47.7% (82.6% 63.8%) recall (v/n): 22.4% (37.5% 41.9%) [mem: 9.22e+03] [data: 47.9 ms]
[INFO    ][2026-09-14 23:09:07][root                ][train_one_epoch          ] [  190] acc (v/n): 47.7% (82.6% 63.7%) recall (v/n): 22.5% (38.1% 42.9%) [mem: 9.22e+03] [data: 46.2 ms]
[INFO    ][2026-09-14 23:09:29][root                ][train_one_epoch          ] [  200] acc (v/n): 47.8% (82.7% 63.7%) recall (v/n): 22.4% (38.1% 43.3%) [mem: 9.22e+03] [data: 44.7 ms]
[INFO    ][2026-09-14 23:09:51][root                ][train_one_epoch          ] [  210] acc (v/n): 47.8% (82.7% 63.9%) recall (v/n): 22.2% (38.1% 42.9%) [mem: 9.22e+03] [data: 43.3 ms]
[INFO    ][2026-09-14 23:10:13][root                ][train_one_epoch          ] [  220] acc (v/n): 47.8% (82.6% 63.9%) recall (v/n): 22.5% (37.0% 43.6%) [mem: 9.22e+03] [data: 42.0 ms]
[INFO    ][2026-09-14 23:10:35][root                ][train_one_epoch          ] [  230] acc (v/n): 47.8% (82.6% 63.8%) recall (v/n): 22.3% (36.9% 43.7%) [mem: 9.22e+03] [data: 40.9 ms]
[INFO    ][2026-09-14 23:10:57][root                ][train_one_epoch          ] [  240] acc (v/n): 47.8% (82.6% 63.8%) recall (v/n): 22.4% (36.8% 43.9%) [mem: 9.22e+03] [data: 39.9 ms]
[INFO    ][2026-09-14 23:11:19][root                ][train_one_epoch          ] [  250] acc (v/n): 47.9% (82.5% 63.9%) recall (v/n): 22.4% (37.0% 44.0%) [mem: 9.22e+03] [data: 38.9 ms]
[INFO    ][2026-09-14 23:11:41][root                ][train_one_epoch          ] [  260] acc (v/n): 47.8% (82.3% 63.8%) recall (v/n): 22.2% (37.0% 43.9%) [mem: 9.22e+03] [data: 38.0 ms]
[INFO    ][2026-09-14 23:12:04][root                ][train_one_epoch          ] [  270] acc (v/n): 47.6% (82.2% 63.7%) recall (v/n): 22.3% (36.6% 43.9%) [mem: 9.22e+03] [data: 37.2 ms]
[INFO    ][2026-09-14 23:12:36][root                ][train_one_epoch          ] [  280] acc (v/n): 47.7% (82.2% 63.8%) recall (v/n): 22.5% (36.8% 44.2%) [mem: 9.22e+03] [data: 36.4 ms]
[INFO    ][2026-09-14 23:13:06][root                ][train_one_epoch          ] [  290] acc (v/n): 47.5% (82.1% 63.7%) recall (v/n): 22.1% (36.4% 44.1%) [mem: 9.22e+03] [data: 35.7 ms]
[INFO    ][2026-09-14 23:13:37][root                ][train_one_epoch          ] [  300] acc (v/n): 47.4% (82.0% 63.6%) recall (v/n): 22.0% (37.2% 43.7%) [mem: 9.22e+03] [data: 35.1 ms]
[INFO    ][2026-09-14 23:14:07][root                ][train_one_epoch          ] [  310] acc (v/n): 47.5% (82.0% 63.6%) recall (v/n): 22.1% (37.5% 44.3%) [mem: 9.22e+03] [data: 34.5 ms]
[INFO    ][2026-09-14 23:14:39][root                ][train_one_epoch          ] [  320] acc (v/n): 47.5% (82.1% 63.5%) recall (v/n): 22.0% (37.3% 44.3%) [mem: 9.22e+03] [data: 33.9 ms]
[INFO    ][2026-09-14 23:15:11][root                ][train_one_epoch          ] [  330] acc (v/n): 47.5% (82.1% 63.5%) recall (v/n): 22.0% (37.8% 44.2%) [mem: 9.22e+03] [data: 33.4 ms]
[INFO    ][2026-09-14 23:15:55][root                ][train_one_epoch          ] [  340] acc (v/n): 47.4% (82.1% 63.4%) recall (v/n): 21.8% (37.6% 43.8%) [mem: 9.22e+03] [data: 32.9 ms]
[INFO    ][2026-09-14 23:16:17][root                ][train_one_epoch          ] [  350] acc (v/n): 47.4% (82.1% 63.4%) recall (v/n): 21.6% (37.8% 43.9%) [mem: 9.22e+03] [data: 32.4 ms]
[INFO    ][2026-09-14 23:16:39][root                ][train_one_epoch          ] [  360] acc (v/n): 47.3% (82.1% 63.3%) recall (v/n): 21.6% (37.9% 43.7%) [mem: 9.22e+03] [data: 31.9 ms]
[INFO    ][2026-09-14 23:17:01][root                ][train_one_epoch          ] [  370] acc (v/n): 47.3% (82.1% 63.2%) recall (v/n): 21.6% (38.1% 43.7%) [mem: 9.22e+03] [data: 31.5 ms]
[INFO    ][2026-09-14 23:17:24][root                ][train_one_epoch          ] [  380] acc (v/n): 47.2% (82.1% 63.2%) recall (v/n): 21.5% (38.0% 43.7%) [mem: 9.22e+03] [data: 31.1 ms]
[INFO    ][2026-09-14 23:17:58][root                ][train_one_epoch          ] [  390] acc (v/n): 47.3% (82.1% 63.2%) recall (v/n): 21.4% (38.0% 43.7%) [mem: 9.22e+03] [data: 30.7 ms]
[INFO    ][2026-09-14 23:18:32][root                ][train_one_epoch          ] [  400] acc (v/n): 47.4% (82.1% 63.3%) recall (v/n): 21.6% (38.0% 44.0%) [mem: 9.22e+03] [data: 30.4 ms]
[INFO    ][2026-09-14 23:19:19][root                ][train_one_epoch          ] [  410] acc (v/n): 47.5% (82.2% 63.4%) recall (v/n): 21.6% (38.2% 44.0%) [mem: 9.22e+03] [data: 30.0 ms]
[INFO    ][2026-09-14 23:19:45][root                ][train_one_epoch          ] [  420] acc (v/n): 47.4% (82.3% 63.4%) recall (v/n): 21.5% (38.2% 43.7%) [mem: 9.22e+03] [data: 29.7 ms]
[INFO    ][2026-09-14 23:20:25][root                ][train_one_epoch          ] [  430] acc (v/n): 47.4% (82.3% 63.4%) recall (v/n): 21.5% (38.2% 43.8%) [mem: 9.22e+03] [data: 29.4 ms]
[INFO    ][2026-09-14 23:20:46][root                ][train_one_epoch          ] [  440] acc (v/n): 47.5% (82.3% 63.4%) recall (v/n): 21.6% (38.2% 43.8%) [mem: 9.22e+03] [data: 29.1 ms]
[INFO    ][2026-09-14 23:21:08][root                ][train_one_epoch          ] [  450] acc (v/n): 47.5% (82.4% 63.5%) recall (v/n): 21.6% (38.2% 43.8%) [mem: 9.22e+03] [data: 28.8 ms]
[INFO    ][2026-09-14 23:21:30][root                ][train_one_epoch          ] [  460] acc (v/n): 47.6% (82.3% 63.6%) recall (v/n): 21.7% (38.1% 44.0%) [mem: 9.22e+03] [data: 28.5 ms]
[INFO    ][2026-09-14 23:21:52][root                ][train_one_epoch          ] [  470] acc (v/n): 47.6% (82.3% 63.6%) recall (v/n): 21.6% (38.1% 44.0%) [mem: 9.22e+03] [data: 28.2 ms]
[INFO    ][2026-09-14 23:22:14][root                ][train_one_epoch          ] [  480] acc (v/n): 47.6% (82.3% 63.7%) recall (v/n): 21.6% (38.2% 44.3%) [mem: 9.22e+03] [data: 28.0 ms]
[INFO    ][2026-09-14 23:22:36][root                ][train_one_epoch          ] [  490] acc (v/n): 47.7% (82.3% 63.8%) recall (v/n): 21.6% (38.5% 44.5%) [mem: 9.22e+03] [data: 27.8 ms]
[INFO    ][2026-09-14 23:23:03][root                ][train_one_epoch          ] [  500] acc (v/n): 47.7% (82.3% 63.8%) recall (v/n): 21.7% (38.5% 44.6%) [mem: 9.22e+03] [data: 36.3 ms]
[INFO    ][2026-09-14 23:24:00][root                ][train_one_epoch          ] [  510] acc (v/n): 47.7% (82.2% 63.8%) recall (v/n): 21.6% (38.4% 44.6%) [mem: 9.22e+03] [data: 76.0 ms]
[INFO    ][2026-09-14 23:24:22][root                ][train_one_epoch          ] [  520] acc (v/n): 47.7% (82.2% 63.8%) recall (v/n): 21.6% (38.4% 44.6%) [mem: 9.22e+03] [data: 74.9 ms]
[INFO    ][2026-09-14 23:24:31][root                ][train_one_epoch          ] [  524] acc (v/n): 47.8% (82.2% 63.8%) recall (v/n): 21.6% (38.4% 44.6%) [mem: 9.22e+03] [data: 74.4 ms]
[INFO    ][2026-09-14 23:24:47][root                ][validate_exact           ] [exact val] itr 0  clips so far (this rank) 16
[INFO    ][2026-09-14 23:26:11][root                ][validate_exact           ] [exact val] itr 50  clips so far (this rank) 796
[INFO    ][2026-09-14 23:27:36][root                ][validate_exact           ] [exact val] itr 100  clips so far (this rank) 1573
[INFO    ][2026-09-14 23:28:13][root                ][main                     ] [exact val] epoch 13  n_clips 9296/9296  mean class recall@5  action 14.72  verb 28.85  noun 30.74
[INFO    ][2026-09-14 23:28:13][root                ][main                     ] [   13] train acc (v/n): 47.8% (82.2% 63.8%) train recall (v/n): 21.6% (38.4% 44.6%) val acc (v/n): 38.0% (80.4% 56.4%) val recall (v/n): 14.7% (28.8% 30.7%) 
[INFO    ][2026-09-14 23:28:17][root                ][main                     ] Epoch 13
[INFO    ][2026-09-14 23:28:17][root                ][main                     ] Training...
[INFO    ][2026-09-14 23:28:39][root                ][train_one_epoch          ] [    0] acc (v/n): 50.8% (87.5% 60.9%) recall (v/n): 41.8% (65.3% 42.1%) [mem: 9.22e+03] [data: 5221.4 ms]
[INFO    ][2026-09-14 23:29:01][root                ][train_one_epoch          ] [   10] acc (v/n): 49.4% (82.7% 62.9%) recall (v/n): 32.9% (39.5% 41.9%) [mem: 9.22e+03] [data: 489.5 ms]
[INFO    ][2026-09-14 23:29:23][root                ][train_one_epoch          ] [   20] acc (v/n): 50.4% (81.8% 64.3%) recall (v/n): 33.2% (36.2% 44.6%) [mem: 9.22e+03] [data: 264.0 ms]
[INFO    ][2026-09-14 23:29:44][root                ][train_one_epoch          ] [   30] acc (v/n): 50.1% (81.8% 64.6%) recall (v/n): 32.5% (34.6% 43.0%) [mem: 9.22e+03] [data: 184.2 ms]
[INFO    ][2026-09-14 23:30:06][root                ][train_one_epoch          ] [   40] acc (v/n): 50.4% (81.7% 64.7%) recall (v/n): 33.4% (34.9% 44.3%) [mem: 9.22e+03] [data: 143.2 ms]
[INFO    ][2026-09-14 23:30:28][root                ][train_one_epoch          ] [   50] acc (v/n): 49.5% (81.8% 64.7%) recall (v/n): 31.7% (35.2% 45.0%) [mem: 9.22e+03] [data: 118.3 ms]
[INFO    ][2026-09-14 23:30:50][root                ][train_one_epoch          ] [   60] acc (v/n): 49.5% (82.1% 64.6%) recall (v/n): 30.6% (34.9% 45.0%) [mem: 9.22e+03] [data: 101.5 ms]
[INFO    ][2026-09-14 23:31:12][root                ][train_one_epoch          ] [   70] acc (v/n): 49.5% (82.2% 64.4%) recall (v/n): 30.6% (35.9% 45.9%) [mem: 9.22e+03] [data: 89.4 ms]
[INFO    ][2026-09-14 23:31:34][root                ][train_one_epoch          ] [   80] acc (v/n): 49.1% (82.3% 64.6%) recall (v/n): 29.8% (34.9% 45.6%) [mem: 9.22e+03] [data: 80.4 ms]
[INFO    ][2026-09-14 23:31:57][root                ][train_one_epoch          ] [   90] acc (v/n): 48.9% (82.1% 64.4%) recall (v/n): 29.5% (34.7% 45.3%) [mem: 9.22e+03] [data: 73.3 ms]
[INFO    ][2026-09-14 23:32:19][root                ][train_one_epoch          ] [  100] acc (v/n): 49.2% (82.3% 64.8%) recall (v/n): 29.7% (35.8% 45.8%) [mem: 9.22e+03] [data: 67.7 ms]
[INFO    ][2026-09-14 23:32:41][root                ][train_one_epoch          ] [  110] acc (v/n): 49.5% (82.4% 64.9%) recall (v/n): 29.6% (37.0% 45.4%) [mem: 9.22e+03] [data: 63.0 ms]
[INFO    ][2026-09-14 23:33:03][root                ][train_one_epoch          ] [  120] acc (v/n): 49.6% (82.6% 65.1%) recall (v/n): 29.5% (37.0% 46.0%) [mem: 9.22e+03] [data: 59.1 ms]
[INFO    ][2026-09-14 23:33:25][root                ][train_one_epoch          ] [  130] acc (v/n): 49.8% (82.8% 65.4%) recall (v/n): 29.4% (37.5% 46.3%) [mem: 9.22e+03] [data: 55.8 ms]
[INFO    ][2026-09-14 23:33:47][root                ][train_one_epoch          ] [  140] acc (v/n): 50.0% (82.8% 65.6%) recall (v/n): 29.4% (37.8% 46.9%) [mem: 9.22e+03] [data: 53.0 ms]
[INFO    ][2026-09-14 23:34:09][root                ][train_one_epoch          ] [  150] acc (v/n): 49.9% (82.7% 65.6%) recall (v/n): 29.1% (37.5% 47.4%) [mem: 9.22e+03] [data: 50.6 ms]
[INFO    ][2026-09-14 23:34:31][root                ][train_one_epoch          ] [  160] acc (v/n): 49.8% (82.6% 65.6%) recall (v/n): 28.7% (37.5% 47.2%) [mem: 9.22e+03] [data: 48.4 ms]
[INFO    ][2026-09-14 23:34:53][root                ][train_one_epoch          ] [  170] acc (v/n): 49.8% (82.6% 65.7%) recall (v/n): 28.7% (37.3% 47.3%) [mem: 9.22e+03] [data: 46.6 ms]
[INFO    ][2026-09-14 23:35:15][root                ][train_one_epoch          ] [  180] acc (v/n): 49.9% (82.8% 65.7%) recall (v/n): 28.5% (37.1% 47.1%) [mem: 9.22e+03] [data: 44.9 ms]
[INFO    ][2026-09-14 23:35:37][root                ][train_one_epoch          ] [  190] acc (v/n): 50.0% (83.0% 65.8%) recall (v/n): 28.6% (37.4% 47.4%) [mem: 9.22e+03] [data: 43.4 ms]
[INFO    ][2026-09-14 23:35:59][root                ][train_one_epoch          ] [  200] acc (v/n): 50.2% (83.0% 66.0%) recall (v/n): 28.4% (37.9% 47.4%) [mem: 9.22e+03] [data: 42.0 ms]
[INFO    ][2026-09-14 23:36:21][root                ][train_one_epoch          ] [  210] acc (v/n): 50.4% (83.0% 66.2%) recall (v/n): 28.3% (38.3% 47.8%) [mem: 9.22e+03] [data: 40.8 ms]
[INFO    ][2026-09-14 23:36:43][root                ][train_one_epoch          ] [  220] acc (v/n): 50.4% (83.0% 66.2%) recall (v/n): 28.3% (38.0% 48.1%) [mem: 9.22e+03] [data: 39.7 ms]
[INFO    ][2026-09-14 23:37:05][root                ][train_one_epoch          ] [  230] acc (v/n): 50.6% (83.1% 66.3%) recall (v/n): 28.6% (38.1% 48.7%) [mem: 9.22e+03] [data: 38.7 ms]
[INFO    ][2026-09-14 23:37:27][root                ][train_one_epoch          ] [  240] acc (v/n): 50.6% (83.1% 66.4%) recall (v/n): 28.7% (38.3% 49.0%) [mem: 9.22e+03] [data: 37.7 ms]
[INFO    ][2026-09-14 23:37:49][root                ][train_one_epoch          ] [  250] acc (v/n): 50.6% (83.1% 66.4%) recall (v/n): 28.5% (38.0% 49.3%) [mem: 9.22e+03] [data: 36.9 ms]
[INFO    ][2026-09-14 23:38:11][root                ][train_one_epoch          ] [  260] acc (v/n): 50.7% (83.1% 66.3%) recall (v/n): 28.2% (38.1% 49.1%) [mem: 9.22e+03] [data: 36.1 ms]
[INFO    ][2026-09-14 23:38:33][root                ][train_one_epoch          ] [  270] acc (v/n): 50.7% (83.2% 66.3%) recall (v/n): 28.0% (38.3% 48.8%) [mem: 9.22e+03] [data: 35.3 ms]
[INFO    ][2026-09-14 23:38:55][root                ][train_one_epoch          ] [  280] acc (v/n): 50.6% (83.2% 66.3%) recall (v/n): 27.8% (38.4% 48.8%) [mem: 9.22e+03] [data: 34.7 ms]
[INFO    ][2026-09-14 23:39:17][root                ][train_one_epoch          ] [  290] acc (v/n): 50.6% (83.2% 66.3%) recall (v/n): 27.5% (38.7% 48.7%) [mem: 9.22e+03] [data: 34.0 ms]
[INFO    ][2026-09-14 23:39:39][root                ][train_one_epoch          ] [  300] acc (v/n): 50.5% (83.1% 66.2%) recall (v/n): 27.3% (38.6% 48.7%) [mem: 9.22e+03] [data: 33.4 ms]
[INFO    ][2026-09-14 23:40:02][root                ][train_one_epoch          ] [  310] acc (v/n): 50.5% (83.0% 66.2%) recall (v/n): 27.6% (38.9% 49.0%) [mem: 9.22e+03] [data: 32.9 ms]
[INFO    ][2026-09-14 23:40:24][root                ][train_one_epoch          ] [  320] acc (v/n): 50.4% (83.0% 66.2%) recall (v/n): 27.4% (39.1% 49.1%) [mem: 9.22e+03] [data: 32.4 ms]
[INFO    ][2026-09-14 23:40:46][root                ][train_one_epoch          ] [  330] acc (v/n): 50.5% (83.0% 66.2%) recall (v/n): 27.3% (39.3% 49.0%) [mem: 9.22e+03] [data: 31.9 ms]
[INFO    ][2026-09-14 23:41:08][root                ][train_one_epoch          ] [  340] acc (v/n): 50.5% (83.0% 66.3%) recall (v/n): 27.0% (39.3% 49.1%) [mem: 9.22e+03] [data: 31.4 ms]
[INFO    ][2026-09-14 23:41:31][root                ][train_one_epoch          ] [  350] acc (v/n): 50.4% (83.0% 66.3%) recall (v/n): 26.9% (39.3% 48.9%) [mem: 9.22e+03] [data: 30.9 ms]
[INFO    ][2026-09-14 23:42:04][root                ][train_one_epoch          ] [  360] acc (v/n): 50.5% (83.0% 66.3%) recall (v/n): 27.0% (39.4% 49.1%) [mem: 9.22e+03] [data: 30.5 ms]
[INFO    ][2026-09-14 23:42:35][root                ][train_one_epoch          ] [  370] acc (v/n): 50.6% (83.1% 66.3%) recall (v/n): 27.0% (39.4% 49.3%) [mem: 9.22e+03] [data: 30.1 ms]
[INFO    ][2026-09-14 23:43:06][root                ][train_one_epoch          ] [  380] acc (v/n): 50.7% (83.1% 66.4%) recall (v/n): 26.9% (39.7% 49.3%) [mem: 9.22e+03] [data: 29.8 ms]
[INFO    ][2026-09-14 23:43:39][root                ][train_one_epoch          ] [  390] acc (v/n): 50.8% (83.0% 66.3%) recall (v/n): 26.9% (39.6% 49.4%) [mem: 9.22e+03] [data: 29.4 ms]
[INFO    ][2026-09-14 23:44:19][root                ][train_one_epoch          ] [  400] acc (v/n): 50.8% (83.1% 66.4%) recall (v/n): 26.9% (39.8% 49.6%) [mem: 9.22e+03] [data: 29.1 ms]
[INFO    ][2026-09-14 23:44:57][root                ][train_one_epoch          ] [  410] acc (v/n): 50.8% (83.1% 66.4%) recall (v/n): 26.8% (40.0% 49.7%) [mem: 9.22e+03] [data: 28.8 ms]
[INFO    ][2026-09-14 23:45:18][root                ][train_one_epoch          ] [  420] acc (v/n): 50.8% (83.1% 66.4%) recall (v/n): 26.9% (39.9% 49.5%) [mem: 9.22e+03] [data: 28.5 ms]
[INFO    ][2026-09-14 23:45:40][root                ][train_one_epoch          ] [  430] acc (v/n): 50.8% (83.1% 66.5%) recall (v/n): 26.9% (40.1% 49.4%) [mem: 9.22e+03] [data: 28.2 ms]
[INFO    ][2026-09-14 23:46:02][root                ][train_one_epoch          ] [  440] acc (v/n): 50.8% (83.1% 66.4%) recall (v/n): 27.0% (40.2% 49.4%) [mem: 9.22e+03] [data: 27.9 ms]
[INFO    ][2026-09-14 23:46:24][root                ][train_one_epoch          ] [  450] acc (v/n): 50.9% (83.1% 66.5%) recall (v/n): 27.0% (40.6% 49.5%) [mem: 9.22e+03] [data: 27.7 ms]
[INFO    ][2026-09-14 23:46:57][root                ][train_one_epoch          ] [  460] acc (v/n): 50.9% (83.1% 66.5%) recall (v/n): 27.1% (40.7% 49.6%) [mem: 9.22e+03] [data: 27.4 ms]
[INFO    ][2026-09-14 23:47:29][root                ][train_one_epoch          ] [  470] acc (v/n): 50.9% (83.0% 66.4%) recall (v/n): 27.1% (41.0% 49.8%) [mem: 9.22e+03] [data: 27.2 ms]
[INFO    ][2026-09-14 23:48:01][root                ][train_one_epoch          ] [  480] acc (v/n): 50.8% (82.9% 66.4%) recall (v/n): 27.1% (41.2% 49.9%) [mem: 9.22e+03] [data: 26.9 ms]
[INFO    ][2026-09-14 23:48:34][root                ][train_one_epoch          ] [  490] acc (v/n): 50.8% (82.9% 66.3%) recall (v/n): 27.0% (41.1% 49.7%) [mem: 9.22e+03] [data: 26.7 ms]
[INFO    ][2026-09-14 23:49:07][root                ][train_one_epoch          ] [  500] acc (v/n): 50.8% (82.9% 66.3%) recall (v/n): 27.1% (41.1% 49.9%) [mem: 9.22e+03] [data: 26.5 ms]
[INFO    ][2026-09-14 23:49:47][root                ][train_one_epoch          ] [  510] acc (v/n): 50.9% (82.9% 66.3%) recall (v/n): 27.0% (41.1% 49.9%) [mem: 9.22e+03] [data: 26.3 ms]
[INFO    ][2026-09-14 23:50:17][root                ][train_one_epoch          ] [  520] acc (v/n): 50.9% (82.9% 66.3%) recall (v/n): 27.0% (41.0% 49.6%) [mem: 9.22e+03] [data: 26.1 ms]
[INFO    ][2026-09-14 23:50:30][root                ][train_one_epoch          ] [  524] acc (v/n): 50.9% (82.9% 66.2%) recall (v/n): 27.0% (41.1% 49.5%) [mem: 9.22e+03] [data: 26.0 ms]
[INFO    ][2026-09-14 23:50:45][root                ][validate_exact           ] [exact val] itr 0  clips so far (this rank) 16
[INFO    ][2026-09-14 23:52:10][root                ][validate_exact           ] [exact val] itr 50  clips so far (this rank) 796
[INFO    ][2026-09-14 23:53:35][root                ][validate_exact           ] [exact val] itr 100  clips so far (this rank) 1573
[INFO    ][2026-09-14 23:54:12][root                ][main                     ] [exact val] epoch 14  n_clips 9296/9296  mean class recall@5  action 16.19  verb 31.10  noun 31.57
[INFO    ][2026-09-14 23:54:12][root                ][main                     ] [   14] train acc (v/n): 50.9% (82.9% 66.2%) train recall (v/n): 27.0% (41.1% 49.5%) val acc (v/n): 39.1% (80.7% 57.2%) val recall (v/n): 16.2% (31.1% 31.6%) 
[INFO    ][2026-09-14 23:54:15][root                ][main                     ] Epoch 14
[INFO    ][2026-09-14 23:54:15][root                ][main                     ] Training...
[INFO    ][2026-09-14 23:54:40][root                ][train_one_epoch          ] [    0] acc (v/n): 44.5% (86.7% 55.5%) recall (v/n): 36.5% (75.5% 40.2%) [mem: 9.22e+03] [data: 6122.2 ms]
[INFO    ][2026-09-14 23:55:02][root                ][train_one_epoch          ] [   10] acc (v/n): 50.4% (86.0% 64.4%) recall (v/n): 35.9% (51.0% 48.6%) [mem: 9.22e+03] [data: 571.8 ms]
[INFO    ][2026-09-14 23:55:24][root                ][train_one_epoch          ] [   20] acc (v/n): 52.4% (84.6% 66.1%) recall (v/n): 37.2% (40.0% 47.7%) [mem: 9.22e+03] [data: 307.6 ms]
[INFO    ][2026-09-14 23:55:46][root                ][train_one_epoch          ] [   30] acc (v/n): 53.0% (85.0% 66.7%) recall (v/n): 38.4% (41.4% 50.7%) [mem: 9.22e+03] [data: 213.8 ms]
[INFO    ][2026-09-14 23:56:08][root                ][train_one_epoch          ] [   40] acc (v/n): 54.3% (85.3% 67.7%) recall (v/n): 38.2% (40.4% 49.8%) [mem: 9.22e+03] [data: 165.6 ms]
[INFO    ][2026-09-14 23:56:30][root                ][train_one_epoch          ] [   50] acc (v/n): 54.0% (85.3% 67.9%) recall (v/n): 37.5% (39.5% 49.3%) [mem: 9.22e+03] [data: 136.3 ms]
[INFO    ][2026-09-14 23:56:52][root                ][train_one_epoch          ] [   60] acc (v/n): 53.9% (85.2% 67.6%) recall (v/n): 37.0% (39.4% 48.5%) [mem: 9.22e+03] [data: 116.6 ms]
[INFO    ][2026-09-14 23:57:15][root                ][train_one_epoch          ] [   70] acc (v/n): 53.4% (85.0% 67.2%) recall (v/n): 36.6% (39.3% 47.6%) [mem: 9.22e+03] [data: 102.4 ms]
[INFO    ][2026-09-14 23:57:37][root                ][train_one_epoch          ] [   80] acc (v/n): 53.5% (84.9% 67.3%) recall (v/n): 36.6% (37.6% 47.8%) [mem: 9.22e+03] [data: 91.8 ms]
[INFO    ][2026-09-14 23:57:59][root                ][train_one_epoch          ] [   90] acc (v/n): 53.7% (85.2% 67.5%) recall (v/n): 36.9% (38.2% 47.7%) [mem: 9.22e+03] [data: 83.4 ms]
[INFO    ][2026-09-14 23:58:21][root                ][train_one_epoch          ] [  100] acc (v/n): 54.1% (85.0% 67.8%) recall (v/n): 36.7% (39.8% 48.5%) [mem: 9.22e+03] [data: 76.7 ms]
[INFO    ][2026-09-14 23:58:43][root                ][train_one_epoch          ] [  110] acc (v/n): 54.1% (85.1% 67.7%) recall (v/n): 36.1% (39.5% 48.5%) [mem: 9.22e+03] [data: 71.3 ms]
[INFO    ][2026-09-14 23:59:05][root                ][train_one_epoch          ] [  120] acc (v/n): 53.6% (84.7% 67.3%) recall (v/n): 35.9% (39.6% 48.8%) [mem: 9.22e+03] [data: 66.7 ms]
[INFO    ][2026-09-14 23:59:27][root                ][train_one_epoch          ] [  130] acc (v/n): 53.6% (84.7% 67.2%) recall (v/n): 36.4% (40.2% 48.4%) [mem: 9.22e+03] [data: 62.9 ms]
[INFO    ][2026-09-14 23:59:49][root                ][train_one_epoch          ] [  140] acc (v/n): 53.7% (84.7% 67.5%) recall (v/n): 36.3% (41.0% 49.1%) [mem: 9.22e+03] [data: 59.6 ms]
[INFO    ][2026-09-15 00:00:11][root                ][train_one_epoch          ] [  150] acc (v/n): 53.8% (84.7% 67.6%) recall (v/n): 36.3% (40.6% 49.3%) [mem: 9.22e+03] [data: 56.7 ms]
[INFO    ][2026-09-15 00:00:33][root                ][train_one_epoch          ] [  160] acc (v/n): 54.1% (84.7% 67.8%) recall (v/n): 36.7% (41.0% 49.8%) [mem: 9.22e+03] [data: 54.1 ms]
[INFO    ][2026-09-15 00:00:55][root                ][train_one_epoch          ] [  170] acc (v/n): 54.2% (84.9% 68.0%) recall (v/n): 36.7% (42.0% 49.2%) [mem: 9.22e+03] [data: 51.9 ms]
[INFO    ][2026-09-15 00:01:17][root                ][train_one_epoch          ] [  180] acc (v/n): 54.3% (84.9% 68.2%) recall (v/n): 36.7% (42.2% 50.1%) [mem: 9.22e+03] [data: 50.0 ms]
[INFO    ][2026-09-15 00:01:39][root                ][train_one_epoch          ] [  190] acc (v/n): 54.3% (84.8% 68.3%) recall (v/n): 36.4% (41.4% 50.3%) [mem: 9.22e+03] [data: 48.2 ms]
[INFO    ][2026-09-15 00:02:01][root                ][train_one_epoch          ] [  200] acc (v/n): 54.5% (84.7% 68.5%) recall (v/n): 36.5% (41.8% 51.0%) [mem: 9.22e+03] [data: 46.6 ms]
[INFO    ][2026-09-15 00:02:23][root                ][train_one_epoch          ] [  210] acc (v/n): 54.6% (84.7% 68.7%) recall (v/n): 36.4% (42.0% 51.3%) [mem: 9.22e+03] [data: 45.1 ms]
[INFO    ][2026-09-15 00:02:45][root                ][train_one_epoch          ] [  220] acc (v/n): 54.5% (84.7% 68.7%) recall (v/n): 36.2% (42.4% 51.8%) [mem: 9.22e+03] [data: 43.8 ms]
[INFO    ][2026-09-15 00:03:08][root                ][train_one_epoch          ] [  230] acc (v/n): 54.5% (84.7% 68.6%) recall (v/n): 36.2% (42.6% 51.6%) [mem: 9.22e+03] [data: 42.6 ms]
[INFO    ][2026-09-15 00:03:30][root                ][train_one_epoch          ] [  240] acc (v/n): 54.5% (84.6% 68.6%) recall (v/n): 36.3% (42.7% 51.4%) [mem: 9.22e+03] [data: 41.5 ms]
[INFO    ][2026-09-15 00:03:52][root                ][train_one_epoch          ] [  250] acc (v/n): 54.6% (84.5% 68.6%) recall (v/n): 36.4% (42.5% 51.3%) [mem: 9.22e+03] [data: 40.5 ms]
[INFO    ][2026-09-15 00:04:14][root                ][train_one_epoch          ] [  260] acc (v/n): 54.5% (84.4% 68.6%) recall (v/n): 36.5% (43.2% 51.8%) [mem: 9.22e+03] [data: 39.5 ms]
[INFO    ][2026-09-15 00:04:36][root                ][train_one_epoch          ] [  270] acc (v/n): 54.4% (84.3% 68.5%) recall (v/n): 36.7% (43.5% 52.1%) [mem: 9.22e+03] [data: 38.7 ms]
[INFO    ][2026-09-15 00:04:58][root                ][train_one_epoch          ] [  280] acc (v/n): 54.4% (84.2% 68.5%) recall (v/n): 36.5% (43.6% 52.4%) [mem: 9.22e+03] [data: 37.9 ms]
[INFO    ][2026-09-15 00:05:20][root                ][train_one_epoch          ] [  290] acc (v/n): 54.3% (84.2% 68.4%) recall (v/n): 36.4% (43.6% 52.6%) [mem: 9.22e+03] [data: 37.1 ms]
[INFO    ][2026-09-15 00:05:42][root                ][train_one_epoch          ] [  300] acc (v/n): 54.3% (84.1% 68.4%) recall (v/n): 36.2% (43.6% 52.6%) [mem: 9.22e+03] [data: 36.4 ms]
[INFO    ][2026-09-15 00:06:04][root                ][train_one_epoch          ] [  310] acc (v/n): 54.3% (84.1% 68.4%) recall (v/n): 36.3% (43.6% 52.9%) [mem: 9.22e+03] [data: 35.8 ms]
[INFO    ][2026-09-15 00:06:26][root                ][train_one_epoch          ] [  320] acc (v/n): 54.3% (84.1% 68.4%) recall (v/n): 36.1% (43.4% 52.9%) [mem: 9.22e+03] [data: 35.1 ms]
[INFO    ][2026-09-15 00:06:48][root                ][train_one_epoch          ] [  330] acc (v/n): 54.4% (84.2% 68.5%) recall (v/n): 36.0% (43.6% 53.0%) [mem: 9.22e+03] [data: 34.6 ms]
[INFO    ][2026-09-15 00:07:11][root                ][train_one_epoch          ] [  340] acc (v/n): 54.4% (84.2% 68.5%) recall (v/n): 36.1% (43.8% 53.3%) [mem: 9.22e+03] [data: 34.0 ms]
[INFO    ][2026-09-15 00:07:33][root                ][train_one_epoch          ] [  350] acc (v/n): 54.5% (84.3% 68.5%) recall (v/n): 36.1% (43.8% 53.3%) [mem: 9.22e+03] [data: 33.5 ms]
[INFO    ][2026-09-15 00:07:55][root                ][train_one_epoch          ] [  360] acc (v/n): 54.5% (84.3% 68.6%) recall (v/n): 36.2% (43.9% 53.4%) [mem: 9.22e+03] [data: 33.0 ms]
[INFO    ][2026-09-15 00:08:17][root                ][train_one_epoch          ] [  370] acc (v/n): 54.5% (84.3% 68.5%) recall (v/n): 36.0% (44.0% 53.2%) [mem: 9.22e+03] [data: 32.6 ms]
[INFO    ][2026-09-15 00:08:39][root                ][train_one_epoch          ] [  380] acc (v/n): 54.5% (84.2% 68.5%) recall (v/n): 35.9% (43.5% 53.3%) [mem: 9.22e+03] [data: 32.1 ms]
[INFO    ][2026-09-15 00:09:01][root                ][train_one_epoch          ] [  390] acc (v/n): 54.5% (84.1% 68.6%) recall (v/n): 35.7% (43.6% 53.2%) [mem: 9.22e+03] [data: 31.7 ms]
[INFO    ][2026-09-15 00:09:23][root                ][train_one_epoch          ] [  400] acc (v/n): 54.5% (84.2% 68.6%) recall (v/n): 35.5% (43.6% 53.2%) [mem: 9.22e+03] [data: 31.3 ms]
[INFO    ][2026-09-15 00:10:01][root                ][train_one_epoch          ] [  410] acc (v/n): 54.4% (84.1% 68.5%) recall (v/n): 35.4% (43.2% 52.9%) [mem: 9.22e+03] [data: 30.9 ms]
[INFO    ][2026-09-15 00:10:23][root                ][train_one_epoch          ] [  420] acc (v/n): 54.3% (84.1% 68.4%) recall (v/n): 35.5% (43.1% 52.9%) [mem: 9.22e+03] [data: 30.6 ms]
[INFO    ][2026-09-15 00:10:45][root                ][train_one_epoch          ] [  430] acc (v/n): 54.2% (84.1% 68.4%) recall (v/n): 35.4% (43.1% 53.0%) [mem: 9.22e+03] [data: 30.3 ms]
[INFO    ][2026-09-15 00:11:07][root                ][train_one_epoch          ] [  440] acc (v/n): 54.2% (84.1% 68.5%) recall (v/n): 35.2% (43.1% 52.9%) [mem: 9.22e+03] [data: 29.9 ms]
[INFO    ][2026-09-15 00:11:30][root                ][train_one_epoch          ] [  450] acc (v/n): 54.3% (84.1% 68.6%) recall (v/n): 35.2% (43.1% 53.1%) [mem: 9.22e+03] [data: 29.6 ms]
[INFO    ][2026-09-15 00:12:02][root                ][train_one_epoch          ] [  460] acc (v/n): 54.2% (84.0% 68.6%) recall (v/n): 35.1% (42.9% 53.3%) [mem: 9.22e+03] [data: 29.3 ms]
[INFO    ][2026-09-15 00:12:40][root                ][train_one_epoch          ] [  470] acc (v/n): 54.2% (83.9% 68.5%) recall (v/n): 34.8% (42.9% 52.9%) [mem: 9.22e+03] [data: 63.0 ms]
[INFO    ][2026-09-15 00:13:02][root                ][train_one_epoch          ] [  480] acc (v/n): 54.2% (83.9% 68.5%) recall (v/n): 34.8% (43.8% 53.1%) [mem: 9.22e+03] [data: 62.0 ms]
[INFO    ][2026-09-15 00:13:24][root                ][train_one_epoch          ] [  490] acc (v/n): 54.1% (83.8% 68.5%) recall (v/n): 34.7% (44.1% 53.1%) [mem: 9.22e+03] [data: 61.1 ms]
[INFO    ][2026-09-15 00:13:46][root                ][train_one_epoch          ] [  500] acc (v/n): 54.2% (83.8% 68.5%) recall (v/n): 34.7% (44.0% 53.2%) [mem: 9.22e+03] [data: 60.2 ms]
[INFO    ][2026-09-15 00:14:32][root                ][train_one_epoch          ] [  510] acc (v/n): 54.1% (83.8% 68.5%) recall (v/n): 34.8% (43.8% 53.2%) [mem: 9.22e+03] [data: 59.3 ms]
[INFO    ][2026-09-15 00:14:59][root                ][train_one_epoch          ] [  520] acc (v/n): 54.1% (83.8% 68.4%) recall (v/n): 34.8% (44.2% 53.0%) [mem: 9.22e+03] [data: 58.5 ms]
[INFO    ][2026-09-15 00:15:27][root                ][train_one_epoch          ] [  524] acc (v/n): 54.1% (83.8% 68.5%) recall (v/n): 34.9% (44.4% 53.0%) [mem: 9.22e+03] [data: 58.1 ms]
[INFO    ][2026-09-15 00:15:43][root                ][validate_exact           ] [exact val] itr 0  clips so far (this rank) 16
[INFO    ][2026-09-15 00:17:08][root                ][validate_exact           ] [exact val] itr 50  clips so far (this rank) 796
[INFO    ][2026-09-15 00:18:32][root                ][validate_exact           ] [exact val] itr 100  clips so far (this rank) 1573
[INFO    ][2026-09-15 00:19:10][root                ][main                     ] [exact val] epoch 15  n_clips 9296/9296  mean class recall@5  action 16.89  verb 31.58  noun 32.84
[INFO    ][2026-09-15 00:19:10][root                ][main                     ] [   15] train acc (v/n): 54.1% (83.8% 68.5%) train recall (v/n): 34.9% (44.4% 53.0%) val acc (v/n): 39.8% (81.4% 57.9%) val recall (v/n): 16.9% (31.6% 32.8%) 
[INFO    ][2026-09-15 00:19:13][root                ][main                     ] Epoch 15
[INFO    ][2026-09-15 00:19:13][root                ][main                     ] Training...
[INFO    ][2026-09-15 00:19:37][root                ][train_one_epoch          ] [    0] acc (v/n): 58.6% (83.6% 73.4%) recall (v/n): 51.5% (62.2% 66.4%) [mem: 9.22e+03] [data: 6439.0 ms]
[INFO    ][2026-09-15 00:19:59][root                ][train_one_epoch          ] [   10] acc (v/n): 57.2% (85.9% 67.1%) recall (v/n): 44.9% (45.3% 49.2%) [mem: 9.22e+03] [data: 600.7 ms]
[INFO    ][2026-09-15 00:20:21][root                ][train_one_epoch          ] [   20] acc (v/n): 56.4% (85.0% 66.6%) recall (v/n): 42.3% (45.2% 51.0%) [mem: 9.22e+03] [data: 322.4 ms]
[INFO    ][2026-09-15 00:20:43][root                ][train_one_epoch          ] [   30] acc (v/n): 56.3% (84.9% 67.4%) recall (v/n): 43.0% (43.9% 52.4%) [mem: 9.22e+03] [data: 223.6 ms]
[INFO    ][2026-09-15 00:21:05][root                ][train_one_epoch          ] [   40] acc (v/n): 56.2% (84.6% 68.2%) recall (v/n): 42.2% (42.5% 51.7%) [mem: 9.22e+03] [data: 173.0 ms]
[INFO    ][2026-09-15 00:21:27][root                ][train_one_epoch          ] [   50] acc (v/n): 56.3% (84.4% 68.4%) recall (v/n): 42.3% (42.4% 52.6%) [mem: 9.22e+03] [data: 142.2 ms]
[INFO    ][2026-09-15 00:21:49][root                ][train_one_epoch          ] [   60] acc (v/n): 57.0% (84.5% 69.2%) recall (v/n): 42.7% (44.8% 53.3%) [mem: 9.22e+03] [data: 121.6 ms]
[INFO    ][2026-09-15 00:22:11][root                ][train_one_epoch          ] [   70] acc (v/n): 57.1% (84.3% 69.4%) recall (v/n): 43.5% (44.5% 52.9%) [mem: 9.22e+03] [data: 106.8 ms]
[INFO    ][2026-09-15 00:22:32][root                ][train_one_epoch          ] [   80] acc (v/n): 57.5% (84.3% 69.9%) recall (v/n): 44.0% (45.5% 53.3%) [mem: 9.22e+03] [data: 95.6 ms]
[INFO    ][2026-09-15 00:22:54][root                ][train_one_epoch          ] [   90] acc (v/n): 57.9% (84.3% 70.0%) recall (v/n): 44.1% (45.3% 53.9%) [mem: 9.22e+03] [data: 86.9 ms]
[INFO    ][2026-09-15 00:23:17][root                ][train_one_epoch          ] [  100] acc (v/n): 58.5% (84.5% 70.5%) recall (v/n): 44.7% (46.3% 54.6%) [mem: 9.22e+03] [data: 79.9 ms]
[INFO    ][2026-09-15 00:23:38][root                ][train_one_epoch          ] [  110] acc (v/n): 58.8% (84.6% 71.0%) recall (v/n): 44.6% (46.9% 55.1%) [mem: 9.22e+03] [data: 74.1 ms]
[INFO    ][2026-09-15 00:24:01][root                ][train_one_epoch          ] [  120] acc (v/n): 58.5% (84.5% 71.1%) recall (v/n): 43.9% (46.5% 55.5%) [mem: 9.22e+03] [data: 69.3 ms]
[INFO    ][2026-09-15 00:24:23][root                ][train_one_epoch          ] [  130] acc (v/n): 58.4% (84.4% 71.1%) recall (v/n): 43.3% (45.9% 56.0%) [mem: 9.22e+03] [data: 65.2 ms]
[INFO    ][2026-09-15 00:24:45][root                ][train_one_epoch          ] [  140] acc (v/n): 58.3% (84.4% 71.1%) recall (v/n): 43.2% (45.8% 55.6%) [mem: 9.22e+03] [data: 61.8 ms]
[INFO    ][2026-09-15 00:25:07][root                ][train_one_epoch          ] [  150] acc (v/n): 58.3% (84.4% 71.1%) recall (v/n): 42.7% (46.2% 55.8%) [mem: 9.22e+03] [data: 58.7 ms]
[INFO    ][2026-09-15 00:25:29][root                ][train_one_epoch          ] [  160] acc (v/n): 58.6% (84.5% 71.5%) recall (v/n): 42.8% (46.8% 55.6%) [mem: 9.22e+03] [data: 56.1 ms]
[INFO    ][2026-09-15 00:25:51][root                ][train_one_epoch          ] [  170] acc (v/n): 58.7% (84.5% 71.7%) recall (v/n): 42.7% (46.7% 55.7%) [mem: 9.22e+03] [data: 53.7 ms]
[INFO    ][2026-09-15 00:26:13][root                ][train_one_epoch          ] [  180] acc (v/n): 58.8% (84.6% 71.7%) recall (v/n): 42.6% (46.7% 55.7%) [mem: 9.22e+03] [data: 51.6 ms]
[INFO    ][2026-09-15 00:26:35][root                ][train_one_epoch          ] [  190] acc (v/n): 58.6% (84.6% 71.6%) recall (v/n): 42.5% (46.2% 55.6%) [mem: 9.22e+03] [data: 49.8 ms]
[INFO    ][2026-09-15 00:26:57][root                ][train_one_epoch          ] [  200] acc (v/n): 58.5% (84.8% 71.6%) recall (v/n): 42.6% (46.4% 56.0%) [mem: 9.22e+03] [data: 48.0 ms]
[INFO    ][2026-09-15 00:27:19][root                ][train_one_epoch          ] [  210] acc (v/n): 58.5% (84.8% 71.5%) recall (v/n): 42.5% (46.6% 55.8%) [mem: 9.22e+03] [data: 46.5 ms]
[INFO    ][2026-09-15 00:27:41][root                ][train_one_epoch          ] [  220] acc (v/n): 58.4% (84.9% 71.4%) recall (v/n): 42.3% (46.9% 55.2%) [mem: 9.22e+03] [data: 45.1 ms]
[INFO    ][2026-09-15 00:28:04][root                ][train_one_epoch          ] [  230] acc (v/n): 58.3% (84.9% 71.3%) recall (v/n): 42.0% (46.7% 54.5%) [mem: 9.22e+03] [data: 43.8 ms]
[INFO    ][2026-09-15 00:28:26][root                ][train_one_epoch          ] [  240] acc (v/n): 58.3% (85.0% 71.4%) recall (v/n): 41.7% (46.9% 55.1%) [mem: 9.22e+03] [data: 42.7 ms]
[INFO    ][2026-09-15 00:28:48][root                ][train_one_epoch          ] [  250] acc (v/n): 58.4% (85.1% 71.5%) recall (v/n): 41.6% (47.2% 55.0%) [mem: 9.22e+03] [data: 41.6 ms]
[INFO    ][2026-09-15 00:29:10][root                ][train_one_epoch          ] [  260] acc (v/n): 58.4% (85.1% 71.5%) recall (v/n): 41.7% (46.8% 55.2%) [mem: 9.22e+03] [data: 40.6 ms]
[INFO    ][2026-09-15 00:29:32][root                ][train_one_epoch          ] [  270] acc (v/n): 58.3% (85.0% 71.5%) recall (v/n): 41.8% (46.8% 55.1%) [mem: 9.22e+03] [data: 39.7 ms]
[INFO    ][2026-09-15 00:29:54][root                ][train_one_epoch          ] [  280] acc (v/n): 58.3% (85.0% 71.4%) recall (v/n): 41.8% (46.5% 54.8%) [mem: 9.22e+03] [data: 38.9 ms]
[INFO    ][2026-09-15 00:30:16][root                ][train_one_epoch          ] [  290] acc (v/n): 58.3% (85.0% 71.4%) recall (v/n): 41.6% (46.4% 55.4%) [mem: 9.22e+03] [data: 38.1 ms]
[INFO    ][2026-09-15 00:30:38][root                ][train_one_epoch          ] [  300] acc (v/n): 58.2% (84.9% 71.2%) recall (v/n): 41.5% (46.4% 55.7%) [mem: 9.22e+03] [data: 37.4 ms]
[INFO    ][2026-09-15 00:31:00][root                ][train_one_epoch          ] [  310] acc (v/n): 58.1% (84.9% 71.2%) recall (v/n): 41.4% (46.4% 55.9%) [mem: 9.22e+03] [data: 36.7 ms]
[INFO    ][2026-09-15 00:31:22][root                ][train_one_epoch          ] [  320] acc (v/n): 58.1% (84.9% 71.1%) recall (v/n): 41.2% (46.7% 56.3%) [mem: 9.22e+03] [data: 36.0 ms]
[INFO    ][2026-09-15 00:31:44][root                ][train_one_epoch          ] [  330] acc (v/n): 58.0% (84.9% 71.1%) recall (v/n): 41.1% (46.8% 56.4%) [mem: 9.22e+03] [data: 35.4 ms]
[INFO    ][2026-09-15 00:32:06][root                ][train_one_epoch          ] [  340] acc (v/n): 58.0% (84.9% 71.0%) recall (v/n): 41.2% (46.6% 57.0%) [mem: 9.22e+03] [data: 34.8 ms]
[INFO    ][2026-09-15 00:32:28][root                ][train_one_epoch          ] [  350] acc (v/n): 58.0% (85.0% 70.9%) recall (v/n): 41.4% (46.6% 57.6%) [mem: 9.22e+03] [data: 34.3 ms]
[INFO    ][2026-09-15 00:32:50][root                ][train_one_epoch          ] [  360] acc (v/n): 58.0% (85.1% 70.9%) recall (v/n): 41.4% (46.0% 57.7%) [mem: 9.22e+03] [data: 33.8 ms]
[INFO    ][2026-09-15 00:33:12][root                ][train_one_epoch          ] [  370] acc (v/n): 58.0% (85.1% 71.0%) recall (v/n): 41.4% (46.5% 57.6%) [mem: 9.22e+03] [data: 33.3 ms]
[INFO    ][2026-09-15 00:33:34][root                ][train_one_epoch          ] [  380] acc (v/n): 58.0% (85.1% 71.0%) recall (v/n): 41.4% (46.3% 57.7%) [mem: 9.22e+03] [data: 32.9 ms]
[INFO    ][2026-09-15 00:33:56][root                ][train_one_epoch          ] [  390] acc (v/n): 58.1% (85.1% 71.1%) recall (v/n): 41.3% (46.7% 57.6%) [mem: 9.22e+03] [data: 32.4 ms]
[INFO    ][2026-09-15 00:34:18][root                ][train_one_epoch          ] [  400] acc (v/n): 58.0% (85.1% 71.0%) recall (v/n): 41.4% (46.8% 58.2%) [mem: 9.22e+03] [data: 32.0 ms]
[INFO    ][2026-09-15 00:34:41][root                ][train_one_epoch          ] [  410] acc (v/n): 58.0% (85.1% 71.0%) recall (v/n): 41.5% (46.8% 58.3%) [mem: 9.22e+03] [data: 31.7 ms]
[INFO    ][2026-09-15 00:35:13][root                ][train_one_epoch          ] [  420] acc (v/n): 57.8% (85.0% 71.0%) recall (v/n): 41.5% (46.8% 58.3%) [mem: 9.22e+03] [data: 31.3 ms]
[INFO    ][2026-09-15 00:35:47][root                ][train_one_epoch          ] [  430] acc (v/n): 57.7% (84.9% 70.9%) recall (v/n): 41.4% (46.6% 58.2%) [mem: 9.22e+03] [data: 30.9 ms]
[INFO    ][2026-09-15 00:36:19][root                ][train_one_epoch          ] [  440] acc (v/n): 57.6% (84.8% 70.9%) recall (v/n): 41.4% (46.9% 58.2%) [mem: 9.22e+03] [data: 30.6 ms]
[INFO    ][2026-09-15 00:37:02][root                ][train_one_epoch          ] [  450] acc (v/n): 57.6% (84.7% 70.8%) recall (v/n): 41.4% (47.0% 57.9%) [mem: 9.22e+03] [data: 30.3 ms]
[INFO    ][2026-09-15 00:37:40][root                ][train_one_epoch          ] [  460] acc (v/n): 57.6% (84.7% 70.8%) recall (v/n): 41.6% (47.2% 58.0%) [mem: 9.22e+03] [data: 29.9 ms]
[INFO    ][2026-09-15 00:38:25][root                ][train_one_epoch          ] [  470] acc (v/n): 57.5% (84.6% 70.7%) recall (v/n): 41.5% (47.1% 58.1%) [mem: 9.22e+03] [data: 29.7 ms]
[INFO    ][2026-09-15 00:38:47][root                ][train_one_epoch          ] [  480] acc (v/n): 57.6% (84.6% 70.7%) recall (v/n): 41.6% (47.2% 58.2%) [mem: 9.22e+03] [data: 29.4 ms]
[INFO    ][2026-09-15 00:39:09][root                ][train_one_epoch          ] [  490] acc (v/n): 57.6% (84.6% 70.7%) recall (v/n): 41.7% (47.0% 58.3%) [mem: 9.22e+03] [data: 29.1 ms]
[INFO    ][2026-09-15 00:39:38][root                ][train_one_epoch          ] [  500] acc (v/n): 57.6% (84.6% 70.6%) recall (v/n): 41.6% (46.9% 58.2%) [mem: 9.22e+03] [data: 43.0 ms]
[INFO    ][2026-09-15 00:40:18][root                ][train_one_epoch          ] [  510] acc (v/n): 57.6% (84.6% 70.7%) recall (v/n): 41.5% (47.0% 58.3%) [mem: 9.22e+03] [data: 51.1 ms]
[INFO    ][2026-09-15 00:40:53][root                ][train_one_epoch          ] [  520] acc (v/n): 57.7% (84.6% 70.7%) recall (v/n): 41.6% (47.2% 58.3%) [mem: 9.22e+03] [data: 75.3 ms]
[INFO    ][2026-09-15 00:41:07][root                ][train_one_epoch          ] [  524] acc (v/n): 57.7% (84.6% 70.7%) recall (v/n): 41.5% (46.5% 58.3%) [mem: 9.22e+03] [data: 85.7 ms]
[INFO    ][2026-09-15 00:41:23][root                ][validate_exact           ] [exact val] itr 0  clips so far (this rank) 16
[INFO    ][2026-09-15 00:42:48][root                ][validate_exact           ] [exact val] itr 50  clips so far (this rank) 796
[INFO    ][2026-09-15 00:44:13][root                ][validate_exact           ] [exact val] itr 100  clips so far (this rank) 1573
[INFO    ][2026-09-15 00:44:50][root                ][main                     ] [exact val] epoch 16  n_clips 9296/9296  mean class recall@5  action 18.32  verb 31.02  noun 34.71
[INFO    ][2026-09-15 00:44:50][root                ][main                     ] [   16] train acc (v/n): 57.7% (84.6% 70.7%) train recall (v/n): 41.5% (46.5% 58.3%) val acc (v/n): 40.1% (81.0% 58.8%) val recall (v/n): 18.3% (31.0% 34.7%) 
[INFO    ][2026-09-15 00:44:52][root                ][main                     ] Epoch 16
[INFO    ][2026-09-15 00:44:52][root                ][main                     ] Training...
[INFO    ][2026-09-15 00:45:13][root                ][train_one_epoch          ] [    0] acc (v/n): 53.9% (85.2% 69.5%) recall (v/n): 50.4% (74.2% 58.2%) [mem: 9.22e+03] [data: 6143.5 ms]
[INFO    ][2026-09-15 00:45:35][root                ][train_one_epoch          ] [   10] acc (v/n): 54.6% (85.2% 66.4%) recall (v/n): 43.0% (49.8% 52.2%) [mem: 9.22e+03] [data: 573.2 ms]
[INFO    ][2026-09-15 00:45:57][root                ][train_one_epoch          ] [   20] acc (v/n): 56.4% (85.9% 68.3%) recall (v/n): 43.6% (44.8% 53.4%) [mem: 9.22e+03] [data: 308.3 ms]
[INFO    ][2026-09-15 00:46:19][root                ][train_one_epoch          ] [   30] acc (v/n): 56.9% (86.4% 68.8%) recall (v/n): 45.0% (47.2% 54.2%) [mem: 9.22e+03] [data: 213.9 ms]
[INFO    ][2026-09-15 00:46:41][root                ][train_one_epoch          ] [   40] acc (v/n): 58.1% (86.5% 70.0%) recall (v/n): 45.8% (46.8% 54.5%) [mem: 9.22e+03] [data: 165.8 ms]
[INFO    ][2026-09-15 00:47:03][root                ][train_one_epoch          ] [   50] acc (v/n): 58.7% (86.6% 70.3%) recall (v/n): 46.3% (46.8% 55.0%) [mem: 9.22e+03] [data: 136.4 ms]
[INFO    ][2026-09-15 00:47:25][root                ][train_one_epoch          ] [   60] acc (v/n): 58.9% (86.5% 70.3%) recall (v/n): 46.1% (45.8% 55.2%) [mem: 9.22e+03] [data: 116.7 ms]
[INFO    ][2026-09-15 00:47:47][root                ][train_one_epoch          ] [   70] acc (v/n): 59.4% (86.3% 70.6%) recall (v/n): 47.2% (44.8% 55.4%) [mem: 9.22e+03] [data: 102.5 ms]
[INFO    ][2026-09-15 00:48:09][root                ][train_one_epoch          ] [   80] acc (v/n): 59.4% (86.0% 70.6%) recall (v/n): 48.0% (45.2% 55.6%) [mem: 9.22e+03] [data: 91.8 ms]
[INFO    ][2026-09-15 00:48:31][root                ][train_one_epoch          ] [   90] acc (v/n): 59.8% (85.9% 71.0%) recall (v/n): 48.6% (45.4% 55.8%) [mem: 9.22e+03] [data: 83.5 ms]
[INFO    ][2026-09-15 00:48:54][root                ][train_one_epoch          ] [  100] acc (v/n): 60.1% (85.9% 71.1%) recall (v/n): 48.6% (45.3% 55.9%) [mem: 9.22e+03] [data: 76.8 ms]
[INFO    ][2026-09-15 00:49:16][root                ][train_one_epoch          ] [  110] acc (v/n): 60.4% (85.9% 71.4%) recall (v/n): 48.7% (46.4% 56.4%) [mem: 9.22e+03] [data: 71.4 ms]
[INFO    ][2026-09-15 00:49:38][root                ][train_one_epoch          ] [  120] acc (v/n): 60.3% (85.8% 71.4%) recall (v/n): 49.1% (46.5% 57.4%) [mem: 9.22e+03] [data: 66.8 ms]
[INFO    ][2026-09-15 00:50:00][root                ][train_one_epoch          ] [  130] acc (v/n): 60.4% (85.7% 71.4%) recall (v/n): 49.1% (47.1% 58.2%) [mem: 9.22e+03] [data: 63.0 ms]
[INFO    ][2026-09-15 00:50:22][root                ][train_one_epoch          ] [  140] acc (v/n): 60.5% (85.8% 71.5%) recall (v/n): 49.3% (47.3% 58.5%) [mem: 9.22e+03] [data: 59.6 ms]
[INFO    ][2026-09-15 00:50:44][root                ][train_one_epoch          ] [  150] acc (v/n): 60.4% (85.7% 71.6%) recall (v/n): 48.9% (46.8% 59.0%) [mem: 9.22e+03] [data: 56.7 ms]
[INFO    ][2026-09-15 00:51:07][root                ][train_one_epoch          ] [  160] acc (v/n): 60.5% (85.8% 71.8%) recall (v/n): 48.9% (46.9% 59.2%) [mem: 9.22e+03] [data: 54.2 ms]
[INFO    ][2026-09-15 00:51:29][root                ][train_one_epoch          ] [  170] acc (v/n): 60.8% (86.0% 72.0%) recall (v/n): 49.2% (47.4% 59.6%) [mem: 9.22e+03] [data: 52.0 ms]
[INFO    ][2026-09-15 00:51:50][root                ][train_one_epoch          ] [  180] acc (v/n): 60.7% (86.0% 72.0%) recall (v/n): 49.0% (47.8% 59.7%) [mem: 9.22e+03] [data: 50.0 ms]
[INFO    ][2026-09-15 00:52:13][root                ][train_one_epoch          ] [  190] acc (v/n): 60.6% (86.0% 71.9%) recall (v/n): 48.7% (48.9% 59.5%) [mem: 9.22e+03] [data: 48.3 ms]
[INFO    ][2026-09-15 00:52:35][root                ][train_one_epoch          ] [  200] acc (v/n): 60.7% (86.0% 71.9%) recall (v/n): 48.2% (48.4% 58.9%) [mem: 9.22e+03] [data: 46.6 ms]
[INFO    ][2026-09-15 00:52:57][root                ][train_one_epoch          ] [  210] acc (v/n): 60.6% (85.9% 72.0%) recall (v/n): 48.0% (48.5% 58.9%) [mem: 9.22e+03] [data: 45.2 ms]
[INFO    ][2026-09-15 00:53:19][root                ][train_one_epoch          ] [  220] acc (v/n): 60.6% (85.9% 72.0%) recall (v/n): 48.3% (48.8% 59.0%) [mem: 9.22e+03] [data: 43.9 ms]
[INFO    ][2026-09-15 00:53:41][root                ][train_one_epoch          ] [  230] acc (v/n): 60.6% (85.9% 72.0%) recall (v/n): 48.2% (48.5% 59.5%) [mem: 9.22e+03] [data: 42.7 ms]
[INFO    ][2026-09-15 00:54:03][root                ][train_one_epoch          ] [  240] acc (v/n): 60.6% (85.8% 72.2%) recall (v/n): 48.4% (48.7% 60.0%) [mem: 9.22e+03] [data: 41.6 ms]
[INFO    ][2026-09-15 00:54:25][root                ][train_one_epoch          ] [  250] acc (v/n): 60.6% (85.7% 72.1%) recall (v/n): 48.5% (49.1% 59.5%) [mem: 9.22e+03] [data: 40.5 ms]
[INFO    ][2026-09-15 00:54:47][root                ][train_one_epoch          ] [  260] acc (v/n): 60.5% (85.6% 72.1%) recall (v/n): 48.4% (48.9% 59.7%) [mem: 9.22e+03] [data: 39.6 ms]
[INFO    ][2026-09-15 00:55:09][root                ][train_one_epoch          ] [  270] acc (v/n): 60.4% (85.5% 72.0%) recall (v/n): 48.3% (49.1% 59.4%) [mem: 9.22e+03] [data: 38.7 ms]
[INFO    ][2026-09-15 00:55:31][root                ][train_one_epoch          ] [  280] acc (v/n): 60.1% (85.5% 71.9%) recall (v/n): 48.0% (48.7% 59.2%) [mem: 9.22e+03] [data: 37.9 ms]
[INFO    ][2026-09-15 00:55:53][root                ][train_one_epoch          ] [  290] acc (v/n): 60.1% (85.4% 71.9%) recall (v/n): 48.1% (48.2% 59.2%) [mem: 9.22e+03] [data: 37.2 ms]
[INFO    ][2026-09-15 00:56:15][root                ][train_one_epoch          ] [  300] acc (v/n): 60.0% (85.3% 71.8%) recall (v/n): 48.2% (48.6% 59.4%) [mem: 9.22e+03] [data: 36.5 ms]
[INFO    ][2026-09-15 00:56:37][root                ][train_one_epoch          ] [  310] acc (v/n): 60.0% (85.4% 71.8%) recall (v/n): 48.0% (48.4% 60.0%) [mem: 9.22e+03] [data: 35.8 ms]
[INFO    ][2026-09-15 00:57:00][root                ][train_one_epoch          ] [  320] acc (v/n): 60.0% (85.3% 71.9%) recall (v/n): 47.9% (48.4% 59.8%) [mem: 9.22e+03] [data: 35.2 ms]
[INFO    ][2026-09-15 00:57:22][root                ][train_one_epoch          ] [  330] acc (v/n): 60.0% (85.3% 71.8%) recall (v/n): 47.9% (48.4% 59.7%) [mem: 9.22e+03] [data: 34.6 ms]
[INFO    ][2026-09-15 00:57:44][root                ][train_one_epoch          ] [  340] acc (v/n): 60.0% (85.3% 71.9%) recall (v/n): 48.2% (48.8% 60.1%) [mem: 9.22e+03] [data: 34.1 ms]
[INFO    ][2026-09-15 00:58:06][root                ][train_one_epoch          ] [  350] acc (v/n): 60.1% (85.3% 72.0%) recall (v/n): 48.4% (49.0% 60.2%) [mem: 9.22e+03] [data: 33.6 ms]
[INFO    ][2026-09-15 00:58:28][root                ][train_one_epoch          ] [  360] acc (v/n): 60.0% (85.2% 72.0%) recall (v/n): 48.2% (49.0% 60.0%) [mem: 9.22e+03] [data: 33.1 ms]
[INFO    ][2026-09-15 00:58:50][root                ][train_one_epoch          ] [  370] acc (v/n): 60.1% (85.2% 72.0%) recall (v/n): 48.3% (49.2% 60.0%) [mem: 9.22e+03] [data: 32.6 ms]
[INFO    ][2026-09-15 00:59:12][root                ][train_one_epoch          ] [  380] acc (v/n): 60.0% (85.2% 72.0%) recall (v/n): 48.1% (49.3% 59.7%) [mem: 9.22e+03] [data: 32.2 ms]
[INFO    ][2026-09-15 00:59:34][root                ][train_one_epoch          ] [  390] acc (v/n): 60.1% (85.2% 72.1%) recall (v/n): 48.3% (49.1% 60.2%) [mem: 9.22e+03] [data: 31.8 ms]
[INFO    ][2026-09-15 00:59:56][root                ][train_one_epoch          ] [  400] acc (v/n): 60.1% (85.1% 72.1%) recall (v/n): 48.2% (49.1% 60.3%) [mem: 9.22e+03] [data: 31.4 ms]
[INFO    ][2026-09-15 01:00:18][root                ][train_one_epoch          ] [  410] acc (v/n): 60.3% (85.1% 72.2%) recall (v/n): 48.5% (49.9% 60.5%) [mem: 9.22e+03] [data: 31.0 ms]
[INFO    ][2026-09-15 01:00:40][root                ][train_one_epoch          ] [  420] acc (v/n): 60.2% (85.1% 72.1%) recall (v/n): 48.5% (49.9% 60.5%) [mem: 9.22e+03] [data: 30.6 ms]
[INFO    ][2026-09-15 01:01:02][root                ][train_one_epoch          ] [  430] acc (v/n): 60.2% (85.1% 72.2%) recall (v/n): 48.6% (50.0% 60.8%) [mem: 9.22e+03] [data: 30.3 ms]
[INFO    ][2026-09-15 01:01:30][root                ][train_one_epoch          ] [  440] acc (v/n): 60.2% (85.0% 72.1%) recall (v/n): 48.6% (50.1% 61.2%) [mem: 9.22e+03] [data: 29.9 ms]
[INFO    ][2026-09-15 01:01:59][root                ][train_one_epoch          ] [  450] acc (v/n): 60.3% (85.0% 72.2%) recall (v/n): 48.5% (50.1% 60.9%) [mem: 9.22e+03] [data: 29.6 ms]
[INFO    ][2026-09-15 01:02:31][root                ][train_one_epoch          ] [  460] acc (v/n): 60.4% (85.1% 72.3%) recall (v/n): 48.6% (50.2% 61.3%) [mem: 9.22e+03] [data: 29.3 ms]
[INFO    ][2026-09-15 01:03:11][root                ][train_one_epoch          ] [  470] acc (v/n): 60.4% (85.1% 72.2%) recall (v/n): 48.5% (50.1% 61.2%) [mem: 9.22e+03] [data: 29.1 ms]
[INFO    ][2026-09-15 01:03:50][root                ][train_one_epoch          ] [  480] acc (v/n): 60.3% (85.0% 72.2%) recall (v/n): 48.6% (50.1% 61.1%) [mem: 9.22e+03] [data: 28.8 ms]
[INFO    ][2026-09-15 01:04:13][root                ][train_one_epoch          ] [  490] acc (v/n): 60.3% (85.0% 72.1%) recall (v/n): 48.4% (49.9% 61.0%) [mem: 9.22e+03] [data: 28.5 ms]
[INFO    ][2026-09-15 01:04:44][root                ][train_one_epoch          ] [  500] acc (v/n): 60.2% (85.0% 72.1%) recall (v/n): 48.3% (49.9% 61.0%) [mem: 9.22e+03] [data: 28.3 ms]
[INFO    ][2026-09-15 01:05:25][root                ][train_one_epoch          ] [  510] acc (v/n): 60.2% (85.0% 72.1%) recall (v/n): 48.3% (50.2% 61.1%) [mem: 9.22e+03] [data: 28.0 ms]
[INFO    ][2026-09-15 01:05:55][root                ][train_one_epoch          ] [  520] acc (v/n): 60.2% (85.1% 72.0%) recall (v/n): 48.2% (50.1% 61.2%) [mem: 9.22e+03] [data: 43.3 ms]
[INFO    ][2026-09-15 01:06:22][root                ][train_one_epoch          ] [  524] acc (v/n): 60.2% (85.1% 72.0%) recall (v/n): 48.2% (50.1% 61.3%) [mem: 9.22e+03] [data: 77.6 ms]
[INFO    ][2026-09-15 01:06:40][root                ][validate_exact           ] [exact val] itr 0  clips so far (this rank) 16
[INFO    ][2026-09-15 01:08:05][root                ][validate_exact           ] [exact val] itr 50  clips so far (this rank) 796
[INFO    ][2026-09-15 01:09:30][root                ][validate_exact           ] [exact val] itr 100  clips so far (this rank) 1573
[INFO    ][2026-09-15 01:10:07][root                ][main                     ] [exact val] epoch 17  n_clips 9296/9296  mean class recall@5  action 18.38  verb 30.94  noun 34.39
[INFO    ][2026-09-15 01:10:07][root                ][main                     ] [   17] train acc (v/n): 60.2% (85.1% 72.0%) train recall (v/n): 48.2% (50.1% 61.3%) val acc (v/n): 40.4% (81.3% 58.5%) val recall (v/n): 18.4% (30.9% 34.4%) 
[INFO    ][2026-09-15 01:10:09][root                ][main                     ] Epoch 17
[INFO    ][2026-09-15 01:10:09][root                ][main                     ] Training...
[INFO    ][2026-09-15 01:10:33][root                ][train_one_epoch          ] [    0] acc (v/n): 71.1% (89.1% 73.4%) recall (v/n): 63.1% (66.0% 54.8%) [mem: 9.22e+03] [data: 5121.2 ms]
[INFO    ][2026-09-15 01:10:55][root                ][train_one_epoch          ] [   10] acc (v/n): 64.0% (87.3% 71.7%) recall (v/n): 54.9% (53.8% 53.6%) [mem: 9.22e+03] [data: 480.0 ms]
[INFO    ][2026-09-15 01:11:17][root                ][train_one_epoch          ] [   20] acc (v/n): 63.4% (87.7% 71.7%) recall (v/n): 54.0% (53.4% 53.5%) [mem: 9.22e+03] [data: 259.0 ms]
[INFO    ][2026-09-15 01:11:39][root                ][train_one_epoch          ] [   30] acc (v/n): 63.8% (87.2% 72.8%) recall (v/n): 53.4% (52.2% 56.9%) [mem: 9.22e+03] [data: 180.6 ms]
[INFO    ][2026-09-15 01:12:01][root                ][train_one_epoch          ] [   40] acc (v/n): 62.9% (87.5% 72.8%) recall (v/n): 51.8% (49.6% 56.2%) [mem: 9.22e+03] [data: 140.5 ms]
[INFO    ][2026-09-15 01:12:23][root                ][train_one_epoch          ] [   50] acc (v/n): 63.0% (87.6% 73.3%) recall (v/n): 52.6% (50.3% 55.3%) [mem: 9.22e+03] [data: 116.1 ms]
[INFO    ][2026-09-15 01:12:45][root                ][train_one_epoch          ] [   60] acc (v/n): 63.3% (87.1% 73.4%) recall (v/n): 52.0% (50.5% 56.3%) [mem: 9.22e+03] [data: 99.6 ms]
[INFO    ][2026-09-15 01:13:07][root                ][train_one_epoch          ] [   70] acc (v/n): 63.4% (87.3% 73.4%) recall (v/n): 52.3% (50.6% 56.0%) [mem: 9.22e+03] [data: 87.8 ms]
[INFO    ][2026-09-15 01:13:29][root                ][train_one_epoch          ] [   80] acc (v/n): 63.7% (87.2% 73.8%) recall (v/n): 52.5% (48.8% 57.1%) [mem: 9.22e+03] [data: 79.0 ms]
[INFO    ][2026-09-15 01:13:52][root                ][train_one_epoch          ] [   90] acc (v/n): 63.5% (87.0% 73.6%) recall (v/n): 52.3% (48.3% 57.7%) [mem: 9.22e+03] [data: 72.1 ms]
[INFO    ][2026-09-15 01:14:14][root                ][train_one_epoch          ] [  100] acc (v/n): 63.8% (87.1% 73.8%) recall (v/n): 53.1% (49.0% 58.1%) [mem: 9.22e+03] [data: 66.5 ms]
[INFO    ][2026-09-15 01:14:36][root                ][train_one_epoch          ] [  110] acc (v/n): 63.6% (86.9% 73.6%) recall (v/n): 53.3% (49.3% 57.9%) [mem: 9.22e+03] [data: 62.0 ms]
[INFO    ][2026-09-15 01:14:58][root                ][train_one_epoch          ] [  120] acc (v/n): 63.6% (87.0% 73.6%) recall (v/n): 53.3% (49.4% 57.8%) [mem: 9.22e+03] [data: 58.2 ms]
[INFO    ][2026-09-15 01:15:20][root                ][train_one_epoch          ] [  130] acc (v/n): 63.5% (86.9% 73.7%) recall (v/n): 53.2% (49.1% 58.3%) [mem: 9.22e+03] [data: 55.0 ms]
[INFO    ][2026-09-15 01:15:42][root                ][train_one_epoch          ] [  140] acc (v/n): 63.4% (86.9% 73.6%) recall (v/n): 53.1% (50.5% 58.3%) [mem: 9.22e+03] [data: 52.2 ms]
[INFO    ][2026-09-15 01:16:04][root                ][train_one_epoch          ] [  150] acc (v/n): 63.3% (86.9% 73.6%) recall (v/n): 53.0% (50.6% 59.0%) [mem: 9.22e+03] [data: 49.8 ms]
[INFO    ][2026-09-15 01:16:26][root                ][train_one_epoch          ] [  160] acc (v/n): 63.2% (86.8% 73.6%) recall (v/n): 52.5% (49.5% 59.6%) [mem: 9.22e+03] [data: 47.7 ms]
[INFO    ][2026-09-15 01:16:48][root                ][train_one_epoch          ] [  170] acc (v/n): 63.1% (86.8% 73.6%) recall (v/n): 52.4% (49.8% 59.3%) [mem: 9.22e+03] [data: 45.9 ms]
[INFO    ][2026-09-15 01:17:10][root                ][train_one_epoch          ] [  180] acc (v/n): 62.9% (86.8% 73.5%) recall (v/n): 52.2% (49.4% 59.8%) [mem: 9.22e+03] [data: 44.2 ms]
[INFO    ][2026-09-15 01:17:32][root                ][train_one_epoch          ] [  190] acc (v/n): 62.9% (86.7% 73.6%) recall (v/n): 52.5% (49.4% 60.0%) [mem: 9.22e+03] [data: 42.7 ms]
[INFO    ][2026-09-15 01:17:55][root                ][train_one_epoch          ] [  200] acc (v/n): 62.9% (86.8% 73.6%) recall (v/n): 52.5% (50.8% 60.6%) [mem: 9.22e+03] [data: 41.4 ms]
[INFO    ][2026-09-15 01:18:17][root                ][train_one_epoch          ] [  210] acc (v/n): 62.8% (86.8% 73.5%) recall (v/n): 52.4% (50.8% 60.7%) [mem: 9.22e+03] [data: 40.2 ms]
[INFO    ][2026-09-15 01:18:39][root                ][train_one_epoch          ] [  220] acc (v/n): 62.8% (86.8% 73.5%) recall (v/n): 52.7% (51.2% 60.8%) [mem: 9.22e+03] [data: 39.1 ms]
[INFO    ][2026-09-15 01:19:01][root                ][train_one_epoch          ] [  230] acc (v/n): 62.7% (86.7% 73.3%) recall (v/n): 52.8% (51.4% 60.8%) [mem: 9.22e+03] [data: 38.1 ms]
[INFO    ][2026-09-15 01:19:23][root                ][train_one_epoch          ] [  240] acc (v/n): 62.8% (86.6% 73.3%) recall (v/n): 52.9% (51.8% 60.6%) [mem: 9.22e+03] [data: 37.2 ms]
[INFO    ][2026-09-15 01:19:45][root                ][train_one_epoch          ] [  250] acc (v/n): 62.6% (86.6% 73.1%) recall (v/n): 53.0% (51.4% 60.9%) [mem: 9.22e+03] [data: 36.3 ms]
[INFO    ][2026-09-15 01:20:07][root                ][train_one_epoch          ] [  260] acc (v/n): 62.6% (86.5% 73.1%) recall (v/n): 53.0% (51.9% 60.3%) [mem: 9.22e+03] [data: 35.6 ms]
[INFO    ][2026-09-15 01:20:29][root                ][train_one_epoch          ] [  270] acc (v/n): 62.6% (86.5% 73.0%) recall (v/n): 53.3% (51.9% 60.8%) [mem: 9.22e+03] [data: 34.9 ms]
[INFO    ][2026-09-15 01:20:51][root                ][train_one_epoch          ] [  280] acc (v/n): 62.6% (86.3% 73.1%) recall (v/n): 53.4% (52.2% 61.3%) [mem: 9.22e+03] [data: 34.2 ms]
[INFO    ][2026-09-15 01:21:13][root                ][train_one_epoch          ] [  290] acc (v/n): 62.5% (86.3% 73.0%) recall (v/n): 53.3% (52.2% 61.4%) [mem: 9.22e+03] [data: 33.6 ms]
[INFO    ][2026-09-15 01:21:36][root                ][train_one_epoch          ] [  300] acc (v/n): 62.5% (86.3% 72.9%) recall (v/n): 53.1% (52.5% 61.3%) [mem: 9.22e+03] [data: 33.0 ms]
[INFO    ][2026-09-15 01:21:58][root                ][train_one_epoch          ] [  310] acc (v/n): 62.5% (86.3% 72.9%) recall (v/n): 53.2% (52.8% 61.7%) [mem: 9.22e+03] [data: 32.4 ms]
[INFO    ][2026-09-15 01:22:20][root                ][train_one_epoch          ] [  320] acc (v/n): 62.4% (86.3% 72.8%) recall (v/n): 53.0% (52.1% 61.8%) [mem: 9.22e+03] [data: 31.9 ms]
[INFO    ][2026-09-15 01:22:42][root                ][train_one_epoch          ] [  330] acc (v/n): 62.4% (86.2% 72.9%) recall (v/n): 53.0% (51.8% 62.3%) [mem: 9.22e+03] [data: 31.4 ms]
[INFO    ][2026-09-15 01:23:04][root                ][train_one_epoch          ] [  340] acc (v/n): 62.3% (86.3% 72.9%) recall (v/n): 53.0% (52.1% 62.3%) [mem: 9.22e+03] [data: 31.0 ms]
[INFO    ][2026-09-15 01:23:26][root                ][train_one_epoch          ] [  350] acc (v/n): 62.3% (86.3% 72.9%) recall (v/n): 52.8% (52.1% 62.4%) [mem: 9.22e+03] [data: 30.5 ms]
[INFO    ][2026-09-15 01:23:48][root                ][train_one_epoch          ] [  360] acc (v/n): 62.3% (86.2% 72.8%) recall (v/n): 52.9% (52.5% 62.2%) [mem: 9.22e+03] [data: 30.1 ms]
[INFO    ][2026-09-15 01:24:28][root                ][train_one_epoch          ] [  370] acc (v/n): 62.3% (86.1% 72.9%) recall (v/n): 53.0% (52.4% 62.2%) [mem: 9.22e+03] [data: 29.8 ms]
[INFO    ][2026-09-15 01:24:50][root                ][train_one_epoch          ] [  380] acc (v/n): 62.3% (86.1% 72.9%) recall (v/n): 53.3% (52.4% 61.9%) [mem: 9.22e+03] [data: 29.4 ms]
[INFO    ][2026-09-15 01:25:12][root                ][train_one_epoch          ] [  390] acc (v/n): 62.3% (86.1% 72.8%) recall (v/n): 53.3% (52.4% 61.6%) [mem: 9.22e+03] [data: 29.1 ms]
[INFO    ][2026-09-15 01:25:34][root                ][train_one_epoch          ] [  400] acc (v/n): 62.3% (86.1% 72.9%) recall (v/n): 53.4% (52.3% 62.0%) [mem: 9.22e+03] [data: 28.7 ms]
[INFO    ][2026-09-15 01:25:56][root                ][train_one_epoch          ] [  410] acc (v/n): 62.3% (86.1% 72.9%) recall (v/n): 53.4% (52.3% 62.5%) [mem: 9.22e+03] [data: 28.4 ms]
[INFO    ][2026-09-15 01:26:18][root                ][train_one_epoch          ] [  420] acc (v/n): 62.3% (86.1% 73.0%) recall (v/n): 53.5% (52.3% 62.4%) [mem: 9.22e+03] [data: 28.1 ms]
[INFO    ][2026-09-15 01:26:56][root                ][train_one_epoch          ] [  430] acc (v/n): 62.3% (86.1% 73.0%) recall (v/n): 53.5% (52.7% 62.5%) [mem: 9.22e+03] [data: 27.8 ms]
[INFO    ][2026-09-15 01:27:18][root                ][train_one_epoch          ] [  440] acc (v/n): 62.4% (86.1% 73.1%) recall (v/n): 53.8% (53.0% 62.6%) [mem: 9.22e+03] [data: 27.6 ms]
[INFO    ][2026-09-15 01:27:40][root                ][train_one_epoch          ] [  450] acc (v/n): 62.4% (86.0% 73.2%) recall (v/n): 53.6% (52.8% 62.5%) [mem: 9.22e+03] [data: 27.3 ms]
[INFO    ][2026-09-15 01:28:04][root                ][train_one_epoch          ] [  460] acc (v/n): 62.4% (86.1% 73.2%) recall (v/n): 53.6% (52.8% 62.6%) [mem: 9.22e+03] [data: 27.0 ms]
[INFO    ][2026-09-15 01:28:38][root                ][train_one_epoch          ] [  470] acc (v/n): 62.5% (86.1% 73.3%) recall (v/n): 53.6% (52.9% 62.8%) [mem: 9.22e+03] [data: 26.8 ms]
[INFO    ][2026-09-15 01:29:18][root                ][train_one_epoch          ] [  480] acc (v/n): 62.4% (86.1% 73.3%) recall (v/n): 53.7% (53.1% 62.6%) [mem: 9.22e+03] [data: 26.6 ms]
[INFO    ][2026-09-15 01:29:40][root                ][train_one_epoch          ] [  490] acc (v/n): 62.4% (86.1% 73.3%) recall (v/n): 53.9% (53.1% 62.7%) [mem: 9.22e+03] [data: 26.4 ms]
[INFO    ][2026-09-15 01:30:02][root                ][train_one_epoch          ] [  500] acc (v/n): 62.5% (86.1% 73.3%) recall (v/n): 53.8% (53.0% 62.6%) [mem: 9.22e+03] [data: 26.2 ms]
[INFO    ][2026-09-15 01:30:24][root                ][train_one_epoch          ] [  510] acc (v/n): 62.5% (86.1% 73.4%) recall (v/n): 53.8% (53.0% 62.7%) [mem: 9.22e+03] [data: 26.0 ms]
[INFO    ][2026-09-15 01:30:47][root                ][train_one_epoch          ] [  520] acc (v/n): 62.5% (86.2% 73.4%) recall (v/n): 53.8% (53.0% 62.7%) [mem: 9.22e+03] [data: 27.7 ms]
[INFO    ][2026-09-15 01:30:59][root                ][train_one_epoch          ] [  524] acc (v/n): 62.5% (86.1% 73.4%) recall (v/n): 53.8% (52.8% 62.7%) [mem: 9.22e+03] [data: 33.9 ms]
[INFO    ][2026-09-15 01:31:14][root                ][validate_exact           ] [exact val] itr 0  clips so far (this rank) 16
[INFO    ][2026-09-15 01:32:39][root                ][validate_exact           ] [exact val] itr 50  clips so far (this rank) 796
[INFO    ][2026-09-15 01:34:04][root                ][validate_exact           ] [exact val] itr 100  clips so far (this rank) 1573
[INFO    ][2026-09-15 01:34:41][root                ][main                     ] [exact val] epoch 18  n_clips 9296/9296  mean class recall@5  action 18.37  verb 31.81  noun 35.45
[INFO    ][2026-09-15 01:34:41][root                ][main                     ] [   18] train acc (v/n): 62.5% (86.1% 73.4%) train recall (v/n): 53.8% (52.8% 62.7%) val acc (v/n): 40.8% (81.4% 59.4%) val recall (v/n): 18.4% (31.8% 35.5%) 
[INFO    ][2026-09-15 01:34:44][root                ][main                     ] Epoch 18
[INFO    ][2026-09-15 01:34:44][root                ][main                     ] Training...
[INFO    ][2026-09-15 01:35:05][root                ][train_one_epoch          ] [    0] acc (v/n): 64.8% (88.3% 71.9%) recall (v/n): 59.5% (64.4% 63.9%) [mem: 9.22e+03] [data: 6093.0 ms]
[INFO    ][2026-09-15 01:35:28][root                ][train_one_epoch          ] [   10] acc (v/n): 61.9% (86.6% 71.7%) recall (v/n): 55.0% (60.9% 59.3%) [mem: 9.22e+03] [data: 569.4 ms]
[INFO    ][2026-09-15 01:35:49][root                ][train_one_epoch          ] [   20] acc (v/n): 63.7% (87.6% 72.2%) recall (v/n): 56.3% (59.2% 59.0%) [mem: 9.22e+03] [data: 305.8 ms]
[INFO    ][2026-09-15 01:36:11][root                ][train_one_epoch          ] [   30] acc (v/n): 63.7% (87.4% 72.4%) recall (v/n): 57.1% (57.4% 60.7%) [mem: 9.22e+03] [data: 212.3 ms]
[INFO    ][2026-09-15 01:36:33][root                ][train_one_epoch          ] [   40] acc (v/n): 63.2% (87.3% 72.5%) recall (v/n): 58.6% (57.1% 61.9%) [mem: 9.22e+03] [data: 164.4 ms]
[INFO    ][2026-09-15 01:36:55][root                ][train_one_epoch          ] [   50] acc (v/n): 63.3% (87.2% 72.7%) recall (v/n): 58.6% (54.2% 61.1%) [mem: 9.22e+03] [data: 135.3 ms]
[INFO    ][2026-09-15 01:37:17][root                ][train_one_epoch          ] [   60] acc (v/n): 63.2% (86.8% 73.0%) recall (v/n): 58.5% (55.1% 60.6%) [mem: 9.22e+03] [data: 115.7 ms]
[INFO    ][2026-09-15 01:37:39][root                ][train_one_epoch          ] [   70] acc (v/n): 63.5% (86.3% 73.5%) recall (v/n): 58.4% (54.0% 60.9%) [mem: 9.22e+03] [data: 101.7 ms]
[INFO    ][2026-09-15 01:38:01][root                ][train_one_epoch          ] [   80] acc (v/n): 63.5% (86.1% 73.6%) recall (v/n): 58.1% (52.6% 60.9%) [mem: 9.22e+03] [data: 91.1 ms]
[INFO    ][2026-09-15 01:38:23][root                ][train_one_epoch          ] [   90] acc (v/n): 63.4% (86.2% 73.5%) recall (v/n): 58.3% (52.9% 61.5%) [mem: 9.22e+03] [data: 82.8 ms]
[INFO    ][2026-09-15 01:38:45][root                ][train_one_epoch          ] [  100] acc (v/n): 63.4% (86.0% 73.4%) recall (v/n): 57.9% (52.3% 61.3%) [mem: 9.22e+03] [data: 76.3 ms]
[INFO    ][2026-09-15 01:39:07][root                ][train_one_epoch          ] [  110] acc (v/n): 63.5% (85.9% 73.4%) recall (v/n): 57.7% (53.6% 61.5%) [mem: 9.22e+03] [data: 70.9 ms]
[INFO    ][2026-09-15 01:39:29][root                ][train_one_epoch          ] [  120] acc (v/n): 63.0% (85.7% 73.3%) recall (v/n): 57.5% (53.7% 62.6%) [mem: 9.22e+03] [data: 66.4 ms]
[INFO    ][2026-09-15 01:39:51][root                ][train_one_epoch          ] [  130] acc (v/n): 63.2% (85.8% 73.4%) recall (v/n): 57.6% (53.8% 62.3%) [mem: 9.22e+03] [data: 62.5 ms]
[INFO    ][2026-09-15 01:40:13][root                ][train_one_epoch          ] [  140] acc (v/n): 63.1% (85.9% 73.3%) recall (v/n): 57.4% (54.0% 62.7%) [mem: 9.22e+03] [data: 59.3 ms]
[INFO    ][2026-09-15 01:40:35][root                ][train_one_epoch          ] [  150] acc (v/n): 63.1% (85.9% 73.3%) recall (v/n): 57.1% (53.3% 62.4%) [mem: 9.22e+03] [data: 56.4 ms]
[INFO    ][2026-09-15 01:40:58][root                ][train_one_epoch          ] [  160] acc (v/n): 62.9% (85.9% 73.2%) recall (v/n): 56.9% (53.9% 62.1%) [mem: 9.22e+03] [data: 53.9 ms]
[INFO    ][2026-09-15 01:41:20][root                ][train_one_epoch          ] [  170] acc (v/n): 62.8% (85.8% 73.2%) recall (v/n): 56.4% (54.4% 61.3%) [mem: 9.22e+03] [data: 51.7 ms]
[INFO    ][2026-09-15 01:41:42][root                ][train_one_epoch          ] [  180] acc (v/n): 62.6% (85.6% 73.1%) recall (v/n): 56.1% (54.2% 61.1%) [mem: 9.22e+03] [data: 49.7 ms]
[INFO    ][2026-09-15 01:42:04][root                ][train_one_epoch          ] [  190] acc (v/n): 62.8% (85.6% 73.1%) recall (v/n): 56.6% (54.0% 61.4%) [mem: 9.22e+03] [data: 47.9 ms]
[INFO    ][2026-09-15 01:42:26][root                ][train_one_epoch          ] [  200] acc (v/n): 62.8% (85.7% 73.2%) recall (v/n): 56.6% (54.0% 61.2%) [mem: 9.22e+03] [data: 46.3 ms]
[INFO    ][2026-09-15 01:42:48][root                ][train_one_epoch          ] [  210] acc (v/n): 63.0% (85.8% 73.3%) recall (v/n): 56.9% (53.5% 62.3%) [mem: 9.22e+03] [data: 44.9 ms]
[INFO    ][2026-09-15 01:43:10][root                ][train_one_epoch          ] [  220] acc (v/n): 63.0% (85.9% 73.2%) recall (v/n): 56.7% (53.2% 62.4%) [mem: 9.22e+03] [data: 43.6 ms]
[INFO    ][2026-09-15 01:43:32][root                ][train_one_epoch          ] [  230] acc (v/n): 62.9% (85.8% 73.2%) recall (v/n): 56.7% (52.9% 62.8%) [mem: 9.22e+03] [data: 42.4 ms]
[INFO    ][2026-09-15 01:43:54][root                ][train_one_epoch          ] [  240] acc (v/n): 62.8% (85.8% 73.1%) recall (v/n): 56.4% (52.8% 62.8%) [mem: 9.22e+03] [data: 41.3 ms]
[INFO    ][2026-09-15 01:44:16][root                ][train_one_epoch          ] [  250] acc (v/n): 62.8% (85.8% 73.2%) recall (v/n): 56.3% (52.8% 62.9%) [mem: 9.22e+03] [data: 40.3 ms]
[INFO    ][2026-09-15 01:44:38][root                ][train_one_epoch          ] [  260] acc (v/n): 62.8% (85.9% 73.2%) recall (v/n): 56.1% (52.2% 62.6%) [mem: 9.22e+03] [data: 39.4 ms]
[INFO    ][2026-09-15 01:45:00][root                ][train_one_epoch          ] [  270] acc (v/n): 62.8% (85.9% 73.2%) recall (v/n): 56.0% (52.3% 62.6%) [mem: 9.22e+03] [data: 38.5 ms]
[INFO    ][2026-09-15 01:45:23][root                ][train_one_epoch          ] [  280] acc (v/n): 62.8% (85.9% 73.2%) recall (v/n): 56.0% (52.1% 62.9%) [mem: 9.22e+03] [data: 37.7 ms]
[INFO    ][2026-09-15 01:45:45][root                ][train_one_epoch          ] [  290] acc (v/n): 62.9% (86.0% 73.2%) recall (v/n): 56.0% (51.8% 63.4%) [mem: 9.22e+03] [data: 37.0 ms]
[INFO    ][2026-09-15 01:46:07][root                ][train_one_epoch          ] [  300] acc (v/n): 63.0% (86.1% 73.3%) recall (v/n): 56.0% (51.7% 63.2%) [mem: 9.22e+03] [data: 36.3 ms]
[INFO    ][2026-09-15 01:46:29][root                ][train_one_epoch          ] [  310] acc (v/n): 63.1% (86.2% 73.4%) recall (v/n): 56.2% (51.9% 63.2%) [mem: 9.22e+03] [data: 35.6 ms]
[INFO    ][2026-09-15 01:46:51][root                ][train_one_epoch          ] [  320] acc (v/n): 63.3% (86.3% 73.6%) recall (v/n): 56.0% (51.3% 63.2%) [mem: 9.22e+03] [data: 35.0 ms]
[INFO    ][2026-09-15 01:47:13][root                ][train_one_epoch          ] [  330] acc (v/n): 63.4% (86.3% 73.7%) recall (v/n): 55.9% (51.4% 63.2%) [mem: 9.22e+03] [data: 34.4 ms]
[INFO    ][2026-09-15 01:47:35][root                ][train_one_epoch          ] [  340] acc (v/n): 63.5% (86.4% 73.8%) recall (v/n): 55.8% (51.7% 63.2%) [mem: 9.22e+03] [data: 33.9 ms]
[INFO    ][2026-09-15 01:47:57][root                ][train_one_epoch          ] [  350] acc (v/n): 63.6% (86.4% 73.8%) recall (v/n): 55.8% (51.8% 63.3%) [mem: 9.22e+03] [data: 33.4 ms]
[INFO    ][2026-09-15 01:48:19][root                ][train_one_epoch          ] [  360] acc (v/n): 63.6% (86.4% 73.9%) recall (v/n): 56.2% (52.5% 63.5%) [mem: 9.22e+03] [data: 32.9 ms]
[INFO    ][2026-09-15 01:48:48][root                ][train_one_epoch          ] [  370] acc (v/n): 63.7% (86.4% 74.1%) recall (v/n): 56.3% (52.8% 63.7%) [mem: 9.22e+03] [data: 32.5 ms]
[INFO    ][2026-09-15 01:49:20][root                ][train_one_epoch          ] [  380] acc (v/n): 63.8% (86.4% 74.2%) recall (v/n): 56.3% (53.0% 63.8%) [mem: 9.22e+03] [data: 32.0 ms]
[INFO    ][2026-09-15 01:49:57][root                ][train_one_epoch          ] [  390] acc (v/n): 63.9% (86.4% 74.3%) recall (v/n): 56.3% (53.2% 63.8%) [mem: 9.22e+03] [data: 31.6 ms]
[INFO    ][2026-09-15 01:50:19][root                ][train_one_epoch          ] [  400] acc (v/n): 63.9% (86.4% 74.3%) recall (v/n): 56.3% (53.8% 63.9%) [mem: 9.22e+03] [data: 31.2 ms]
[INFO    ][2026-09-15 01:50:41][root                ][train_one_epoch          ] [  410] acc (v/n): 64.0% (86.5% 74.4%) recall (v/n): 56.3% (53.6% 63.6%) [mem: 9.22e+03] [data: 30.9 ms]
[INFO    ][2026-09-15 01:51:10][root                ][train_one_epoch          ] [  420] acc (v/n): 64.0% (86.5% 74.4%) recall (v/n): 56.5% (53.9% 63.9%) [mem: 9.22e+03] [data: 30.5 ms]
[INFO    ][2026-09-15 01:51:45][root                ][train_one_epoch          ] [  430] acc (v/n): 64.0% (86.5% 74.4%) recall (v/n): 56.5% (54.2% 63.9%) [mem: 9.22e+03] [data: 30.2 ms]
[INFO    ][2026-09-15 01:52:26][root                ][train_one_epoch          ] [  440] acc (v/n): 64.0% (86.5% 74.5%) recall (v/n): 56.4% (54.5% 63.9%) [mem: 9.22e+03] [data: 29.8 ms]
[INFO    ][2026-09-15 01:52:48][root                ][train_one_epoch          ] [  450] acc (v/n): 64.1% (86.5% 74.5%) recall (v/n): 56.5% (54.5% 64.0%) [mem: 9.22e+03] [data: 29.5 ms]
[INFO    ][2026-09-15 01:53:32][root                ][train_one_epoch          ] [  460] acc (v/n): 64.2% (86.4% 74.6%) recall (v/n): 56.6% (54.5% 64.4%) [mem: 9.22e+03] [data: 29.2 ms]
[INFO    ][2026-09-15 01:53:54][root                ][train_one_epoch          ] [  470] acc (v/n): 64.2% (86.4% 74.6%) recall (v/n): 56.6% (54.4% 64.5%) [mem: 9.22e+03] [data: 29.0 ms]
[INFO    ][2026-09-15 01:54:25][root                ][train_one_epoch          ] [  480] acc (v/n): 64.2% (86.4% 74.6%) recall (v/n): 56.8% (54.9% 64.6%) [mem: 9.22e+03] [data: 28.7 ms]
[INFO    ][2026-09-15 01:54:58][root                ][train_one_epoch          ] [  490] acc (v/n): 64.2% (86.5% 74.6%) recall (v/n): 56.8% (54.9% 64.6%) [mem: 9.22e+03] [data: 28.5 ms]
[INFO    ][2026-09-15 01:55:35][root                ][train_one_epoch          ] [  500] acc (v/n): 64.3% (86.5% 74.7%) recall (v/n): 56.8% (54.7% 64.8%) [mem: 9.22e+03] [data: 28.2 ms]
[INFO    ][2026-09-15 01:55:57][root                ][train_one_epoch          ] [  510] acc (v/n): 64.3% (86.4% 74.7%) recall (v/n): 56.6% (54.6% 64.8%) [mem: 9.22e+03] [data: 28.0 ms]
[INFO    ][2026-09-15 01:56:19][root                ][train_one_epoch          ] [  520] acc (v/n): 64.2% (86.4% 74.7%) recall (v/n): 56.5% (54.6% 64.8%) [mem: 9.22e+03] [data: 27.8 ms]
[INFO    ][2026-09-15 01:56:28][root                ][train_one_epoch          ] [  524] acc (v/n): 64.2% (86.4% 74.6%) recall (v/n): 56.6% (54.6% 64.8%) [mem: 9.22e+03] [data: 27.7 ms]
[INFO    ][2026-09-15 01:56:44][root                ][validate_exact           ] [exact val] itr 0  clips so far (this rank) 16
[INFO    ][2026-09-15 01:58:09][root                ][validate_exact           ] [exact val] itr 50  clips so far (this rank) 796
[INFO    ][2026-09-15 01:59:34][root                ][validate_exact           ] [exact val] itr 100  clips so far (this rank) 1573
[INFO    ][2026-09-15 02:00:11][root                ][main                     ] [exact val] epoch 19  n_clips 9296/9296  mean class recall@5  action 18.59  verb 31.90  noun 34.82
[INFO    ][2026-09-15 02:00:11][root                ][main                     ] [   19] train acc (v/n): 64.2% (86.4% 74.6%) train recall (v/n): 56.6% (54.6% 64.8%) val acc (v/n): 40.7% (81.4% 59.1%) val recall (v/n): 18.6% (31.9% 34.8%) 
[INFO    ][2026-09-15 02:00:13][root                ][main                     ] Epoch 19
[INFO    ][2026-09-15 02:00:13][root                ][main                     ] Training...
[INFO    ][2026-09-15 02:00:35][root                ][train_one_epoch          ] [    0] acc (v/n): 63.3% (86.7% 68.8%) recall (v/n): 56.1% (64.9% 53.6%) [mem: 9.22e+03] [data: 6267.8 ms]
[INFO    ][2026-09-15 02:00:57][root                ][train_one_epoch          ] [   10] acc (v/n): 62.3% (86.4% 70.6%) recall (v/n): 51.6% (47.7% 57.4%) [mem: 9.22e+03] [data: 584.6 ms]
[INFO    ][2026-09-15 02:01:19][root                ][train_one_epoch          ] [   20] acc (v/n): 63.7% (86.6% 72.1%) recall (v/n): 54.6% (46.5% 57.3%) [mem: 9.22e+03] [data: 313.8 ms]
[INFO    ][2026-09-15 02:01:41][root                ][train_one_epoch          ] [   30] acc (v/n): 63.9% (87.0% 72.5%) recall (v/n): 54.9% (47.9% 59.4%) [mem: 9.22e+03] [data: 217.8 ms]
[INFO    ][2026-09-15 02:02:03][root                ][train_one_epoch          ] [   40] acc (v/n): 64.2% (86.4% 72.8%) recall (v/n): 55.8% (48.4% 61.1%) [mem: 9.22e+03] [data: 168.5 ms]
[INFO    ][2026-09-15 02:02:25][root                ][train_one_epoch          ] [   50] acc (v/n): 64.7% (86.9% 74.0%) recall (v/n): 56.7% (51.7% 60.5%) [mem: 9.22e+03] [data: 138.6 ms]
[INFO    ][2026-09-15 02:02:47][root                ][train_one_epoch          ] [   60] acc (v/n): 65.1% (87.1% 74.7%) recall (v/n): 56.6% (50.9% 60.3%) [mem: 9.22e+03] [data: 118.5 ms]
[INFO    ][2026-09-15 02:03:09][root                ][train_one_epoch          ] [   70] acc (v/n): 65.1% (87.2% 74.8%) recall (v/n): 56.1% (51.3% 60.9%) [mem: 9.22e+03] [data: 104.1 ms]
[INFO    ][2026-09-15 02:03:31][root                ][train_one_epoch          ] [   80] acc (v/n): 64.9% (87.0% 74.7%) recall (v/n): 56.2% (51.9% 60.5%) [mem: 9.22e+03] [data: 93.2 ms]
[INFO    ][2026-09-15 02:03:53][root                ][train_one_epoch          ] [   90] acc (v/n): 64.4% (86.9% 74.3%) recall (v/n): 55.5% (51.9% 59.2%) [mem: 9.22e+03] [data: 84.7 ms]
[INFO    ][2026-09-15 02:04:15][root                ][train_one_epoch          ] [  100] acc (v/n): 64.4% (86.8% 74.4%) recall (v/n): 56.0% (52.7% 60.2%) [mem: 9.22e+03] [data: 77.9 ms]
[INFO    ][2026-09-15 02:04:37][root                ][train_one_epoch          ] [  110] acc (v/n): 64.6% (86.8% 74.6%) recall (v/n): 56.0% (52.8% 60.6%) [mem: 9.22e+03] [data: 72.4 ms]
[INFO    ][2026-09-15 02:04:59][root                ][train_one_epoch          ] [  120] acc (v/n): 64.4% (86.9% 74.5%) recall (v/n): 55.9% (53.7% 60.4%) [mem: 9.22e+03] [data: 67.7 ms]
[INFO    ][2026-09-15 02:05:22][root                ][train_one_epoch          ] [  130] acc (v/n): 64.6% (87.0% 74.6%) recall (v/n): 55.9% (54.7% 60.4%) [mem: 9.22e+03] [data: 63.8 ms]
[INFO    ][2026-09-15 02:05:44][root                ][train_one_epoch          ] [  140] acc (v/n): 64.6% (87.1% 74.7%) recall (v/n): 55.7% (54.2% 61.5%) [mem: 9.22e+03] [data: 60.4 ms]
[INFO    ][2026-09-15 02:06:06][root                ][train_one_epoch          ] [  150] acc (v/n): 64.4% (87.0% 74.6%) recall (v/n): 55.4% (54.4% 61.6%) [mem: 9.22e+03] [data: 57.4 ms]
[INFO    ][2026-09-15 02:06:28][root                ][train_one_epoch          ] [  160] acc (v/n): 64.3% (86.8% 74.5%) recall (v/n): 55.6% (53.2% 61.2%) [mem: 9.22e+03] [data: 54.9 ms]
[INFO    ][2026-09-15 02:06:50][root                ][train_one_epoch          ] [  170] acc (v/n): 64.4% (86.8% 74.5%) recall (v/n): 55.8% (53.5% 61.5%) [mem: 9.22e+03] [data: 52.7 ms]
[INFO    ][2026-09-15 02:07:12][root                ][train_one_epoch          ] [  180] acc (v/n): 64.4% (86.8% 74.5%) recall (v/n): 55.8% (54.0% 61.5%) [mem: 9.22e+03] [data: 50.7 ms]
[INFO    ][2026-09-15 02:07:34][root                ][train_one_epoch          ] [  190] acc (v/n): 64.3% (86.7% 74.2%) recall (v/n): 55.8% (53.7% 61.2%) [mem: 9.22e+03] [data: 48.9 ms]
[INFO    ][2026-09-15 02:07:56][root                ][train_one_epoch          ] [  200] acc (v/n): 64.1% (86.5% 74.1%) recall (v/n): 56.1% (54.2% 61.4%) [mem: 9.22e+03] [data: 47.3 ms]
[INFO    ][2026-09-15 02:08:18][root                ][train_one_epoch          ] [  210] acc (v/n): 64.1% (86.5% 74.2%) recall (v/n): 56.4% (54.1% 62.3%) [mem: 9.22e+03] [data: 45.8 ms]
[INFO    ][2026-09-15 02:08:40][root                ][train_one_epoch          ] [  220] acc (v/n): 64.1% (86.5% 74.1%) recall (v/n): 56.3% (54.1% 62.5%) [mem: 9.22e+03] [data: 44.5 ms]
[INFO    ][2026-09-15 02:09:02][root                ][train_one_epoch          ] [  230] acc (v/n): 64.1% (86.5% 74.1%) recall (v/n): 56.3% (53.2% 62.3%) [mem: 9.22e+03] [data: 43.3 ms]
[INFO    ][2026-09-15 02:09:24][root                ][train_one_epoch          ] [  240] acc (v/n): 64.1% (86.6% 74.1%) recall (v/n): 56.1% (53.2% 62.2%) [mem: 9.22e+03] [data: 42.1 ms]
[INFO    ][2026-09-15 02:09:46][root                ][train_one_epoch          ] [  250] acc (v/n): 64.1% (86.6% 74.2%) recall (v/n): 56.0% (53.2% 62.3%) [mem: 9.22e+03] [data: 41.1 ms]
[INFO    ][2026-09-15 02:10:08][root                ][train_one_epoch          ] [  260] acc (v/n): 64.1% (86.6% 74.1%) recall (v/n): 56.1% (53.2% 62.3%) [mem: 9.22e+03] [data: 40.1 ms]
[INFO    ][2026-09-15 02:10:30][root                ][train_one_epoch          ] [  270] acc (v/n): 64.1% (86.6% 74.0%) recall (v/n): 56.1% (54.0% 62.8%) [mem: 9.22e+03] [data: 39.2 ms]
[INFO    ][2026-09-15 02:10:53][root                ][train_one_epoch          ] [  280] acc (v/n): 64.1% (86.6% 74.0%) recall (v/n): 56.4% (52.9% 63.0%) [mem: 9.22e+03] [data: 38.4 ms]
[INFO    ][2026-09-15 02:11:15][root                ][train_one_epoch          ] [  290] acc (v/n): 64.2% (86.6% 74.1%) recall (v/n): 56.6% (53.3% 63.3%) [mem: 9.22e+03] [data: 37.6 ms]
[INFO    ][2026-09-15 02:11:37][root                ][train_one_epoch          ] [  300] acc (v/n): 64.2% (86.6% 74.1%) recall (v/n): 56.6% (52.7% 63.6%) [mem: 9.22e+03] [data: 36.9 ms]
[INFO    ][2026-09-15 02:11:59][root                ][train_one_epoch          ] [  310] acc (v/n): 64.2% (86.6% 74.1%) recall (v/n): 56.7% (53.5% 63.7%) [mem: 9.22e+03] [data: 36.2 ms]
[INFO    ][2026-09-15 02:12:21][root                ][train_one_epoch          ] [  320] acc (v/n): 64.2% (86.6% 74.1%) recall (v/n): 56.8% (53.5% 64.0%) [mem: 9.22e+03] [data: 35.6 ms]
[INFO    ][2026-09-15 02:12:43][root                ][train_one_epoch          ] [  330] acc (v/n): 64.2% (86.6% 74.1%) recall (v/n): 56.9% (53.8% 64.0%) [mem: 9.22e+03] [data: 35.0 ms]
[INFO    ][2026-09-15 02:13:05][root                ][train_one_epoch          ] [  340] acc (v/n): 64.2% (86.6% 74.1%) recall (v/n): 57.1% (53.3% 64.4%) [mem: 9.22e+03] [data: 34.5 ms]
[INFO    ][2026-09-15 02:13:27][root                ][train_one_epoch          ] [  350] acc (v/n): 64.2% (86.6% 74.2%) recall (v/n): 57.0% (53.8% 64.7%) [mem: 9.22e+03] [data: 33.9 ms]
[INFO    ][2026-09-15 02:13:49][root                ][train_one_epoch          ] [  360] acc (v/n): 64.3% (86.7% 74.2%) recall (v/n): 56.9% (54.3% 64.4%) [mem: 9.22e+03] [data: 33.4 ms]
[INFO    ][2026-09-15 02:14:11][root                ][train_one_epoch          ] [  370] acc (v/n): 64.3% (86.6% 74.2%) recall (v/n): 56.7% (53.9% 64.7%) [mem: 9.22e+03] [data: 33.0 ms]
[INFO    ][2026-09-15 02:14:51][root                ][train_one_epoch          ] [  380] acc (v/n): 64.2% (86.6% 74.2%) recall (v/n): 56.9% (53.8% 64.8%) [mem: 9.22e+03] [data: 32.5 ms]
[INFO    ][2026-09-15 02:15:13][root                ][train_one_epoch          ] [  390] acc (v/n): 64.2% (86.7% 74.2%) recall (v/n): 56.8% (54.3% 65.2%) [mem: 9.22e+03] [data: 32.1 ms]
[INFO    ][2026-09-15 02:15:35][root                ][train_one_epoch          ] [  400] acc (v/n): 64.3% (86.7% 74.3%) recall (v/n): 56.8% (55.4% 65.0%) [mem: 9.22e+03] [data: 31.7 ms]
[INFO    ][2026-09-15 02:15:57][root                ][train_one_epoch          ] [  410] acc (v/n): 64.2% (86.7% 74.3%) recall (v/n): 56.7% (55.8% 64.8%) [mem: 9.22e+03] [data: 31.3 ms]
[INFO    ][2026-09-15 02:16:19][root                ][train_one_epoch          ] [  420] acc (v/n): 64.2% (86.7% 74.3%) recall (v/n): 56.6% (56.0% 64.6%) [mem: 9.22e+03] [data: 30.9 ms]
[INFO    ][2026-09-15 02:16:41][root                ][train_one_epoch          ] [  430] acc (v/n): 64.3% (86.7% 74.3%) recall (v/n): 56.9% (56.2% 64.8%) [mem: 9.22e+03] [data: 30.6 ms]
[INFO    ][2026-09-15 02:17:03][root                ][train_one_epoch          ] [  440] acc (v/n): 64.4% (86.6% 74.4%) recall (v/n): 57.1% (56.1% 64.8%) [mem: 9.22e+03] [data: 30.3 ms]
[INFO    ][2026-09-15 02:17:25][root                ][train_one_epoch          ] [  450] acc (v/n): 64.4% (86.6% 74.4%) recall (v/n): 57.2% (56.0% 64.7%) [mem: 9.22e+03] [data: 29.9 ms]
[INFO    ][2026-09-15 02:17:48][root                ][train_one_epoch          ] [  460] acc (v/n): 64.3% (86.6% 74.4%) recall (v/n): 57.3% (56.2% 64.5%) [mem: 9.22e+03] [data: 29.6 ms]
[INFO    ][2026-09-15 02:18:10][root                ][train_one_epoch          ] [  470] acc (v/n): 64.4% (86.6% 74.5%) recall (v/n): 57.5% (56.4% 65.0%) [mem: 9.22e+03] [data: 29.3 ms]
[INFO    ][2026-09-15 02:18:32][root                ][train_one_epoch          ] [  480] acc (v/n): 64.4% (86.6% 74.5%) recall (v/n): 57.5% (56.3% 64.9%) [mem: 9.22e+03] [data: 29.0 ms]
[INFO    ][2026-09-15 02:18:56][root                ][train_one_epoch          ] [  490] acc (v/n): 64.4% (86.6% 74.5%) recall (v/n): 57.7% (56.3% 65.2%) [mem: 9.22e+03] [data: 28.8 ms]
[INFO    ][2026-09-15 02:19:43][root                ][train_one_epoch          ] [  500] acc (v/n): 64.5% (86.6% 74.5%) recall (v/n): 57.6% (56.3% 65.6%) [mem: 9.22e+03] [data: 28.5 ms]
[INFO    ][2026-09-15 02:20:19][root                ][train_one_epoch          ] [  510] acc (v/n): 64.5% (86.6% 74.6%) recall (v/n): 57.8% (56.6% 65.8%) [mem: 9.22e+03] [data: 28.3 ms]
[INFO    ][2026-09-15 02:20:49][root                ][train_one_epoch          ] [  520] acc (v/n): 64.5% (86.6% 74.6%) recall (v/n): 57.9% (56.6% 65.8%) [mem: 9.22e+03] [data: 28.0 ms]
[INFO    ][2026-09-15 02:21:03][root                ][train_one_epoch          ] [  524] acc (v/n): 64.5% (86.5% 74.6%) recall (v/n): 57.8% (56.5% 65.8%) [mem: 9.22e+03] [data: 27.9 ms]
[INFO    ][2026-09-15 02:21:18][root                ][validate_exact           ] [exact val] itr 0  clips so far (this rank) 16
[INFO    ][2026-09-15 02:22:43][root                ][validate_exact           ] [exact val] itr 50  clips so far (this rank) 796
[INFO    ][2026-09-15 02:24:07][root                ][validate_exact           ] [exact val] itr 100  clips so far (this rank) 1573
[INFO    ][2026-09-15 02:24:45][root                ][main                     ] [exact val] epoch 20  n_clips 9296/9296  mean class recall@5  action 18.41  verb 32.05  noun 34.81
[INFO    ][2026-09-15 02:24:45][root                ][main                     ] [   20] train acc (v/n): 64.5% (86.5% 74.6%) train recall (v/n): 57.8% (56.5% 65.8%) val acc (v/n): 40.7% (81.4% 59.1%) val recall (v/n): 18.4% (32.0% 34.8%) 
[rank3]:[W915 02:24:46.975358260 ProcessGroupNCCL.cpp:1647] Warning: WARNING: destroy_process_group() was not called before program exit, which can leak resources. For more info, please see https://pytorch.org/docs/stable/distributed.html#shutdown (function operator())
[rank2]:[W915 02:24:46.976773603 ProcessGroupNCCL.cpp:1647] Warning: WARNING: destroy_process_group() was not called before program exit, which can leak resources. For more info, please see https://pytorch.org/docs/stable/distributed.html#shutdown (function operator())
[rank6]:[W915 02:24:46.989845705 ProcessGroupNCCL.cpp:1647] Warning: WARNING: destroy_process_group() was not called before program exit, which can leak resources. For more info, please see https://pytorch.org/docs/stable/distributed.html#shutdown (function operator())
[rank1]:[W915 02:24:46.990506086 ProcessGroupNCCL.cpp:1647] Warning: WARNING: destroy_process_group() was not called before program exit, which can leak resources. For more info, please see https://pytorch.org/docs/stable/distributed.html#shutdown (function operator())
[rank7]:[W915 02:24:46.991287288 ProcessGroupNCCL.cpp:1647] Warning: WARNING: destroy_process_group() was not called before program exit, which can leak resources. For more info, please see https://pytorch.org/docs/stable/distributed.html#shutdown (function operator())
[rank4]:[W915 02:24:46.000383155 ProcessGroupNCCL.cpp:1647] Warning: WARNING: destroy_process_group() was not called before program exit, which can leak resources. For more info, please see https://pytorch.org/docs/stable/distributed.html#shutdown (function operator())
[rank5]:[W915 02:24:46.016958453 ProcessGroupNCCL.cpp:1647] Warning: WARNING: destroy_process_group() was not called before program exit, which can leak resources. For more info, please see https://pytorch.org/docs/stable/distributed.html#shutdown (function operator())
[rank0]:[W915 02:24:48.390888647 ProcessGroupNCCL.cpp:1647] Warning: WARNING: destroy_process_group() was not called before program exit, which can leak resources. For more info, please see https://pytorch.org/docs/stable/distributed.html#shutdown (function operator())
/data/hyuntak/project/2026/2027_cvpr/vjepa2/z_research/anticipation/EK100/run.sh: line 46: syntax error near unexpected token `)'
slurmstepd: error: Detected 5 oom-kill event(s) in StepId=213011.batch. Some of your processes may have been killed by the cgroup out-of-memory handler.
