==============================================================================
tag         ek100_vith_official256_released_grid8   (새로 시작)
모델        vit_huge  mask_index=0  no_predictor=False
입력        32 frames @ 8 fps, 256x256, spatial=short_side
프로토콜    ap=released  time=frame_fixfps  train at [0.25, 1.75] ap [0.0, 0.25]  val at [1.0, 1.0] ap [0.0, 0.0]
probe       blocks 4, heads 8 개 sweep — 지표는 head 중 max
batch       16 x 8 GPU = global 128  (논문 128)   epoch 20
비디오      /data2/local_datasets/EPIC-KITCHENS_resized  (train 495/495 · val 138/138 있음)
출력        /data/hyuntak/project/2026/2027_cvpr/vjepa2/z_research/anticipation/EK100/exp_results/action_anticipation_frozen/ek100_vith_official256_released_grid8
==============================================================================
/data/hyuntak/project/2026/2027_cvpr/vjepa2/z_research/anticipation/EK100/exp_results/action_anticipation_frozen/ek100_vith_official256_released_grid8/_resolved.yaml
port 23732  log /data/hyuntak/project/2026/2027_cvpr/vjepa2/z_research/anticipation/EK100/exp_results/action_anticipation_frozen/ek100_vith_official256_released_grid8/stdout.log
[INFO    ][2026-09-15 19:06:38][root                ][process_main             ] called-params /data/hyuntak/project/2026/2027_cvpr/vjepa2/z_research/anticipation/EK100/exp_results/action_anticipation_frozen/ek100_vith_official256_released_grid8/_resolved.yaml
[INFO    ][2026-09-15 19:06:38][root                ][process_main             ] loaded params...
{   'cpus_per_task': 12,
    'eval_name': 'action_anticipation_frozen',
    'experiment': {   'classifier': {'num_heads': 16, 'num_probe_blocks': 4},
                      'data': {   'anticipation_point_mode': 'released',
                                  'anticipation_time_sec': [1.0, 1.0],
                                  'auto_augment': True,
                                  'base_path': '/data2/local_datasets/EPIC-KITCHENS_resized',
                                  'dataset': 'EK100',
                                  'dataset_train': '/data/hyuntak/project/2026/2027_cvpr/epic-kitchens-100-annotations/EPIC_100_train.csv',
                                  'dataset_val': '/data/hyuntak/project/2026/2027_cvpr/epic-kitchens-100-annotations/EPIC_100_validation.csv',
                                  'file_format': 0,
                                  'frames_per_clip': 32,
                                  'frames_per_second': 8,
                                  'limit_videos': None,
                                  'motion_shift': False,
                                  'num_workers': 6,
                                  'pin_memory': True,
                                  'random_resize_scale': [0.08, 1.0],
                                  'reprob': 0.25,
                                  'resolution': 256,
                                  'spatial_mode': 'short_side',
                                  'time_source': 'frame_fixfps',
                                  'train_anticipation_point': [0.0, 0.25],
                                  'train_anticipation_time_sec': [0.25, 1.75],
                                  'train_spatial_mode': 'rrc',
                                  'val_anticipation_point': [0.0, 0.0],
                                  'width': None},
                      'evaluation': {'exact_val_pass': True, 'topk': 5},
                      'optimization': {   'batch_size': 16,
                                          'multihead_kwargs': [   {   'final_lr': 0.0,
                                                                      'final_weight_decay': 0.0001,
                                                                      'lr': 0.0003,
                                                                      'start_lr': 0.0003,
                                                                      'warmup': 0.0,
                                                                      'weight_decay': 0.0001},
                                                                  {   'final_lr': 0.0,
                                                                      'final_weight_decay': 0.0001,
                                                                      'lr': 0.0001,
                                                                      'start_lr': 0.0001,
                                                                      'warmup': 0.0,
                                                                      'weight_decay': 0.0001},
                                                                  {   'final_lr': 0.0,
                                                                      'final_weight_decay': 0.001,
                                                                      'lr': 0.0003,
                                                                      'start_lr': 0.0003,
                                                                      'warmup': 0.0,
                                                                      'weight_decay': 0.001},
                                                                  {   'final_lr': 0.0,
                                                                      'final_weight_decay': 0.001,
                                                                      'lr': 0.0001,
                                                                      'start_lr': 0.0001,
                                                                      'warmup': 0.0,
                                                                      'weight_decay': 0.001},
                                                                  {   'final_lr': 0.0,
                                                                      'final_weight_decay': 0.01,
                                                                      'lr': 0.0003,
                                                                      'start_lr': 0.0003,
                                                                      'warmup': 0.0,
                                                                      'weight_decay': 0.01},
                                                                  {   'final_lr': 0.0,
                                                                      'final_weight_decay': 0.01,
                                                                      'lr': 0.0001,
                                                                      'start_lr': 0.0001,
                                                                      'warmup': 0.0,
                                                                      'weight_decay': 0.01},
                                                                  {   'final_lr': 0.0,
                                                                      'final_weight_decay': 0.1,
                                                                      'lr': 0.0003,
                                                                      'start_lr': 0.0003,
                                                                      'warmup': 0.0,
                                                                      'weight_decay': 0.1},
                                                                  {   'final_lr': 0.0,
                                                                      'final_weight_decay': 0.1,
                                                                      'lr': 0.0001,
                                                                      'start_lr': 0.0001,
                                                                      'warmup': 0.0,
                                                                      'weight_decay': 0.1}],
                                          'num_epochs': 20,
                                          'use_bfloat16': True,
                                          'use_focal_loss': True}},
    'folder': '/data/hyuntak/project/2026/2027_cvpr/vjepa2/z_research/anticipation/EK100/exp_results',
    'model_kwargs': {   'checkpoint': '/data/hyuntak/project/2026/2027_cvpr/vjepa2/checkpoint/models--facebook--vjepa2-vith-fpc64-256/snapshots/b5eac8703e3efdc1547fbb6ddfbeb133dc0bdee5/original/model.pth',
                        'module_name': 'evals.action_anticipation_frozen.modelcustom.vit_encoder_predictor_concat_ar_nonsquare',
                        'pretrain_kwargs': {   'encoder': {   'checkpoint_key': 'target_encoder',
                                                              'model_name': 'vit_huge',
                                                              'patch_size': 16,
                                                              'tubelet_size': 2,
                                                              'uniform_power': True,
                                                              'use_rope': True},
                                               'predictor': {   'checkpoint_key': 'predictor',
                                                                'depth': 12,
                                                                'model_name': 'vit_predictor',
                                                                'num_frames': 64,
                                                                'num_heads': 12,
                                                                'num_mask_tokens': 10,
                                                                'predictor_embed_dim': 384,
                                                                'uniform_power': True,
                                                                'use_mask_tokens': True,
                                                                'use_rope': True,
                                                                'use_sdpa': True,
                                                                'use_silu': False,
                                                                'wide_silu': False}},
                        'wrapper_kwargs': {   'mask_index': 0,
                                              'no_predictor': False,
                                              'num_output_frames': 2,
                                              'num_steps': 1}},
    'nodes': 1,
    'resume_checkpoint': True,
    'tag': 'ek100_vith_official256_released_grid8',
    'tasks_per_node': 8,
    'use_fsdp': False}
[INFO    ][2026-09-15 19:06:38][root                ][process_main             ] Running... (rank: 0/8)
[INFO    ][2026-09-15 19:06:38][Eval runner scaffold][main                     ] Running evaluation: action_anticipation_frozen
/data/hyuntak/anaconda3/envs/vjepa2/lib/python3.12/site-packages/timm/models/layers/__init__.py:49: FutureWarning: Importing from timm.models.layers is deprecated, please import via timm.layers
  warnings.warn(f"Importing from {__name__} is deprecated, please import via timm.layers", FutureWarning)
/data/hyuntak/anaconda3/envs/vjepa2/lib/python3.12/site-packages/timm/models/layers/__init__.py:49: FutureWarning: Importing from timm.models.layers is deprecated, please import via timm.layers
  warnings.warn(f"Importing from {__name__} is deprecated, please import via timm.layers", FutureWarning)
/data/hyuntak/anaconda3/envs/vjepa2/lib/python3.12/site-packages/timm/models/layers/__init__.py:49: FutureWarning: Importing from timm.models.layers is deprecated, please import via timm.layers
  warnings.warn(f"Importing from {__name__} is deprecated, please import via timm.layers", FutureWarning)
/data/hyuntak/anaconda3/envs/vjepa2/lib/python3.12/site-packages/timm/models/layers/__init__.py:49: FutureWarning: Importing from timm.models.layers is deprecated, please import via timm.layers
  warnings.warn(f"Importing from {__name__} is deprecated, please import via timm.layers", FutureWarning)
/data/hyuntak/anaconda3/envs/vjepa2/lib/python3.12/site-packages/timm/models/layers/__init__.py:49: FutureWarning: Importing from timm.models.layers is deprecated, please import via timm.layers
  warnings.warn(f"Importing from {__name__} is deprecated, please import via timm.layers", FutureWarning)
/data/hyuntak/anaconda3/envs/vjepa2/lib/python3.12/site-packages/timm/models/layers/__init__.py:49: FutureWarning: Importing from timm.models.layers is deprecated, please import via timm.layers
  warnings.warn(f"Importing from {__name__} is deprecated, please import via timm.layers", FutureWarning)
/data/hyuntak/anaconda3/envs/vjepa2/lib/python3.12/site-packages/timm/models/layers/__init__.py:49: FutureWarning: Importing from timm.models.layers is deprecated, please import via timm.layers
  warnings.warn(f"Importing from {__name__} is deprecated, please import via timm.layers", FutureWarning)
/data/hyuntak/anaconda3/envs/vjepa2/lib/python3.12/site-packages/timm/models/layers/__init__.py:49: FutureWarning: Importing from timm.models.layers is deprecated, please import via timm.layers
  warnings.warn(f"Importing from {__name__} is deprecated, please import via timm.layers", FutureWarning)
[INFO    ][2026-09-15 19:06:48][root                ][main                     ] Initialized (rank/world-size) 6/8
[INFO    ][2026-09-15 19:06:48][root                ][main                     ] Initialized (rank/world-size) 5/8
[INFO    ][2026-09-15 19:06:48][root                ][main                     ] Initialized (rank/world-size) 7/8
[INFO    ][2026-09-15 19:06:48][root                ][main                     ] Initialized (rank/world-size) 4/8
[INFO    ][2026-09-15 19:06:48][root                ][main                     ] Initialized (rank/world-size) 3/8
[INFO    ][2026-09-15 19:06:48][root                ][main                     ] Initialized (rank/world-size) 2/8
[INFO    ][2026-09-15 19:06:48][root                ][main                     ] Initialized (rank/world-size) 1/8
[INFO    ][2026-09-15 19:06:48][root                ][main                     ] Initialized (rank/world-size) 0/8
[INFO    ][2026-09-15 19:06:50][root                ][init_module              ] Loading pretrained model from /data/hyuntak/project/2026/2027_cvpr/vjepa2/checkpoint/models--facebook--vjepa2-vith-fpc64-256/snapshots/b5eac8703e3efdc1547fbb6ddfbeb133dc0bdee5/original/model.pth (input 256x256)
[INFO    ][2026-09-15 19:06:50][root                ][init_module              ] Loading pretrained model from /data/hyuntak/project/2026/2027_cvpr/vjepa2/checkpoint/models--facebook--vjepa2-vith-fpc64-256/snapshots/b5eac8703e3efdc1547fbb6ddfbeb133dc0bdee5/original/model.pth (input 256x256)
[INFO    ][2026-09-15 19:06:51][root                ][init_module              ] Loading pretrained model from /data/hyuntak/project/2026/2027_cvpr/vjepa2/checkpoint/models--facebook--vjepa2-vith-fpc64-256/snapshots/b5eac8703e3efdc1547fbb6ddfbeb133dc0bdee5/original/model.pth (input 256x256)
[INFO    ][2026-09-15 19:06:51][root                ][init_module              ] Loading pretrained model from /data/hyuntak/project/2026/2027_cvpr/vjepa2/checkpoint/models--facebook--vjepa2-vith-fpc64-256/snapshots/b5eac8703e3efdc1547fbb6ddfbeb133dc0bdee5/original/model.pth (input 256x256)
[INFO    ][2026-09-15 19:06:51][root                ][init_module              ] Loading pretrained model from /data/hyuntak/project/2026/2027_cvpr/vjepa2/checkpoint/models--facebook--vjepa2-vith-fpc64-256/snapshots/b5eac8703e3efdc1547fbb6ddfbeb133dc0bdee5/original/model.pth (input 256x256)
[INFO    ][2026-09-15 19:06:51][root                ][init_module              ] Loading pretrained model from /data/hyuntak/project/2026/2027_cvpr/vjepa2/checkpoint/models--facebook--vjepa2-vith-fpc64-256/snapshots/b5eac8703e3efdc1547fbb6ddfbeb133dc0bdee5/original/model.pth (input 256x256)
[INFO    ][2026-09-15 19:06:51][root                ][init_module              ] Loading pretrained model from /data/hyuntak/project/2026/2027_cvpr/vjepa2/checkpoint/models--facebook--vjepa2-vith-fpc64-256/snapshots/b5eac8703e3efdc1547fbb6ddfbeb133dc0bdee5/original/model.pth (input 256x256)
[INFO    ][2026-09-15 19:06:51][root                ][init_module              ] Loading pretrained model from /data/hyuntak/project/2026/2027_cvpr/vjepa2/checkpoint/models--facebook--vjepa2-vith-fpc64-256/snapshots/b5eac8703e3efdc1547fbb6ddfbeb133dc0bdee5/original/model.pth (input 256x256)
[INFO    ][2026-09-15 19:07:45][root                ][init_module              ] loaded pretrained encoder with msg: <All keys matched successfully>
[INFO    ][2026-09-15 19:07:45][root                ][init_module              ] loaded pretrained encoder with msg: <All keys matched successfully>
[INFO    ][2026-09-15 19:07:45][root                ][init_module              ] loaded pretrained encoder with msg: <All keys matched successfully>
[INFO    ][2026-09-15 19:07:45][root                ][init_module              ] loaded pretrained encoder with msg: <All keys matched successfully>
[INFO    ][2026-09-15 19:07:45][root                ][init_module              ] loaded pretrained encoder with msg: <All keys matched successfully>
[INFO    ][2026-09-15 19:07:45][root                ][init_module              ] loaded pretrained predictor with msg: <All keys matched successfully>
[INFO    ][2026-09-15 19:07:45][root                ][_inject_grid_into_predictor] injected (H_patches, W_patches)=(16, 16) into 12 predictor blocks
/data/hyuntak/project/2026/2027_cvpr/vjepa2/evals/action_anticipation_frozen/modelcustom/vit_encoder_predictor_concat_ar_nonsquare.py:166: UserWarning: Converting a tensor with requires_grad=True to a scalar may lead to unexpected behavior.
Consider using tensor.detach() first. (Triggered internally at /pytorch/torch/csrc/autograd/generated/python_variable_methods.cpp:838.)
  norms = [float(predictor.mask_tokens[i].float().norm()) for i in range(len(predictor.mask_tokens))]
[INFO    ][2026-09-15 19:07:45][root                ][init_module              ] predictor mask_token norms: [0]=0.6706, [1]=0.0000, [2]=0.0000, [3]=0.0000, [4]=0.0000, [5]=0.0000, [6]=0.0000, [7]=0.0000, [8]=0.0000, [9]=0.0000
[INFO    ][2026-09-15 19:07:45][root                ][__init__                 ] AnticipativeWrapper: grid=(16, 16) tokens/tubelet=256 mask_index=0 num_output_frames=2 num_steps=1
[INFO    ][2026-09-15 19:07:45][root                ][init_module              ] loaded pretrained encoder with msg: <All keys matched successfully>
[INFO    ][2026-09-15 19:07:45][root                ][init_module              ] loaded pretrained predictor with msg: <All keys matched successfully>
[INFO    ][2026-09-15 19:07:45][root                ][_inject_grid_into_predictor] injected (H_patches, W_patches)=(16, 16) into 12 predictor blocks
[INFO    ][2026-09-15 19:07:45][root                ][init_module              ] loaded pretrained predictor with msg: <All keys matched successfully>
[INFO    ][2026-09-15 19:07:45][root                ][_inject_grid_into_predictor] injected (H_patches, W_patches)=(16, 16) into 12 predictor blocks
/data/hyuntak/project/2026/2027_cvpr/vjepa2/evals/action_anticipation_frozen/modelcustom/vit_encoder_predictor_concat_ar_nonsquare.py:166: UserWarning: Converting a tensor with requires_grad=True to a scalar may lead to unexpected behavior.
Consider using tensor.detach() first. (Triggered internally at /pytorch/torch/csrc/autograd/generated/python_variable_methods.cpp:838.)
  norms = [float(predictor.mask_tokens[i].float().norm()) for i in range(len(predictor.mask_tokens))]
/data/hyuntak/project/2026/2027_cvpr/vjepa2/evals/action_anticipation_frozen/modelcustom/vit_encoder_predictor_concat_ar_nonsquare.py:166: UserWarning: Converting a tensor with requires_grad=True to a scalar may lead to unexpected behavior.
Consider using tensor.detach() first. (Triggered internally at /pytorch/torch/csrc/autograd/generated/python_variable_methods.cpp:838.)
  norms = [float(predictor.mask_tokens[i].float().norm()) for i in range(len(predictor.mask_tokens))]
[INFO    ][2026-09-15 19:07:45][root                ][init_module              ] predictor mask_token norms: [0]=0.6706, [1]=0.0000, [2]=0.0000, [3]=0.0000, [4]=0.0000, [5]=0.0000, [6]=0.0000, [7]=0.0000, [8]=0.0000, [9]=0.0000
[INFO    ][2026-09-15 19:07:45][root                ][__init__                 ] AnticipativeWrapper: grid=(16, 16) tokens/tubelet=256 mask_index=0 num_output_frames=2 num_steps=1
[INFO    ][2026-09-15 19:07:45][root                ][init_module              ] predictor mask_token norms: [0]=0.6706, [1]=0.0000, [2]=0.0000, [3]=0.0000, [4]=0.0000, [5]=0.0000, [6]=0.0000, [7]=0.0000, [8]=0.0000, [9]=0.0000
[INFO    ][2026-09-15 19:07:45][root                ][__init__                 ] AnticipativeWrapper: grid=(16, 16) tokens/tubelet=256 mask_index=0 num_output_frames=2 num_steps=1
[INFO    ][2026-09-15 19:07:45][root                ][init_module              ] loaded pretrained encoder with msg: <All keys matched successfully>
[INFO    ][2026-09-15 19:07:45][root                ][init_module              ] loaded pretrained encoder with msg: <All keys matched successfully>
[INFO    ][2026-09-15 19:07:45][root                ][init_module              ] loaded pretrained predictor with msg: <All keys matched successfully>
[INFO    ][2026-09-15 19:07:45][root                ][_inject_grid_into_predictor] injected (H_patches, W_patches)=(16, 16) into 12 predictor blocks
/data/hyuntak/project/2026/2027_cvpr/vjepa2/evals/action_anticipation_frozen/modelcustom/vit_encoder_predictor_concat_ar_nonsquare.py:166: UserWarning: Converting a tensor with requires_grad=True to a scalar may lead to unexpected behavior.
Consider using tensor.detach() first. (Triggered internally at /pytorch/torch/csrc/autograd/generated/python_variable_methods.cpp:838.)
  norms = [float(predictor.mask_tokens[i].float().norm()) for i in range(len(predictor.mask_tokens))]
[INFO    ][2026-09-15 19:07:45][root                ][init_module              ] predictor mask_token norms: [0]=0.6706, [1]=0.0000, [2]=0.0000, [3]=0.0000, [4]=0.0000, [5]=0.0000, [6]=0.0000, [7]=0.0000, [8]=0.0000, [9]=0.0000
[INFO    ][2026-09-15 19:07:45][root                ][__init__                 ] AnticipativeWrapper: grid=(16, 16) tokens/tubelet=256 mask_index=0 num_output_frames=2 num_steps=1
[INFO    ][2026-09-15 19:07:45][root                ][init_module              ] loaded pretrained predictor with msg: <All keys matched successfully>
[INFO    ][2026-09-15 19:07:45][root                ][_inject_grid_into_predictor] injected (H_patches, W_patches)=(16, 16) into 12 predictor blocks
/data/hyuntak/project/2026/2027_cvpr/vjepa2/evals/action_anticipation_frozen/modelcustom/vit_encoder_predictor_concat_ar_nonsquare.py:166: UserWarning: Converting a tensor with requires_grad=True to a scalar may lead to unexpected behavior.
Consider using tensor.detach() first. (Triggered internally at /pytorch/torch/csrc/autograd/generated/python_variable_methods.cpp:838.)
  norms = [float(predictor.mask_tokens[i].float().norm()) for i in range(len(predictor.mask_tokens))]
[INFO    ][2026-09-15 19:07:45][root                ][init_module              ] predictor mask_token norms: [0]=0.6706, [1]=0.0000, [2]=0.0000, [3]=0.0000, [4]=0.0000, [5]=0.0000, [6]=0.0000, [7]=0.0000, [8]=0.0000, [9]=0.0000
[INFO    ][2026-09-15 19:07:45][root                ][__init__                 ] AnticipativeWrapper: grid=(16, 16) tokens/tubelet=256 mask_index=0 num_output_frames=2 num_steps=1
[INFO    ][2026-09-15 19:07:45][root                ][init_module              ] loaded pretrained predictor with msg: <All keys matched successfully>
[INFO    ][2026-09-15 19:07:45][root                ][_inject_grid_into_predictor] injected (H_patches, W_patches)=(16, 16) into 12 predictor blocks
/data/hyuntak/project/2026/2027_cvpr/vjepa2/evals/action_anticipation_frozen/modelcustom/vit_encoder_predictor_concat_ar_nonsquare.py:166: UserWarning: Converting a tensor with requires_grad=True to a scalar may lead to unexpected behavior.
Consider using tensor.detach() first. (Triggered internally at /pytorch/torch/csrc/autograd/generated/python_variable_methods.cpp:838.)
  norms = [float(predictor.mask_tokens[i].float().norm()) for i in range(len(predictor.mask_tokens))]
[INFO    ][2026-09-15 19:07:45][root                ][init_module              ] predictor mask_token norms: [0]=0.6706, [1]=0.0000, [2]=0.0000, [3]=0.0000, [4]=0.0000, [5]=0.0000, [6]=0.0000, [7]=0.0000, [8]=0.0000, [9]=0.0000
[INFO    ][2026-09-15 19:07:45][root                ][__init__                 ] AnticipativeWrapper: grid=(16, 16) tokens/tubelet=256 mask_index=0 num_output_frames=2 num_steps=1
[INFO    ][2026-09-15 19:07:45][root                ][init_module              ] loaded pretrained predictor with msg: <All keys matched successfully>
[INFO    ][2026-09-15 19:07:45][root                ][_inject_grid_into_predictor] injected (H_patches, W_patches)=(16, 16) into 12 predictor blocks
[INFO    ][2026-09-15 19:07:45][root                ][init_module              ] loaded pretrained predictor with msg: <All keys matched successfully>
[INFO    ][2026-09-15 19:07:45][root                ][_inject_grid_into_predictor] injected (H_patches, W_patches)=(16, 16) into 12 predictor blocks
/data/hyuntak/project/2026/2027_cvpr/vjepa2/evals/action_anticipation_frozen/modelcustom/vit_encoder_predictor_concat_ar_nonsquare.py:166: UserWarning: Converting a tensor with requires_grad=True to a scalar may lead to unexpected behavior.
Consider using tensor.detach() first. (Triggered internally at /pytorch/torch/csrc/autograd/generated/python_variable_methods.cpp:838.)
  norms = [float(predictor.mask_tokens[i].float().norm()) for i in range(len(predictor.mask_tokens))]
[INFO    ][2026-09-15 19:07:45][root                ][init_module              ] predictor mask_token norms: [0]=0.6706, [1]=0.0000, [2]=0.0000, [3]=0.0000, [4]=0.0000, [5]=0.0000, [6]=0.0000, [7]=0.0000, [8]=0.0000, [9]=0.0000
[INFO    ][2026-09-15 19:07:45][root                ][__init__                 ] AnticipativeWrapper: grid=(16, 16) tokens/tubelet=256 mask_index=0 num_output_frames=2 num_steps=1
/data/hyuntak/project/2026/2027_cvpr/vjepa2/evals/action_anticipation_frozen/modelcustom/vit_encoder_predictor_concat_ar_nonsquare.py:166: UserWarning: Converting a tensor with requires_grad=True to a scalar may lead to unexpected behavior.
Consider using tensor.detach() first. (Triggered internally at /pytorch/torch/csrc/autograd/generated/python_variable_methods.cpp:838.)
  norms = [float(predictor.mask_tokens[i].float().norm()) for i in range(len(predictor.mask_tokens))]
[INFO    ][2026-09-15 19:07:45][root                ][init_module              ] predictor mask_token norms: [0]=0.6706, [1]=0.0000, [2]=0.0000, [3]=0.0000, [4]=0.0000, [5]=0.0000, [6]=0.0000, [7]=0.0000, [8]=0.0000, [9]=0.0000
[INFO    ][2026-09-15 19:07:45][root                ][__init__                 ] AnticipativeWrapper: grid=(16, 16) tokens/tubelet=256 mask_index=0 num_output_frames=2 num_steps=1
AnticipativeWrapper(
  (encoder): VisionTransformer(
    (patch_embed): PatchEmbed3D(
      (proj): Conv3d(3, 1280, kernel_size=(2, 16, 16), stride=(2, 16, 16))
    )
    (blocks): ModuleList(
      (0-31): 32 x Block(
        (norm1): LayerNorm((1280,), eps=1e-06, elementwise_affine=True, bias=True)
        (attn): RoPEAttention(
          (qkv): Linear(in_features=1280, out_features=3840, bias=True)
          (attn_drop): Dropout(p=0.0, inplace=False)
          (proj): Linear(in_features=1280, out_features=1280, bias=True)
          (proj_drop): Dropout(p=0.0, inplace=False)
        )
        (drop_path): Identity()
        (norm2): LayerNorm((1280,), eps=1e-06, elementwise_affine=True, bias=True)
        (mlp): MLP(
          (fc1): Linear(in_features=1280, out_features=5120, bias=True)
          (act): GELU(approximate='none')
          (fc2): Linear(in_features=5120, out_features=1280, bias=True)
          (drop): Dropout(p=0.0, inplace=False)
        )
      )
    )
    (norm): LayerNorm((1280,), eps=1e-06, elementwise_affine=True, bias=True)
  )
  (predictor): VisionTransformerPredictor(
    (predictor_embed): Linear(in_features=1280, out_features=384, bias=True)
    (mask_tokens): ParameterList(
        (0): Parameter containing: [torch.float32 of size 1x1x384 (cuda:0)]
        (1): Parameter containing: [torch.float32 of size 1x1x384 (cuda:0)]
        (2): Parameter containing: [torch.float32 of size 1x1x384 (cuda:0)]
        (3): Parameter containing: [torch.float32 of size 1x1x384 (cuda:0)]
        (4): Parameter containing: [torch.float32 of size 1x1x384 (cuda:0)]
        (5): Parameter containing: [torch.float32 of size 1x1x384 (cuda:0)]
        (6): Parameter containing: [torch.float32 of size 1x1x384 (cuda:0)]
        (7): Parameter containing: [torch.float32 of size 1x1x384 (cuda:0)]
        (8): Parameter containing: [torch.float32 of size 1x1x384 (cuda:0)]
        (9): Parameter containing: [torch.float32 of size 1x1x384 (cuda:0)]
    )
    (predictor_blocks): ModuleList(
      (0-11): 12 x Block(
        (norm1): LayerNorm((384,), eps=1e-06, elementwise_affine=True, bias=True)
        (attn): RoPEAttention(
          (qkv): Linear(in_features=384, out_features=1152, bias=True)
          (attn_drop): Dropout(p=0.0, inplace=False)
          (proj): Linear(in_features=384, out_features=384, bias=True)
          (proj_drop): Dropout(p=0.0, inplace=False)
        )
        (drop_path): Identity()
        (norm2): LayerNorm((384,), eps=1e-06, elementwise_affine=True, bias=True)
        (mlp): MLP(
          (fc1): Linear(in_features=384, out_features=1536, bias=True)
          (act): GELU(approximate='none')
          (fc2): Linear(in_features=1536, out_features=384, bias=True)
          (drop): Dropout(p=0.0, inplace=False)
        )
      )
    )
    (predictor_norm): LayerNorm((384,), eps=1e-06, elementwise_affine=True, bias=True)
    (predictor_proj): Linear(in_features=384, out_features=1280, bias=True)
  )
)
AnticipativeWrapper(
  (encoder): VisionTransformer(
    (patch_embed): PatchEmbed3D(
      (proj): Conv3d(3, 1280, kernel_size=(2, 16, 16), stride=(2, 16, 16))
    )
    (blocks): ModuleList(
      (0-31): 32 x Block(
        (norm1): LayerNorm((1280,), eps=1e-06, elementwise_affine=True, bias=True)
        (attn): RoPEAttention(
          (qkv): Linear(in_features=1280, out_features=3840, bias=True)
          (attn_drop): Dropout(p=0.0, inplace=False)
          (proj): Linear(in_features=1280, out_features=1280, bias=True)
          (proj_drop): Dropout(p=0.0, inplace=False)
        )
        (drop_path): Identity()
        (norm2): LayerNorm((1280,), eps=1e-06, elementwise_affine=True, bias=True)
        (mlp): MLP(
          (fc1): Linear(in_features=1280, out_features=5120, bias=True)
          (act): GELU(approximate='none')
          (fc2): Linear(in_features=5120, out_features=1280, bias=True)
          (drop): Dropout(p=0.0, inplace=False)
        )
      )
    )
    (norm): LayerNorm((1280,), eps=1e-06, elementwise_affine=True, bias=True)
  )
  (predictor): VisionTransformerPredictor(
    (predictor_embed): Linear(in_features=1280, out_features=384, bias=True)
    (mask_tokens): ParameterList(
        (0): Parameter containing: [torch.float32 of size 1x1x384 (cuda:0)]
        (1): Parameter containing: [torch.float32 of size 1x1x384 (cuda:0)]
        (2): Parameter containing: [torch.float32 of size 1x1x384 (cuda:0)]
        (3): Parameter containing: [torch.float32 of size 1x1x384 (cuda:0)]
        (4): Parameter containing: [torch.float32 of size 1x1x384 (cuda:0)]
        (5): Parameter containing: [torch.float32 of size 1x1x384 (cuda:0)]
        (6): Parameter containing: [torch.float32 of size 1x1x384 (cuda:0)]
        (7): Parameter containing: [torch.float32 of size 1x1x384 (cuda:0)]
        (8): Parameter containing: [torch.float32 of size 1x1x384 (cuda:0)]
        (9): Parameter containing: [torch.float32 of size 1x1x384 (cuda:0)]
    )
    (predictor_blocks): ModuleList(
      (0-11): 12 x Block(
        (norm1): LayerNorm((384,), eps=1e-06, elementwise_affine=True, bias=True)
        (attn): RoPEAttention(
          (qkv): Linear(in_features=384, out_features=1152, bias=True)
          (attn_drop): Dropout(p=0.0, inplace=False)
          (proj): Linear(in_features=384, out_features=384, bias=True)
          (proj_drop): Dropout(p=0.0, inplace=False)
        )
        (drop_path): Identity()
        (norm2): LayerNorm((384,), eps=1e-06, elementwise_affine=True, bias=True)
        (mlp): MLP(
          (fc1): Linear(in_features=384, out_features=1536, bias=True)
          (act): GELU(approximate='none')
          (fc2): Linear(in_features=1536, out_features=384, bias=True)
          (drop): Dropout(p=0.0, inplace=False)
        )
      )
    )
    (predictor_norm): LayerNorm((384,), eps=1e-06, elementwise_affine=True, bias=True)
    (predictor_proj): Linear(in_features=384, out_features=1280, bias=True)
  )
)
AnticipativeWrapper(
  (encoder): VisionTransformer(
    (patch_embed): PatchEmbed3D(
      (proj): Conv3d(3, 1280, kernel_size=(2, 16, 16), stride=(2, 16, 16))
    )
    (blocks): ModuleList(
      (0-31): 32 x Block(
        (norm1): LayerNorm((1280,), eps=1e-06, elementwise_affine=True, bias=True)
        (attn): RoPEAttention(
          (qkv): Linear(in_features=1280, out_features=3840, bias=True)
          (attn_drop): Dropout(p=0.0, inplace=False)
          (proj): Linear(in_features=1280, out_features=1280, bias=True)
          (proj_drop): Dropout(p=0.0, inplace=False)
        )
        (drop_path): Identity()
        (norm2): LayerNorm((1280,), eps=1e-06, elementwise_affine=True, bias=True)
        (mlp): MLP(
          (fc1): Linear(in_features=1280, out_features=5120, bias=True)
          (act): GELU(approximate='none')
          (fc2): Linear(in_features=5120, out_features=1280, bias=True)
          (drop): Dropout(p=0.0, inplace=False)
        )
      )
    )
    (norm): LayerNorm((1280,), eps=1e-06, elementwise_affine=True, bias=True)
  )
  (predictor): VisionTransformerPredictor(
    (predictor_embed): Linear(in_features=1280, out_features=384, bias=True)
    (mask_tokens): ParameterList(
        (0): Parameter containing: [torch.float32 of size 1x1x384 (cuda:0)]
        (1): Parameter containing: [torch.float32 of size 1x1x384 (cuda:0)]
        (2): Parameter containing: [torch.float32 of size 1x1x384 (cuda:0)]
        (3): Parameter containing: [torch.float32 of size 1x1x384 (cuda:0)]
        (4): Parameter containing: [torch.float32 of size 1x1x384 (cuda:0)]
        (5): Parameter containing: [torch.float32 of size 1x1x384 (cuda:0)]
        (6): Parameter containing: [torch.float32 of size 1x1x384 (cuda:0)]
        (7): Parameter containing: [torch.float32 of size 1x1x384 (cuda:0)]
        (8): Parameter containing: [torch.float32 of size 1x1x384 (cuda:0)]
        (9): Parameter containing: [torch.float32 of size 1x1x384 (cuda:0)]
    )
    (predictor_blocks): ModuleList(
      (0-11): 12 x Block(
        (norm1): LayerNorm((384,), eps=1e-06, elementwise_affine=True, bias=True)
        (attn): RoPEAttention(
          (qkv): Linear(in_features=384, out_features=1152, bias=True)
          (attn_drop): Dropout(p=0.0, inplace=False)
          (proj): Linear(in_features=384, out_features=384, bias=True)
          (proj_drop): Dropout(p=0.0, inplace=False)
        )
        (drop_path): Identity()
        (norm2): LayerNorm((384,), eps=1e-06, elementwise_affine=True, bias=True)
        (mlp): MLP(
          (fc1): Linear(in_features=384, out_features=1536, bias=True)
          (act): GELU(approximate='none')
          (fc2): Linear(in_features=1536, out_features=384, bias=True)
          (drop): Dropout(p=0.0, inplace=False)
        )
      )
    )
    (predictor_norm): LayerNorm((384,), eps=1e-06, elementwise_affine=True, bias=True)
    (predictor_proj): Linear(in_features=384, out_features=1280, bias=True)
  )
)
AnticipativeWrapper(
  (encoder): VisionTransformer(
    (patch_embed): PatchEmbed3D(
      (proj): Conv3d(3, 1280, kernel_size=(2, 16, 16), stride=(2, 16, 16))
    )
    (blocks): ModuleList(
      (0-31): 32 x Block(
        (norm1): LayerNorm((1280,), eps=1e-06, elementwise_affine=True, bias=True)
        (attn): RoPEAttention(
          (qkv): Linear(in_features=1280, out_features=3840, bias=True)
          (attn_drop): Dropout(p=0.0, inplace=False)
          (proj): Linear(in_features=1280, out_features=1280, bias=True)
          (proj_drop): Dropout(p=0.0, inplace=False)
        )
        (drop_path): Identity()
        (norm2): LayerNorm((1280,), eps=1e-06, elementwise_affine=True, bias=True)
        (mlp): MLP(
          (fc1): Linear(in_features=1280, out_features=5120, bias=True)
          (act): GELU(approximate='none')
          (fc2): Linear(in_features=5120, out_features=1280, bias=True)
          (drop): Dropout(p=0.0, inplace=False)
        )
      )
    )
    (norm): LayerNorm((1280,), eps=1e-06, elementwise_affine=True, bias=True)
  )
  (predictor): VisionTransformerPredictor(
    (predictor_embed): Linear(in_features=1280, out_features=384, bias=True)
    (mask_tokens): ParameterList(
        (0): Parameter containing: [torch.float32 of size 1x1x384 (cuda:0)]
        (1): Parameter containing: [torch.float32 of size 1x1x384 (cuda:0)]
        (2): Parameter containing: [torch.float32 of size 1x1x384 (cuda:0)]
        (3): Parameter containing: [torch.float32 of size 1x1x384 (cuda:0)]
        (4): Parameter containing: [torch.float32 of size 1x1x384 (cuda:0)]
        (5): Parameter containing: [torch.float32 of size 1x1x384 (cuda:0)]
        (6): Parameter containing: [torch.float32 of size 1x1x384 (cuda:0)]
        (7): Parameter containing: [torch.float32 of size 1x1x384 (cuda:0)]
        (8): Parameter containing: [torch.float32 of size 1x1x384 (cuda:0)]
        (9): Parameter containing: [torch.float32 of size 1x1x384 (cuda:0)]
    )
    (predictor_blocks): ModuleList(
      (0-11): 12 x Block(
        (norm1): LayerNorm((384,), eps=1e-06, elementwise_affine=True, bias=True)
        (attn): RoPEAttention(
          (qkv): Linear(in_features=384, out_features=1152, bias=True)
          (attn_drop): Dropout(p=0.0, inplace=False)
          (proj): Linear(in_features=384, out_features=384, bias=True)
          (proj_drop): Dropout(p=0.0, inplace=False)
        )
        (drop_path): Identity()
        (norm2): LayerNorm((384,), eps=1e-06, elementwise_affine=True, bias=True)
        (mlp): MLP(
          (fc1): Linear(in_features=384, out_features=1536, bias=True)
          (act): GELU(approximate='none')
          (fc2): Linear(in_features=1536, out_features=384, bias=True)
          (drop): Dropout(p=0.0, inplace=False)
        )
      )
    )
    (predictor_norm): LayerNorm((384,), eps=1e-06, elementwise_affine=True, bias=True)
    (predictor_proj): Linear(in_features=384, out_features=1280, bias=True)
  )
)
AnticipativeWrapper(
  (encoder): VisionTransformer(
    (patch_embed): PatchEmbed3D(
      (proj): Conv3d(3, 1280, kernel_size=(2, 16, 16), stride=(2, 16, 16))
    )
    (blocks): ModuleList(
      (0-31): 32 x Block(
        (norm1): LayerNorm((1280,), eps=1e-06, elementwise_affine=True, bias=True)
        (attn): RoPEAttention(
          (qkv): Linear(in_features=1280, out_features=3840, bias=True)
          (attn_drop): Dropout(p=0.0, inplace=False)
          (proj): Linear(in_features=1280, out_features=1280, bias=True)
          (proj_drop): Dropout(p=0.0, inplace=False)
        )
        (drop_path): Identity()
        (norm2): LayerNorm((1280,), eps=1e-06, elementwise_affine=True, bias=True)
        (mlp): MLP(
          (fc1): Linear(in_features=1280, out_features=5120, bias=True)
          (act): GELU(approximate='none')
          (fc2): Linear(in_features=5120, out_features=1280, bias=True)
          (drop): Dropout(p=0.0, inplace=False)
        )
      )
    )
    (norm): LayerNorm((1280,), eps=1e-06, elementwise_affine=True, bias=True)
  )
  (predictor): VisionTransformerPredictor(
    (predictor_embed): Linear(in_features=1280, out_features=384, bias=True)
    (mask_tokens): ParameterList(
        (0): Parameter containing: [torch.float32 of size 1x1x384 (cuda:0)]
        (1): Parameter containing: [torch.float32 of size 1x1x384 (cuda:0)]
        (2): Parameter containing: [torch.float32 of size 1x1x384 (cuda:0)]
        (3): Parameter containing: [torch.float32 of size 1x1x384 (cuda:0)]
        (4): Parameter containing: [torch.float32 of size 1x1x384 (cuda:0)]
        (5): Parameter containing: [torch.float32 of size 1x1x384 (cuda:0)]
        (6): Parameter containing: [torch.float32 of size 1x1x384 (cuda:0)]
        (7): Parameter containing: [torch.float32 of size 1x1x384 (cuda:0)]
        (8): Parameter containing: [torch.float32 of size 1x1x384 (cuda:0)]
        (9): Parameter containing: [torch.float32 of size 1x1x384 (cuda:0)]
    )
    (predictor_blocks): ModuleList(
      (0-11): 12 x Block(
        (norm1): LayerNorm((384,), eps=1e-06, elementwise_affine=True, bias=True)
        (attn): RoPEAttention(
          (qkv): Linear(in_features=384, out_features=1152, bias=True)
          (attn_drop): Dropout(p=0.0, inplace=False)
          (proj): Linear(in_features=384, out_features=384, bias=True)
          (proj_drop): Dropout(p=0.0, inplace=False)
        )
        (drop_path): Identity()
        (norm2): LayerNorm((384,), eps=1e-06, elementwise_affine=True, bias=True)
        (mlp): MLP(
          (fc1): Linear(in_features=384, out_features=1536, bias=True)
          (act): GELU(approximate='none')
          (fc2): Linear(in_features=1536, out_features=384, bias=True)
          (drop): Dropout(p=0.0, inplace=False)
        )
      )
    )
    (predictor_norm): LayerNorm((384,), eps=1e-06, elementwise_affine=True, bias=True)
    (predictor_proj): Linear(in_features=384, out_features=1280, bias=True)
  )
)
AnticipativeWrapper(
  (encoder): VisionTransformer(
    (patch_embed): PatchEmbed3D(
      (proj): Conv3d(3, 1280, kernel_size=(2, 16, 16), stride=(2, 16, 16))
    )
    (blocks): ModuleList(
      (0-31): 32 x Block(
        (norm1): LayerNorm((1280,), eps=1e-06, elementwise_affine=True, bias=True)
        (attn): RoPEAttention(
          (qkv): Linear(in_features=1280, out_features=3840, bias=True)
          (attn_drop): Dropout(p=0.0, inplace=False)
          (proj): Linear(in_features=1280, out_features=1280, bias=True)
          (proj_drop): Dropout(p=0.0, inplace=False)
        )
        (drop_path): Identity()
        (norm2): LayerNorm((1280,), eps=1e-06, elementwise_affine=True, bias=True)
        (mlp): MLP(
          (fc1): Linear(in_features=1280, out_features=5120, bias=True)
          (act): GELU(approximate='none')
          (fc2): Linear(in_features=5120, out_features=1280, bias=True)
          (drop): Dropout(p=0.0, inplace=False)
        )
      )
    )
    (norm): LayerNorm((1280,), eps=1e-06, elementwise_affine=True, bias=True)
  )
  (predictor): VisionTransformerPredictor(
    (predictor_embed): Linear(in_features=1280, out_features=384, bias=True)
    (mask_tokens): ParameterList(
        (0): Parameter containing: [torch.float32 of size 1x1x384 (cuda:0)]
        (1): Parameter containing: [torch.float32 of size 1x1x384 (cuda:0)]
        (2): Parameter containing: [torch.float32 of size 1x1x384 (cuda:0)]
        (3): Parameter containing: [torch.float32 of size 1x1x384 (cuda:0)]
        (4): Parameter containing: [torch.float32 of size 1x1x384 (cuda:0)]
        (5): Parameter containing: [torch.float32 of size 1x1x384 (cuda:0)]
        (6): Parameter containing: [torch.float32 of size 1x1x384 (cuda:0)]
        (7): Parameter containing: [torch.float32 of size 1x1x384 (cuda:0)]
        (8): Parameter containing: [torch.float32 of size 1x1x384 (cuda:0)]
        (9): Parameter containing: [torch.float32 of size 1x1x384 (cuda:0)]
    )
    (predictor_blocks): ModuleList(
      (0-11): 12 x Block(
        (norm1): LayerNorm((384,), eps=1e-06, elementwise_affine=True, bias=True)
        (attn): RoPEAttention(
          (qkv): Linear(in_features=384, out_features=1152, bias=True)
          (attn_drop): Dropout(p=0.0, inplace=False)
          (proj): Linear(in_features=384, out_features=384, bias=True)
          (proj_drop): Dropout(p=0.0, inplace=False)
        )
        (drop_path): Identity()
        (norm2): LayerNorm((384,), eps=1e-06, elementwise_affine=True, bias=True)
        (mlp): MLP(
          (fc1): Linear(in_features=384, out_features=1536, bias=True)
          (act): GELU(approximate='none')
          (fc2): Linear(in_features=1536, out_features=384, bias=True)
          (drop): Dropout(p=0.0, inplace=False)
        )
      )
    )
    (predictor_norm): LayerNorm((384,), eps=1e-06, elementwise_affine=True, bias=True)
    (predictor_proj): Linear(in_features=384, out_features=1280, bias=True)
  )
)
AnticipativeWrapper(
  (encoder): VisionTransformer(
    (patch_embed): PatchEmbed3D(
      (proj): Conv3d(3, 1280, kernel_size=(2, 16, 16), stride=(2, 16, 16))
    )
    (blocks): ModuleList(
      (0-31): 32 x Block(
        (norm1): LayerNorm((1280,), eps=1e-06, elementwise_affine=True, bias=True)
        (attn): RoPEAttention(
          (qkv): Linear(in_features=1280, out_features=3840, bias=True)
          (attn_drop): Dropout(p=0.0, inplace=False)
          (proj): Linear(in_features=1280, out_features=1280, bias=True)
          (proj_drop): Dropout(p=0.0, inplace=False)
        )
        (drop_path): Identity()
        (norm2): LayerNorm((1280,), eps=1e-06, elementwise_affine=True, bias=True)
        (mlp): MLP(
          (fc1): Linear(in_features=1280, out_features=5120, bias=True)
          (act): GELU(approximate='none')
          (fc2): Linear(in_features=5120, out_features=1280, bias=True)
          (drop): Dropout(p=0.0, inplace=False)
        )
      )
    )
    (norm): LayerNorm((1280,), eps=1e-06, elementwise_affine=True, bias=True)
  )
  (predictor): VisionTransformerPredictor(
    (predictor_embed): Linear(in_features=1280, out_features=384, bias=True)
    (mask_tokens): ParameterList(
        (0): Parameter containing: [torch.float32 of size 1x1x384 (cuda:0)]
        (1): Parameter containing: [torch.float32 of size 1x1x384 (cuda:0)]
        (2): Parameter containing: [torch.float32 of size 1x1x384 (cuda:0)]
        (3): Parameter containing: [torch.float32 of size 1x1x384 (cuda:0)]
        (4): Parameter containing: [torch.float32 of size 1x1x384 (cuda:0)]
        (5): Parameter containing: [torch.float32 of size 1x1x384 (cuda:0)]
        (6): Parameter containing: [torch.float32 of size 1x1x384 (cuda:0)]
        (7): Parameter containing: [torch.float32 of size 1x1x384 (cuda:0)]
        (8): Parameter containing: [torch.float32 of size 1x1x384 (cuda:0)]
        (9): Parameter containing: [torch.float32 of size 1x1x384 (cuda:0)]
    )
    (predictor_blocks): ModuleList(
      (0-11): 12 x Block(
        (norm1): LayerNorm((384,), eps=1e-06, elementwise_affine=True, bias=True)
        (attn): RoPEAttention(
          (qkv): Linear(in_features=384, out_features=1152, bias=True)
          (attn_drop): Dropout(p=0.0, inplace=False)
          (proj): Linear(in_features=384, out_features=384, bias=True)
          (proj_drop): Dropout(p=0.0, inplace=False)
        )
        (drop_path): Identity()
        (norm2): LayerNorm((384,), eps=1e-06, elementwise_affine=True, bias=True)
        (mlp): MLP(
          (fc1): Linear(in_features=384, out_features=1536, bias=True)
          (act): GELU(approximate='none')
          (fc2): Linear(in_features=1536, out_features=384, bias=True)
          (drop): Dropout(p=0.0, inplace=False)
        )
      )
    )
    (predictor_norm): LayerNorm((384,), eps=1e-06, elementwise_affine=True, bias=True)
    (predictor_proj): Linear(in_features=384, out_features=1280, bias=True)
  )
)
AnticipativeWrapper(
  (encoder): VisionTransformer(
    (patch_embed): PatchEmbed3D(
      (proj): Conv3d(3, 1280, kernel_size=(2, 16, 16), stride=(2, 16, 16))
    )
    (blocks): ModuleList(
      (0-31): 32 x Block(
        (norm1): LayerNorm((1280,), eps=1e-06, elementwise_affine=True, bias=True)
        (attn): RoPEAttention(
          (qkv): Linear(in_features=1280, out_features=3840, bias=True)
          (attn_drop): Dropout(p=0.0, inplace=False)
          (proj): Linear(in_features=1280, out_features=1280, bias=True)
          (proj_drop): Dropout(p=0.0, inplace=False)
        )
        (drop_path): Identity()
        (norm2): LayerNorm((1280,), eps=1e-06, elementwise_affine=True, bias=True)
        (mlp): MLP(
          (fc1): Linear(in_features=1280, out_features=5120, bias=True)
          (act): GELU(approximate='none')
          (fc2): Linear(in_features=5120, out_features=1280, bias=True)
          (drop): Dropout(p=0.0, inplace=False)
        )
      )
    )
    (norm): LayerNorm((1280,), eps=1e-06, elementwise_affine=True, bias=True)
  )
  (predictor): VisionTransformerPredictor(
    (predictor_embed): Linear(in_features=1280, out_features=384, bias=True)
    (mask_tokens): ParameterList(
        (0): Parameter containing: [torch.float32 of size 1x1x384 (cuda:0)]
        (1): Parameter containing: [torch.float32 of size 1x1x384 (cuda:0)]
        (2): Parameter containing: [torch.float32 of size 1x1x384 (cuda:0)]
        (3): Parameter containing: [torch.float32 of size 1x1x384 (cuda:0)]
        (4): Parameter containing: [torch.float32 of size 1x1x384 (cuda:0)]
        (5): Parameter containing: [torch.float32 of size 1x1x384 (cuda:0)]
        (6): Parameter containing: [torch.float32 of size 1x1x384 (cuda:0)]
        (7): Parameter containing: [torch.float32 of size 1x1x384 (cuda:0)]
        (8): Parameter containing: [torch.float32 of size 1x1x384 (cuda:0)]
        (9): Parameter containing: [torch.float32 of size 1x1x384 (cuda:0)]
    )
    (predictor_blocks): ModuleList(
      (0-11): 12 x Block(
        (norm1): LayerNorm((384,), eps=1e-06, elementwise_affine=True, bias=True)
        (attn): RoPEAttention(
          (qkv): Linear(in_features=384, out_features=1152, bias=True)
          (attn_drop): Dropout(p=0.0, inplace=False)
          (proj): Linear(in_features=384, out_features=384, bias=True)
          (proj_drop): Dropout(p=0.0, inplace=False)
        )
        (drop_path): Identity()
        (norm2): LayerNorm((384,), eps=1e-06, elementwise_affine=True, bias=True)
        (mlp): MLP(
          (fc1): Linear(in_features=384, out_features=1536, bias=True)
          (act): GELU(approximate='none')
          (fc2): Linear(in_features=1536, out_features=384, bias=True)
          (drop): Dropout(p=0.0, inplace=False)
        )
      )
    )
    (predictor_norm): LayerNorm((384,), eps=1e-06, elementwise_affine=True, bias=True)
    (predictor_proj): Linear(in_features=384, out_features=1280, bias=True)
  )
)
AttentiveClassifier(
  (pooler): AttentivePooler(
    (cross_attention_block): CrossAttentionBlock(
      (norm1): LayerNorm((1280,), eps=1e-05, elementwise_affine=True, bias=True)
      (xattn): CrossAttention(
        (q): Linear(in_features=1280, out_features=1280, bias=True)
        (kv): Linear(in_features=1280, out_features=2560, bias=True)
      )
      (norm2): LayerNorm((1280,), eps=1e-05, elementwise_affine=True, bias=True)
      (mlp): MLP(
        (fc1): Linear(in_features=1280, out_features=5120, bias=True)
        (act): GELU(approximate='none')
        (fc2): Linear(in_features=5120, out_features=1280, bias=True)
        (drop): Dropout(p=0.0, inplace=False)
      )
    )
    (blocks): ModuleList(
      (0-2): 3 x Block(
        (norm1): LayerNorm((1280,), eps=1e-05, elementwise_affine=True, bias=True)
        (attn): Attention(
          (qkv): Linear(in_features=1280, out_features=3840, bias=True)
          (attn_drop): Dropout(p=0.0, inplace=False)
          (proj): Linear(in_features=1280, out_features=1280, bias=True)
          (proj_drop): Dropout(p=0.0, inplace=False)
        )
        (drop_path): Identity()
        (norm2): LayerNorm((1280,), eps=1e-05, elementwise_affine=True, bias=True)
        (mlp): MLP(
          (fc1): Linear(in_features=1280, out_features=5120, bias=True)
          (act): GELU(approximate='none')
          (fc2): Linear(in_features=5120, out_features=1280, bias=True)
          (drop): Dropout(p=0.0, inplace=False)
        )
      )
    )
  )
  (verb_classifier): Linear(in_features=1280, out_features=97, bias=True)
  (noun_classifier): Linear(in_features=1280, out_features=289, bias=True)
  (action_classifier): Linear(in_features=1280, out_features=3568, bias=True)
)
[INFO    ][2026-09-15 19:07:51][root                ][get_video_wds_dataset    ] Total number of shards across all data is num_shards=495
AttentiveClassifier(
  (pooler): AttentivePooler(
    (cross_attention_block): CrossAttentionBlock(
      (norm1): LayerNorm((1280,), eps=1e-05, elementwise_affine=True, bias=True)
      (xattn): CrossAttention(
        (q): Linear(in_features=1280, out_features=1280, bias=True)
        (kv): Linear(in_features=1280, out_features=2560, bias=True)
      )
      (norm2): LayerNorm((1280,), eps=1e-05, elementwise_affine=True, bias=True)
      (mlp): MLP(
        (fc1): Linear(in_features=1280, out_features=5120, bias=True)
        (act): GELU(approximate='none')
        (fc2): Linear(in_features=5120, out_features=1280, bias=True)
        (drop): Dropout(p=0.0, inplace=False)
      )
    )
    (blocks): ModuleList(
      (0-2): 3 x Block(
        (norm1): LayerNorm((1280,), eps=1e-05, elementwise_affine=True, bias=True)
        (attn): Attention(
          (qkv): Linear(in_features=1280, out_features=3840, bias=True)
          (attn_drop): Dropout(p=0.0, inplace=False)
          (proj): Linear(in_features=1280, out_features=1280, bias=True)
          (proj_drop): Dropout(p=0.0, inplace=False)
        )
        (drop_path): Identity()
        (norm2): LayerNorm((1280,), eps=1e-05, elementwise_affine=True, bias=True)
        (mlp): MLP(
          (fc1): Linear(in_features=1280, out_features=5120, bias=True)
          (act): GELU(approximate='none')
          (fc2): Linear(in_features=5120, out_features=1280, bias=True)
          (drop): Dropout(p=0.0, inplace=False)
        )
      )
    )
  )
  (verb_classifier): Linear(in_features=1280, out_features=97, bias=True)
  (noun_classifier): Linear(in_features=1280, out_features=289, bias=True)
  (action_classifier): Linear(in_features=1280, out_features=3568, bias=True)
)
[INFO    ][2026-09-15 19:07:51][root                ][get_video_wds_dataset    ] Total number of shards across all data is num_shards=495
AttentiveClassifier(
  (pooler): AttentivePooler(
    (cross_attention_block): CrossAttentionBlock(
      (norm1): LayerNorm((1280,), eps=1e-05, elementwise_affine=True, bias=True)
      (xattn): CrossAttention(
        (q): Linear(in_features=1280, out_features=1280, bias=True)
        (kv): Linear(in_features=1280, out_features=2560, bias=True)
      )
      (norm2): LayerNorm((1280,), eps=1e-05, elementwise_affine=True, bias=True)
      (mlp): MLP(
        (fc1): Linear(in_features=1280, out_features=5120, bias=True)
        (act): GELU(approximate='none')
        (fc2): Linear(in_features=5120, out_features=1280, bias=True)
        (drop): Dropout(p=0.0, inplace=False)
      )
    )
    (blocks): ModuleList(
      (0-2): 3 x Block(
        (norm1): LayerNorm((1280,), eps=1e-05, elementwise_affine=True, bias=True)
        (attn): Attention(
          (qkv): Linear(in_features=1280, out_features=3840, bias=True)
          (attn_drop): Dropout(p=0.0, inplace=False)
          (proj): Linear(in_features=1280, out_features=1280, bias=True)
          (proj_drop): Dropout(p=0.0, inplace=False)
        )
        (drop_path): Identity()
        (norm2): LayerNorm((1280,), eps=1e-05, elementwise_affine=True, bias=True)
        (mlp): MLP(
          (fc1): Linear(in_features=1280, out_features=5120, bias=True)
          (act): GELU(approximate='none')
          (fc2): Linear(in_features=5120, out_features=1280, bias=True)
          (drop): Dropout(p=0.0, inplace=False)
        )
      )
    )
  )
  (verb_classifier): Linear(in_features=1280, out_features=97, bias=True)
  (noun_classifier): Linear(in_features=1280, out_features=289, bias=True)
  (action_classifier): Linear(in_features=1280, out_features=3568, bias=True)
)
[INFO    ][2026-09-15 19:07:52][root                ][get_video_wds_dataset    ] Total number of shards across all data is num_shards=495
[INFO    ][2026-09-15 19:07:52][root                ][__init__                 ] Done initializing ResampledShards
[INFO    ][2026-09-15 19:07:52][root                ][__init__                 ] Done initializing ResampledShards
[INFO    ][2026-09-15 19:07:52][root                ][main                     ] Dataloader created... iterations per epoch: 525
[INFO    ][2026-09-15 19:07:52][root                ][main                     ] Dataloader created... iterations per epoch: 525
[INFO    ][2026-09-15 19:07:52][root                ][__init__                 ] Done initializing ResampledShards
[INFO    ][2026-09-15 19:07:52][root                ][get_video_wds_dataset    ] Total number of shards across all data is num_shards=138
[INFO    ][2026-09-15 19:07:52][root                ][get_video_wds_dataset    ] Total number of shards across all data is num_shards=138
[INFO    ][2026-09-15 19:07:52][root                ][__init__                 ] Done initializing ResampledShards
[INFO    ][2026-09-15 19:07:52][root                ][__init__                 ] Done initializing ResampledShards
[INFO    ][2026-09-15 19:07:52][root                ][main                     ] Dataloader created... iterations per epoch: 525
[INFO    ][2026-09-15 19:07:52][root                ][main                     ] Val dataloader created... iterations per epoch: 72
[INFO    ][2026-09-15 19:07:52][root                ][main                     ] Val dataloader created... iterations per epoch: 72
[INFO    ][2026-09-15 19:07:52][root                ][init_opt                 ] Using AdamW
[INFO    ][2026-09-15 19:07:52][root                ][init_opt                 ] Using AdamW
[INFO    ][2026-09-15 19:07:52][root                ][get_video_wds_dataset    ] Total number of shards across all data is num_shards=138
[INFO    ][2026-09-15 19:07:52][root                ][__init__                 ] Done initializing ResampledShards
[INFO    ][2026-09-15 19:07:52][root                ][main                     ] Val dataloader created... iterations per epoch: 72
[INFO    ][2026-09-15 19:07:52][root                ][init_opt                 ] Using AdamW
AttentiveClassifier(
  (pooler): AttentivePooler(
    (cross_attention_block): CrossAttentionBlock(
      (norm1): LayerNorm((1280,), eps=1e-05, elementwise_affine=True, bias=True)
      (xattn): CrossAttention(
        (q): Linear(in_features=1280, out_features=1280, bias=True)
        (kv): Linear(in_features=1280, out_features=2560, bias=True)
      )
      (norm2): LayerNorm((1280,), eps=1e-05, elementwise_affine=True, bias=True)
      (mlp): MLP(
        (fc1): Linear(in_features=1280, out_features=5120, bias=True)
        (act): GELU(approximate='none')
        (fc2): Linear(in_features=5120, out_features=1280, bias=True)
        (drop): Dropout(p=0.0, inplace=False)
      )
    )
    (blocks): ModuleList(
      (0-2): 3 x Block(
        (norm1): LayerNorm((1280,), eps=1e-05, elementwise_affine=True, bias=True)
        (attn): Attention(
          (qkv): Linear(in_features=1280, out_features=3840, bias=True)
          (attn_drop): Dropout(p=0.0, inplace=False)
          (proj): Linear(in_features=1280, out_features=1280, bias=True)
          (proj_drop): Dropout(p=0.0, inplace=False)
        )
        (drop_path): Identity()
        (norm2): LayerNorm((1280,), eps=1e-05, elementwise_affine=True, bias=True)
        (mlp): MLP(
          (fc1): Linear(in_features=1280, out_features=5120, bias=True)
          (act): GELU(approximate='none')
          (fc2): Linear(in_features=5120, out_features=1280, bias=True)
          (drop): Dropout(p=0.0, inplace=False)
        )
      )
    )
  )
  (verb_classifier): Linear(in_features=1280, out_features=97, bias=True)
  (noun_classifier): Linear(in_features=1280, out_features=289, bias=True)
  (action_classifier): Linear(in_features=1280, out_features=3568, bias=True)
)
/data/hyuntak/project/2026/2027_cvpr/vjepa2/evals/action_anticipation_frozen/utils.py:34: FutureWarning: `torch.cuda.amp.GradScaler(args...)` is deprecated. Please use `torch.amp.GradScaler('cuda', args...)` instead.
  scalers += [torch.cuda.amp.GradScaler() if use_bfloat16 else None]
/data/hyuntak/project/2026/2027_cvpr/vjepa2/evals/action_anticipation_frozen/utils.py:34: FutureWarning: `torch.cuda.amp.GradScaler(args...)` is deprecated. Please use `torch.amp.GradScaler('cuda', args...)` instead.
  scalers += [torch.cuda.amp.GradScaler() if use_bfloat16 else None]
[INFO    ][2026-09-15 19:07:52][root                ][init_opt                 ] Using AdamW
[INFO    ][2026-09-15 19:07:52][root                ][init_opt                 ] Using AdamW
/data/hyuntak/project/2026/2027_cvpr/vjepa2/evals/action_anticipation_frozen/utils.py:34: FutureWarning: `torch.cuda.amp.GradScaler(args...)` is deprecated. Please use `torch.amp.GradScaler('cuda', args...)` instead.
  scalers += [torch.cuda.amp.GradScaler() if use_bfloat16 else None]
[INFO    ][2026-09-15 19:07:52][root                ][init_opt                 ] Using AdamW
[INFO    ][2026-09-15 19:07:52][root                ][init_opt                 ] Using AdamW
[INFO    ][2026-09-15 19:07:52][root                ][init_opt                 ] Using AdamW
[INFO    ][2026-09-15 19:07:52][root                ][init_opt                 ] Using AdamW
[INFO    ][2026-09-15 19:07:52][root                ][init_opt                 ] Using AdamW
[INFO    ][2026-09-15 19:07:52][root                ][init_opt                 ] Using AdamW
[INFO    ][2026-09-15 19:07:52][root                ][init_opt                 ] Using AdamW
[INFO    ][2026-09-15 19:07:52][root                ][init_opt                 ] Using AdamW
[INFO    ][2026-09-15 19:07:52][root                ][init_opt                 ] Using AdamW
[INFO    ][2026-09-15 19:07:52][root                ][init_opt                 ] Using AdamW
[INFO    ][2026-09-15 19:07:52][root                ][init_opt                 ] Using AdamW
[INFO    ][2026-09-15 19:07:52][root                ][init_opt                 ] Using AdamW
[INFO    ][2026-09-15 19:07:52][root                ][init_opt                 ] Using AdamW
[INFO    ][2026-09-15 19:07:52][root                ][init_opt                 ] Using AdamW
[INFO    ][2026-09-15 19:07:52][root                ][init_opt                 ] Using AdamW
[INFO    ][2026-09-15 19:07:52][root                ][init_opt                 ] Using AdamW
[INFO    ][2026-09-15 19:07:52][root                ][init_opt                 ] Using AdamW
[INFO    ][2026-09-15 19:07:52][root                ][init_opt                 ] Using AdamW
[INFO    ][2026-09-15 19:07:52][root                ][init_opt                 ] Using AdamW
[INFO    ][2026-09-15 19:07:52][root                ][get_video_wds_dataset    ] Total number of shards across all data is num_shards=495
[INFO    ][2026-09-15 19:07:52][root                ][__init__                 ] Done initializing ResampledShards
[INFO    ][2026-09-15 19:07:52][root                ][main                     ] Dataloader created... iterations per epoch: 525
[INFO    ][2026-09-15 19:07:52][root                ][get_video_wds_dataset    ] Total number of shards across all data is num_shards=138
[INFO    ][2026-09-15 19:07:52][root                ][__init__                 ] Done initializing ResampledShards
[INFO    ][2026-09-15 19:07:52][root                ][main                     ] Val dataloader created... iterations per epoch: 72
[INFO    ][2026-09-15 19:07:52][root                ][init_opt                 ] Using AdamW
/data/hyuntak/project/2026/2027_cvpr/vjepa2/evals/action_anticipation_frozen/utils.py:34: FutureWarning: `torch.cuda.amp.GradScaler(args...)` is deprecated. Please use `torch.amp.GradScaler('cuda', args...)` instead.
  scalers += [torch.cuda.amp.GradScaler() if use_bfloat16 else None]
[INFO    ][2026-09-15 19:07:52][root                ][init_opt                 ] Using AdamW
[INFO    ][2026-09-15 19:07:52][root                ][init_opt                 ] Using AdamW
[INFO    ][2026-09-15 19:07:52][root                ][init_opt                 ] Using AdamW
[INFO    ][2026-09-15 19:07:52][root                ][init_opt                 ] Using AdamW
[INFO    ][2026-09-15 19:07:52][root                ][init_opt                 ] Using AdamW
[INFO    ][2026-09-15 19:07:52][root                ][init_opt                 ] Using AdamW
[INFO    ][2026-09-15 19:07:52][root                ][init_opt                 ] Using AdamW
AttentiveClassifier(
  (pooler): AttentivePooler(
    (cross_attention_block): CrossAttentionBlock(
      (norm1): LayerNorm((1280,), eps=1e-05, elementwise_affine=True, bias=True)
      (xattn): CrossAttention(
        (q): Linear(in_features=1280, out_features=1280, bias=True)
        (kv): Linear(in_features=1280, out_features=2560, bias=True)
      )
      (norm2): LayerNorm((1280,), eps=1e-05, elementwise_affine=True, bias=True)
      (mlp): MLP(
        (fc1): Linear(in_features=1280, out_features=5120, bias=True)
        (act): GELU(approximate='none')
        (fc2): Linear(in_features=5120, out_features=1280, bias=True)
        (drop): Dropout(p=0.0, inplace=False)
      )
    )
    (blocks): ModuleList(
      (0-2): 3 x Block(
        (norm1): LayerNorm((1280,), eps=1e-05, elementwise_affine=True, bias=True)
        (attn): Attention(
          (qkv): Linear(in_features=1280, out_features=3840, bias=True)
          (attn_drop): Dropout(p=0.0, inplace=False)
          (proj): Linear(in_features=1280, out_features=1280, bias=True)
          (proj_drop): Dropout(p=0.0, inplace=False)
        )
        (drop_path): Identity()
        (norm2): LayerNorm((1280,), eps=1e-05, elementwise_affine=True, bias=True)
        (mlp): MLP(
          (fc1): Linear(in_features=1280, out_features=5120, bias=True)
          (act): GELU(approximate='none')
          (fc2): Linear(in_features=5120, out_features=1280, bias=True)
          (drop): Dropout(p=0.0, inplace=False)
        )
      )
    )
  )
  (verb_classifier): Linear(in_features=1280, out_features=97, bias=True)
  (noun_classifier): Linear(in_features=1280, out_features=289, bias=True)
  (action_classifier): Linear(in_features=1280, out_features=3568, bias=True)
)
[INFO    ][2026-09-15 19:07:52][root                ][get_video_wds_dataset    ] Total number of shards across all data is num_shards=495
[INFO    ][2026-09-15 19:07:52][root                ][__init__                 ] Done initializing ResampledShards
[INFO    ][2026-09-15 19:07:52][root                ][main                     ] Dataloader created... iterations per epoch: 525
[INFO    ][2026-09-15 19:07:52][root                ][get_video_wds_dataset    ] Total number of shards across all data is num_shards=138
[INFO    ][2026-09-15 19:07:52][root                ][__init__                 ] Done initializing ResampledShards
[INFO    ][2026-09-15 19:07:52][root                ][main                     ] Val dataloader created... iterations per epoch: 72
[INFO    ][2026-09-15 19:07:52][root                ][init_opt                 ] Using AdamW
/data/hyuntak/project/2026/2027_cvpr/vjepa2/evals/action_anticipation_frozen/utils.py:34: FutureWarning: `torch.cuda.amp.GradScaler(args...)` is deprecated. Please use `torch.amp.GradScaler('cuda', args...)` instead.
  scalers += [torch.cuda.amp.GradScaler() if use_bfloat16 else None]
[INFO    ][2026-09-15 19:07:52][root                ][init_opt                 ] Using AdamW
[INFO    ][2026-09-15 19:07:52][root                ][init_opt                 ] Using AdamW
[INFO    ][2026-09-15 19:07:52][root                ][init_opt                 ] Using AdamW
[INFO    ][2026-09-15 19:07:52][root                ][init_opt                 ] Using AdamW
[INFO    ][2026-09-15 19:07:52][root                ][init_opt                 ] Using AdamW
[INFO    ][2026-09-15 19:07:52][root                ][init_opt                 ] Using AdamW
[INFO    ][2026-09-15 19:07:52][root                ][init_opt                 ] Using AdamW
AttentiveClassifier(
  (pooler): AttentivePooler(
    (cross_attention_block): CrossAttentionBlock(
      (norm1): LayerNorm((1280,), eps=1e-05, elementwise_affine=True, bias=True)
      (xattn): CrossAttention(
        (q): Linear(in_features=1280, out_features=1280, bias=True)
        (kv): Linear(in_features=1280, out_features=2560, bias=True)
      )
      (norm2): LayerNorm((1280,), eps=1e-05, elementwise_affine=True, bias=True)
      (mlp): MLP(
        (fc1): Linear(in_features=1280, out_features=5120, bias=True)
        (act): GELU(approximate='none')
        (fc2): Linear(in_features=5120, out_features=1280, bias=True)
        (drop): Dropout(p=0.0, inplace=False)
      )
    )
    (blocks): ModuleList(
      (0-2): 3 x Block(
        (norm1): LayerNorm((1280,), eps=1e-05, elementwise_affine=True, bias=True)
        (attn): Attention(
          (qkv): Linear(in_features=1280, out_features=3840, bias=True)
          (attn_drop): Dropout(p=0.0, inplace=False)
          (proj): Linear(in_features=1280, out_features=1280, bias=True)
          (proj_drop): Dropout(p=0.0, inplace=False)
        )
        (drop_path): Identity()
        (norm2): LayerNorm((1280,), eps=1e-05, elementwise_affine=True, bias=True)
        (mlp): MLP(
          (fc1): Linear(in_features=1280, out_features=5120, bias=True)
          (act): GELU(approximate='none')
          (fc2): Linear(in_features=5120, out_features=1280, bias=True)
          (drop): Dropout(p=0.0, inplace=False)
        )
      )
    )
  )
  (verb_classifier): Linear(in_features=1280, out_features=97, bias=True)
  (noun_classifier): Linear(in_features=1280, out_features=289, bias=True)
  (action_classifier): Linear(in_features=1280, out_features=3568, bias=True)
)
[INFO    ][2026-09-15 19:07:52][root                ][get_video_wds_dataset    ] Total number of shards across all data is num_shards=495
[INFO    ][2026-09-15 19:07:52][root                ][__init__                 ] Done initializing ResampledShards
[INFO    ][2026-09-15 19:07:52][root                ][main                     ] Dataloader created... iterations per epoch: 525
[INFO    ][2026-09-15 19:07:52][root                ][get_video_wds_dataset    ] Total number of shards across all data is num_shards=138
[INFO    ][2026-09-15 19:07:52][root                ][__init__                 ] Done initializing ResampledShards
[INFO    ][2026-09-15 19:07:52][root                ][main                     ] Val dataloader created... iterations per epoch: 72
[INFO    ][2026-09-15 19:07:52][root                ][init_opt                 ] Using AdamW
/data/hyuntak/project/2026/2027_cvpr/vjepa2/evals/action_anticipation_frozen/utils.py:34: FutureWarning: `torch.cuda.amp.GradScaler(args...)` is deprecated. Please use `torch.amp.GradScaler('cuda', args...)` instead.
  scalers += [torch.cuda.amp.GradScaler() if use_bfloat16 else None]
[INFO    ][2026-09-15 19:07:52][root                ][init_opt                 ] Using AdamW
[INFO    ][2026-09-15 19:07:52][root                ][init_opt                 ] Using AdamW
[INFO    ][2026-09-15 19:07:52][root                ][init_opt                 ] Using AdamW
[INFO    ][2026-09-15 19:07:52][root                ][init_opt                 ] Using AdamW
[INFO    ][2026-09-15 19:07:52][root                ][init_opt                 ] Using AdamW
[INFO    ][2026-09-15 19:07:52][root                ][init_opt                 ] Using AdamW
[INFO    ][2026-09-15 19:07:52][root                ][init_opt                 ] Using AdamW
AttentiveClassifier(
  (pooler): AttentivePooler(
    (cross_attention_block): CrossAttentionBlock(
      (norm1): LayerNorm((1280,), eps=1e-05, elementwise_affine=True, bias=True)
      (xattn): CrossAttention(
        (q): Linear(in_features=1280, out_features=1280, bias=True)
        (kv): Linear(in_features=1280, out_features=2560, bias=True)
      )
      (norm2): LayerNorm((1280,), eps=1e-05, elementwise_affine=True, bias=True)
      (mlp): MLP(
        (fc1): Linear(in_features=1280, out_features=5120, bias=True)
        (act): GELU(approximate='none')
        (fc2): Linear(in_features=5120, out_features=1280, bias=True)
        (drop): Dropout(p=0.0, inplace=False)
      )
    )
    (blocks): ModuleList(
      (0-2): 3 x Block(
        (norm1): LayerNorm((1280,), eps=1e-05, elementwise_affine=True, bias=True)
        (attn): Attention(
          (qkv): Linear(in_features=1280, out_features=3840, bias=True)
          (attn_drop): Dropout(p=0.0, inplace=False)
          (proj): Linear(in_features=1280, out_features=1280, bias=True)
          (proj_drop): Dropout(p=0.0, inplace=False)
        )
        (drop_path): Identity()
        (norm2): LayerNorm((1280,), eps=1e-05, elementwise_affine=True, bias=True)
        (mlp): MLP(
          (fc1): Linear(in_features=1280, out_features=5120, bias=True)
          (act): GELU(approximate='none')
          (fc2): Linear(in_features=5120, out_features=1280, bias=True)
          (drop): Dropout(p=0.0, inplace=False)
        )
      )
    )
  )
  (verb_classifier): Linear(in_features=1280, out_features=97, bias=True)
  (noun_classifier): Linear(in_features=1280, out_features=289, bias=True)
  (action_classifier): Linear(in_features=1280, out_features=3568, bias=True)
)
[INFO    ][2026-09-15 19:07:52][root                ][get_video_wds_dataset    ] Total number of shards across all data is num_shards=495
[INFO    ][2026-09-15 19:07:52][root                ][__init__                 ] Done initializing ResampledShards
[INFO    ][2026-09-15 19:07:52][root                ][main                     ] Dataloader created... iterations per epoch: 525
[INFO    ][2026-09-15 19:07:52][root                ][get_video_wds_dataset    ] Total number of shards across all data is num_shards=138
[INFO    ][2026-09-15 19:07:52][root                ][__init__                 ] Done initializing ResampledShards
[INFO    ][2026-09-15 19:07:52][root                ][main                     ] Val dataloader created... iterations per epoch: 72
[INFO    ][2026-09-15 19:07:52][root                ][init_opt                 ] Using AdamW
/data/hyuntak/project/2026/2027_cvpr/vjepa2/evals/action_anticipation_frozen/utils.py:34: FutureWarning: `torch.cuda.amp.GradScaler(args...)` is deprecated. Please use `torch.amp.GradScaler('cuda', args...)` instead.
  scalers += [torch.cuda.amp.GradScaler() if use_bfloat16 else None]
[INFO    ][2026-09-15 19:07:52][root                ][init_opt                 ] Using AdamW
[INFO    ][2026-09-15 19:07:52][root                ][init_opt                 ] Using AdamW
[INFO    ][2026-09-15 19:07:52][root                ][init_opt                 ] Using AdamW
[INFO    ][2026-09-15 19:07:52][root                ][init_opt                 ] Using AdamW
[INFO    ][2026-09-15 19:07:52][root                ][init_opt                 ] Using AdamW
[INFO    ][2026-09-15 19:07:52][root                ][init_opt                 ] Using AdamW
[INFO    ][2026-09-15 19:07:52][root                ][init_opt                 ] Using AdamW
AttentiveClassifier(
  (pooler): AttentivePooler(
    (cross_attention_block): CrossAttentionBlock(
      (norm1): LayerNorm((1280,), eps=1e-05, elementwise_affine=True, bias=True)
      (xattn): CrossAttention(
        (q): Linear(in_features=1280, out_features=1280, bias=True)
        (kv): Linear(in_features=1280, out_features=2560, bias=True)
      )
      (norm2): LayerNorm((1280,), eps=1e-05, elementwise_affine=True, bias=True)
      (mlp): MLP(
        (fc1): Linear(in_features=1280, out_features=5120, bias=True)
        (act): GELU(approximate='none')
        (fc2): Linear(in_features=5120, out_features=1280, bias=True)
        (drop): Dropout(p=0.0, inplace=False)
      )
    )
    (blocks): ModuleList(
      (0-2): 3 x Block(
        (norm1): LayerNorm((1280,), eps=1e-05, elementwise_affine=True, bias=True)
        (attn): Attention(
          (qkv): Linear(in_features=1280, out_features=3840, bias=True)
          (attn_drop): Dropout(p=0.0, inplace=False)
          (proj): Linear(in_features=1280, out_features=1280, bias=True)
          (proj_drop): Dropout(p=0.0, inplace=False)
        )
        (drop_path): Identity()
        (norm2): LayerNorm((1280,), eps=1e-05, elementwise_affine=True, bias=True)
        (mlp): MLP(
          (fc1): Linear(in_features=1280, out_features=5120, bias=True)
          (act): GELU(approximate='none')
          (fc2): Linear(in_features=5120, out_features=1280, bias=True)
          (drop): Dropout(p=0.0, inplace=False)
        )
      )
    )
  )
  (verb_classifier): Linear(in_features=1280, out_features=97, bias=True)
  (noun_classifier): Linear(in_features=1280, out_features=289, bias=True)
  (action_classifier): Linear(in_features=1280, out_features=3568, bias=True)
)
[INFO    ][2026-09-15 19:07:52][root                ][get_video_wds_dataset    ] Total number of shards across all data is num_shards=495
[INFO    ][2026-09-15 19:07:52][root                ][__init__                 ] Done initializing ResampledShards
[INFO    ][2026-09-15 19:07:52][root                ][main                     ] Dataloader created... iterations per epoch: 525
[INFO    ][2026-09-15 19:07:52][root                ][get_video_wds_dataset    ] Total number of shards across all data is num_shards=138
[INFO    ][2026-09-15 19:07:52][root                ][__init__                 ] Done initializing ResampledShards
[INFO    ][2026-09-15 19:07:52][root                ][main                     ] Val dataloader created... iterations per epoch: 72
[INFO    ][2026-09-15 19:07:52][root                ][init_opt                 ] Using AdamW
/data/hyuntak/project/2026/2027_cvpr/vjepa2/evals/action_anticipation_frozen/utils.py:34: FutureWarning: `torch.cuda.amp.GradScaler(args...)` is deprecated. Please use `torch.amp.GradScaler('cuda', args...)` instead.
  scalers += [torch.cuda.amp.GradScaler() if use_bfloat16 else None]
[INFO    ][2026-09-15 19:07:52][root                ][init_opt                 ] Using AdamW
[INFO    ][2026-09-15 19:07:52][root                ][init_opt                 ] Using AdamW
[INFO    ][2026-09-15 19:07:52][root                ][init_opt                 ] Using AdamW
[INFO    ][2026-09-15 19:07:52][root                ][init_opt                 ] Using AdamW
[INFO    ][2026-09-15 19:07:52][root                ][init_opt                 ] Using AdamW
[INFO    ][2026-09-15 19:07:52][root                ][init_opt                 ] Using AdamW
[INFO    ][2026-09-15 19:07:52][root                ][init_opt                 ] Using AdamW
[INFO    ][2026-09-15 19:07:54][root                ][main                     ] Epoch 0
[INFO    ][2026-09-15 19:07:54][root                ][main                     ] Training...
/data/hyuntak/project/2026/2027_cvpr/vjepa2/evals/action_anticipation_frozen/eval.py:593: FutureWarning: `torch.cuda.amp.autocast(args...)` is deprecated. Please use `torch.amp.autocast('cuda', args...)` instead.
  with torch.cuda.amp.autocast(dtype=torch.bfloat16, enabled=use_bfloat16):
/data/hyuntak/project/2026/2027_cvpr/vjepa2/evals/action_anticipation_frozen/eval.py:593: FutureWarning: `torch.cuda.amp.autocast(args...)` is deprecated. Please use `torch.amp.autocast('cuda', args...)` instead.
  with torch.cuda.amp.autocast(dtype=torch.bfloat16, enabled=use_bfloat16):
/data/hyuntak/project/2026/2027_cvpr/vjepa2/evals/action_anticipation_frozen/eval.py:593: FutureWarning: `torch.cuda.amp.autocast(args...)` is deprecated. Please use `torch.amp.autocast('cuda', args...)` instead.
  with torch.cuda.amp.autocast(dtype=torch.bfloat16, enabled=use_bfloat16):
/data/hyuntak/project/2026/2027_cvpr/vjepa2/evals/action_anticipation_frozen/eval.py:593: FutureWarning: `torch.cuda.amp.autocast(args...)` is deprecated. Please use `torch.amp.autocast('cuda', args...)` instead.
  with torch.cuda.amp.autocast(dtype=torch.bfloat16, enabled=use_bfloat16):
/data/hyuntak/project/2026/2027_cvpr/vjepa2/evals/action_anticipation_frozen/eval.py:593: FutureWarning: `torch.cuda.amp.autocast(args...)` is deprecated. Please use `torch.amp.autocast('cuda', args...)` instead.
  with torch.cuda.amp.autocast(dtype=torch.bfloat16, enabled=use_bfloat16):
/data/hyuntak/project/2026/2027_cvpr/vjepa2/evals/action_anticipation_frozen/eval.py:593: FutureWarning: `torch.cuda.amp.autocast(args...)` is deprecated. Please use `torch.amp.autocast('cuda', args...)` instead.
  with torch.cuda.amp.autocast(dtype=torch.bfloat16, enabled=use_bfloat16):
/data/hyuntak/project/2026/2027_cvpr/vjepa2/evals/action_anticipation_frozen/eval.py:593: FutureWarning: `torch.cuda.amp.autocast(args...)` is deprecated. Please use `torch.amp.autocast('cuda', args...)` instead.
  with torch.cuda.amp.autocast(dtype=torch.bfloat16, enabled=use_bfloat16):
/data/hyuntak/project/2026/2027_cvpr/vjepa2/evals/action_anticipation_frozen/eval.py:593: FutureWarning: `torch.cuda.amp.autocast(args...)` is deprecated. Please use `torch.amp.autocast('cuda', args...)` instead.
  with torch.cuda.amp.autocast(dtype=torch.bfloat16, enabled=use_bfloat16):
/data/hyuntak/anaconda3/envs/vjepa2/lib/python3.12/contextlib.py:105: FutureWarning: `torch.backends.cuda.sdp_kernel()` is deprecated. In the future, this context manager will be removed. Please see `torch.nn.attention.sdpa_kernel()` for the new context manager, with updated signature.
  self.gen = func(*args, **kwds)
/data/hyuntak/anaconda3/envs/vjepa2/lib/python3.12/contextlib.py:105: FutureWarning: `torch.backends.cuda.sdp_kernel()` is deprecated. In the future, this context manager will be removed. Please see `torch.nn.attention.sdpa_kernel()` for the new context manager, with updated signature.
  self.gen = func(*args, **kwds)
/data/hyuntak/anaconda3/envs/vjepa2/lib/python3.12/contextlib.py:105: FutureWarning: `torch.backends.cuda.sdp_kernel()` is deprecated. In the future, this context manager will be removed. Please see `torch.nn.attention.sdpa_kernel()` for the new context manager, with updated signature.
  self.gen = func(*args, **kwds)
/data/hyuntak/anaconda3/envs/vjepa2/lib/python3.12/contextlib.py:105: FutureWarning: `torch.backends.cuda.sdp_kernel()` is deprecated. In the future, this context manager will be removed. Please see `torch.nn.attention.sdpa_kernel()` for the new context manager, with updated signature.
  self.gen = func(*args, **kwds)
/data/hyuntak/anaconda3/envs/vjepa2/lib/python3.12/contextlib.py:105: FutureWarning: `torch.backends.cuda.sdp_kernel()` is deprecated. In the future, this context manager will be removed. Please see `torch.nn.attention.sdpa_kernel()` for the new context manager, with updated signature.
  self.gen = func(*args, **kwds)
/data/hyuntak/anaconda3/envs/vjepa2/lib/python3.12/contextlib.py:105: FutureWarning: `torch.backends.cuda.sdp_kernel()` is deprecated. In the future, this context manager will be removed. Please see `torch.nn.attention.sdpa_kernel()` for the new context manager, with updated signature.
  self.gen = func(*args, **kwds)
/data/hyuntak/anaconda3/envs/vjepa2/lib/python3.12/contextlib.py:105: FutureWarning: `torch.backends.cuda.sdp_kernel()` is deprecated. In the future, this context manager will be removed. Please see `torch.nn.attention.sdpa_kernel()` for the new context manager, with updated signature.
  self.gen = func(*args, **kwds)
/data/hyuntak/anaconda3/envs/vjepa2/lib/python3.12/contextlib.py:105: FutureWarning: `torch.backends.cuda.sdp_kernel()` is deprecated. In the future, this context manager will be removed. Please see `torch.nn.attention.sdpa_kernel()` for the new context manager, with updated signature.
  self.gen = func(*args, **kwds)
/data/hyuntak/project/2026/2027_cvpr/vjepa2/evals/action_anticipation_frozen/eval.py:629: FutureWarning: `torch.cuda.amp.autocast(args...)` is deprecated. Please use `torch.amp.autocast('cuda', args...)` instead.
  with torch.cuda.amp.autocast(dtype=torch.bfloat16, enabled=use_bfloat16):
/data/hyuntak/project/2026/2027_cvpr/vjepa2/evals/action_anticipation_frozen/eval.py:629: FutureWarning: `torch.cuda.amp.autocast(args...)` is deprecated. Please use `torch.amp.autocast('cuda', args...)` instead.
  with torch.cuda.amp.autocast(dtype=torch.bfloat16, enabled=use_bfloat16):
/data/hyuntak/project/2026/2027_cvpr/vjepa2/evals/action_anticipation_frozen/eval.py:629: FutureWarning: `torch.cuda.amp.autocast(args...)` is deprecated. Please use `torch.amp.autocast('cuda', args...)` instead.
  with torch.cuda.amp.autocast(dtype=torch.bfloat16, enabled=use_bfloat16):
/data/hyuntak/project/2026/2027_cvpr/vjepa2/evals/action_anticipation_frozen/eval.py:629: FutureWarning: `torch.cuda.amp.autocast(args...)` is deprecated. Please use `torch.amp.autocast('cuda', args...)` instead.
  with torch.cuda.amp.autocast(dtype=torch.bfloat16, enabled=use_bfloat16):
/data/hyuntak/project/2026/2027_cvpr/vjepa2/evals/action_anticipation_frozen/eval.py:629: FutureWarning: `torch.cuda.amp.autocast(args...)` is deprecated. Please use `torch.amp.autocast('cuda', args...)` instead.
  with torch.cuda.amp.autocast(dtype=torch.bfloat16, enabled=use_bfloat16):
/data/hyuntak/project/2026/2027_cvpr/vjepa2/evals/action_anticipation_frozen/eval.py:629: FutureWarning: `torch.cuda.amp.autocast(args...)` is deprecated. Please use `torch.amp.autocast('cuda', args...)` instead.
  with torch.cuda.amp.autocast(dtype=torch.bfloat16, enabled=use_bfloat16):
/data/hyuntak/project/2026/2027_cvpr/vjepa2/evals/action_anticipation_frozen/eval.py:629: FutureWarning: `torch.cuda.amp.autocast(args...)` is deprecated. Please use `torch.amp.autocast('cuda', args...)` instead.
  with torch.cuda.amp.autocast(dtype=torch.bfloat16, enabled=use_bfloat16):
/data/hyuntak/project/2026/2027_cvpr/vjepa2/evals/action_anticipation_frozen/eval.py:629: FutureWarning: `torch.cuda.amp.autocast(args...)` is deprecated. Please use `torch.amp.autocast('cuda', args...)` instead.
  with torch.cuda.amp.autocast(dtype=torch.bfloat16, enabled=use_bfloat16):
[INFO    ][2026-09-15 19:08:38][root                ][train_one_epoch          ] [    0] acc (v/n): 0.8% (9.4% 6.2%) recall (v/n): 0.7% (12.9% 4.1%) [mem: 1.61e+04] [data: 8794.3 ms]
[INFO    ][2026-09-15 19:10:40][root                ][train_one_epoch          ] [   10] acc (v/n): 1.6% (34.4% 8.6%) recall (v/n): 0.3% (9.2% 2.8%) [mem: 2.02e+04] [data: 817.2 ms]
[INFO    ][2026-09-15 19:12:39][root                ][train_one_epoch          ] [   20] acc (v/n): 4.3% (40.8% 10.6%) recall (v/n): 0.4% (8.6% 2.2%) [mem: 2.02e+04] [data: 437.4 ms]
[INFO    ][2026-09-15 19:14:39][root                ][train_one_epoch          ] [   30] acc (v/n): 4.7% (43.1% 10.6%) recall (v/n): 0.4% (7.0% 2.4%) [mem: 2.02e+04] [data: 302.8 ms]
[INFO    ][2026-09-15 19:16:39][root                ][train_one_epoch          ] [   40] acc (v/n): 4.6% (45.5% 10.2%) recall (v/n): 0.4% (6.4% 2.4%) [mem: 2.02e+04] [data: 234.0 ms]
[INFO    ][2026-09-15 19:18:39][root                ][train_one_epoch          ] [   50] acc (v/n): 4.9% (48.6% 11.1%) recall (v/n): 0.4% (6.2% 2.4%) [mem: 2.02e+04] [data: 192.1 ms]
[INFO    ][2026-09-15 19:20:39][root                ][train_one_epoch          ] [   60] acc (v/n): 5.3% (49.9% 11.6%) recall (v/n): 0.4% (6.2% 2.1%) [mem: 2.02e+04] [data: 163.8 ms]
[INFO    ][2026-09-15 19:22:39][root                ][train_one_epoch          ] [   70] acc (v/n): 5.6% (50.6% 12.0%) recall (v/n): 0.3% (5.7% 2.1%) [mem: 2.02e+04] [data: 143.4 ms]
[INFO    ][2026-09-15 19:24:38][root                ][train_one_epoch          ] [   80] acc (v/n): 6.0% (50.9% 12.2%) recall (v/n): 0.3% (5.6% 2.2%) [mem: 2.02e+04] [data: 128.2 ms]
[INFO    ][2026-09-15 19:26:39][root                ][train_one_epoch          ] [   90] acc (v/n): 6.1% (51.7% 12.3%) recall (v/n): 0.3% (5.7% 2.2%) [mem: 2.02e+04] [data: 116.2 ms]
[INFO    ][2026-09-15 19:28:38][root                ][train_one_epoch          ] [  100] acc (v/n): 6.4% (52.4% 12.9%) recall (v/n): 0.3% (5.9% 2.3%) [mem: 2.02e+04] [data: 106.7 ms]
[INFO    ][2026-09-15 19:30:38][root                ][train_one_epoch          ] [  110] acc (v/n): 6.6% (53.0% 13.6%) recall (v/n): 0.3% (5.8% 2.3%) [mem: 2.02e+04] [data: 98.8 ms]
[INFO    ][2026-09-15 19:32:38][root                ][train_one_epoch          ] [  120] acc (v/n): 6.7% (53.6% 13.8%) recall (v/n): 0.3% (5.8% 2.3%) [mem: 2.02e+04] [data: 92.3 ms]
[INFO    ][2026-09-15 19:34:38][root                ][train_one_epoch          ] [  130] acc (v/n): 6.7% (54.3% 14.1%) recall (v/n): 0.3% (5.7% 2.3%) [mem: 2.02e+04] [data: 86.7 ms]
[INFO    ][2026-09-15 19:36:39][root                ][train_one_epoch          ] [  140] acc (v/n): 6.9% (54.6% 14.1%) recall (v/n): 0.3% (5.6% 2.3%) [mem: 2.02e+04] [data: 82.0 ms]
[INFO    ][2026-09-15 19:38:38][root                ][train_one_epoch          ] [  150] acc (v/n): 7.1% (55.1% 14.2%) recall (v/n): 0.3% (5.5% 2.3%) [mem: 2.02e+04] [data: 77.9 ms]
[INFO    ][2026-09-15 19:40:39][root                ][train_one_epoch          ] [  160] acc (v/n): 7.3% (55.6% 14.5%) recall (v/n): 0.3% (5.5% 2.3%) [mem: 2.02e+04] [data: 74.2 ms]
[INFO    ][2026-09-15 19:42:40][root                ][train_one_epoch          ] [  170] acc (v/n): 7.3% (56.0% 14.6%) recall (v/n): 0.3% (5.5% 2.3%) [mem: 2.02e+04] [data: 71.1 ms]
[INFO    ][2026-09-15 19:44:40][root                ][train_one_epoch          ] [  180] acc (v/n): 7.3% (56.4% 14.5%) recall (v/n): 0.3% (5.5% 2.2%) [mem: 2.02e+04] [data: 68.2 ms]
[INFO    ][2026-09-15 19:46:41][root                ][train_one_epoch          ] [  190] acc (v/n): 7.4% (56.7% 14.8%) recall (v/n): 0.3% (5.5% 2.2%) [mem: 2.02e+04] [data: 65.7 ms]
[INFO    ][2026-09-15 19:48:40][root                ][train_one_epoch          ] [  200] acc (v/n): 7.4% (57.1% 14.7%) recall (v/n): 0.3% (5.4% 2.2%) [mem: 2.02e+04] [data: 63.4 ms]
[INFO    ][2026-09-15 19:50:40][root                ][train_one_epoch          ] [  210] acc (v/n): 7.3% (57.6% 14.6%) recall (v/n): 0.3% (5.4% 2.2%) [mem: 2.02e+04] [data: 61.3 ms]
[INFO    ][2026-09-15 19:52:41][root                ][train_one_epoch          ] [  220] acc (v/n): 7.3% (57.7% 14.7%) recall (v/n): 0.3% (5.4% 2.2%) [mem: 2.02e+04] [data: 59.4 ms]
[INFO    ][2026-09-15 19:54:41][root                ][train_one_epoch          ] [  230] acc (v/n): 7.3% (58.1% 14.8%) recall (v/n): 0.3% (5.4% 2.2%) [mem: 2.02e+04] [data: 57.7 ms]
[INFO    ][2026-09-15 19:56:41][root                ][train_one_epoch          ] [  240] acc (v/n): 7.5% (58.3% 14.8%) recall (v/n): 0.3% (5.4% 2.1%) [mem: 2.02e+04] [data: 56.2 ms]
[INFO    ][2026-09-15 19:58:41][root                ][train_one_epoch          ] [  250] acc (v/n): 7.5% (58.7% 15.0%) recall (v/n): 0.3% (5.4% 2.1%) [mem: 2.02e+04] [data: 54.7 ms]
[INFO    ][2026-09-15 20:00:41][root                ][train_one_epoch          ] [  260] acc (v/n): 7.6% (59.0% 15.2%) recall (v/n): 0.3% (5.4% 2.2%) [mem: 2.02e+04] [data: 53.4 ms]
[INFO    ][2026-09-15 20:02:43][root                ][train_one_epoch          ] [  270] acc (v/n): 7.6% (59.1% 15.1%) recall (v/n): 0.3% (5.4% 2.1%) [mem: 2.02e+04] [data: 52.1 ms]
[INFO    ][2026-09-15 20:04:42][root                ][train_one_epoch          ] [  280] acc (v/n): 7.6% (59.2% 15.2%) recall (v/n): 0.3% (5.4% 2.1%) [mem: 2.02e+04] [data: 51.0 ms]
[INFO    ][2026-09-15 20:06:42][root                ][train_one_epoch          ] [  290] acc (v/n): 7.6% (59.3% 15.2%) recall (v/n): 0.3% (5.4% 2.1%) [mem: 2.02e+04] [data: 49.9 ms]
[INFO    ][2026-09-15 20:08:44][root                ][train_one_epoch          ] [  300] acc (v/n): 7.6% (59.4% 15.3%) recall (v/n): 0.3% (5.4% 2.0%) [mem: 2.02e+04] [data: 48.8 ms]
[INFO    ][2026-09-15 20:10:44][root                ][train_one_epoch          ] [  310] acc (v/n): 7.6% (59.6% 15.2%) recall (v/n): 0.3% (5.4% 2.0%) [mem: 2.02e+04] [data: 47.9 ms]
[INFO    ][2026-09-15 20:12:45][root                ][train_one_epoch          ] [  320] acc (v/n): 7.6% (59.6% 15.2%) recall (v/n): 0.2% (5.5% 2.1%) [mem: 2.02e+04] [data: 47.0 ms]
[INFO    ][2026-09-15 20:14:45][root                ][train_one_epoch          ] [  330] acc (v/n): 7.6% (59.8% 15.2%) recall (v/n): 0.2% (5.5% 2.1%) [mem: 2.02e+04] [data: 46.2 ms]
[INFO    ][2026-09-15 20:16:45][root                ][train_one_epoch          ] [  340] acc (v/n): 7.6% (59.9% 15.2%) recall (v/n): 0.2% (5.5% 2.1%) [mem: 2.02e+04] [data: 45.4 ms]
[INFO    ][2026-09-15 20:18:45][root                ][train_one_epoch          ] [  350] acc (v/n): 7.7% (60.0% 15.3%) recall (v/n): 0.2% (5.5% 2.2%) [mem: 2.02e+04] [data: 44.7 ms]
[INFO    ][2026-09-15 20:20:45][root                ][train_one_epoch          ] [  360] acc (v/n): 7.7% (60.0% 15.4%) recall (v/n): 0.2% (5.5% 2.2%) [mem: 2.02e+04] [data: 44.0 ms]
[INFO    ][2026-09-15 20:22:46][root                ][train_one_epoch          ] [  370] acc (v/n): 7.7% (60.0% 15.4%) recall (v/n): 0.2% (5.5% 2.2%) [mem: 2.02e+04] [data: 43.4 ms]
[INFO    ][2026-09-15 20:24:48][root                ][train_one_epoch          ] [  380] acc (v/n): 7.7% (59.9% 15.4%) recall (v/n): 0.2% (5.5% 2.2%) [mem: 2.02e+04] [data: 42.7 ms]
[INFO    ][2026-09-15 20:26:48][root                ][train_one_epoch          ] [  390] acc (v/n): 7.7% (59.9% 15.3%) recall (v/n): 0.2% (5.5% 2.2%) [mem: 2.02e+04] [data: 42.1 ms]
[INFO    ][2026-09-15 20:29:04][root                ][train_one_epoch          ] [  400] acc (v/n): 7.7% (59.8% 15.2%) recall (v/n): 0.2% (5.5% 2.2%) [mem: 2.02e+04] [data: 41.6 ms]
[INFO    ][2026-09-15 20:31:03][root                ][train_one_epoch          ] [  410] acc (v/n): 7.7% (59.9% 15.3%) recall (v/n): 0.2% (5.5% 2.2%) [mem: 2.02e+04] [data: 41.1 ms]
[INFO    ][2026-09-15 20:33:03][root                ][train_one_epoch          ] [  420] acc (v/n): 7.7% (59.9% 15.3%) recall (v/n): 0.2% (5.5% 2.2%) [mem: 2.02e+04] [data: 40.5 ms]
[INFO    ][2026-09-15 20:35:04][root                ][train_one_epoch          ] [  430] acc (v/n): 7.7% (59.8% 15.3%) recall (v/n): 0.2% (5.5% 2.3%) [mem: 2.02e+04] [data: 40.1 ms]
[INFO    ][2026-09-15 20:37:04][root                ][train_one_epoch          ] [  440] acc (v/n): 7.7% (59.9% 15.2%) recall (v/n): 0.2% (5.6% 2.3%) [mem: 2.02e+04] [data: 39.6 ms]
[INFO    ][2026-09-15 20:39:20][root                ][train_one_epoch          ] [  450] acc (v/n): 7.8% (59.9% 15.2%) recall (v/n): 0.2% (5.6% 2.3%) [mem: 2.02e+04] [data: 39.1 ms]
[INFO    ][2026-09-15 20:41:20][root                ][train_one_epoch          ] [  460] acc (v/n): 7.9% (59.9% 15.2%) recall (v/n): 0.2% (5.6% 2.3%) [mem: 2.02e+04] [data: 38.7 ms]
[INFO    ][2026-09-15 20:43:19][root                ][train_one_epoch          ] [  470] acc (v/n): 7.9% (60.1% 15.3%) recall (v/n): 0.2% (5.6% 2.3%) [mem: 2.02e+04] [data: 38.3 ms]
[INFO    ][2026-09-15 20:45:19][root                ][train_one_epoch          ] [  480] acc (v/n): 7.9% (60.1% 15.3%) recall (v/n): 0.2% (5.6% 2.3%) [mem: 2.02e+04] [data: 37.9 ms]
[INFO    ][2026-09-15 20:47:18][root                ][train_one_epoch          ] [  490] acc (v/n): 7.9% (60.2% 15.4%) recall (v/n): 0.2% (5.7% 2.3%) [mem: 2.02e+04] [data: 37.5 ms]
[INFO    ][2026-09-15 20:49:17][root                ][train_one_epoch          ] [  500] acc (v/n): 8.0% (60.3% 15.4%) recall (v/n): 0.2% (5.7% 2.3%) [mem: 2.02e+04] [data: 37.2 ms]
[INFO    ][2026-09-15 20:51:34][root                ][train_one_epoch          ] [  510] acc (v/n): 8.0% (60.4% 15.4%) recall (v/n): 0.2% (5.7% 2.3%) [mem: 2.02e+04] [data: 36.8 ms]
[INFO    ][2026-09-15 20:53:33][root                ][train_one_epoch          ] [  520] acc (v/n): 8.0% (60.6% 15.5%) recall (v/n): 0.2% (5.8% 2.3%) [mem: 2.02e+04] [data: 36.4 ms]
[INFO    ][2026-09-15 20:54:38][root                ][train_one_epoch          ] [  524] acc (v/n): 8.0% (60.7% 15.5%) recall (v/n): 0.2% (5.8% 2.3%) [mem: 2.02e+04] [data: 69.0 ms]
[INFO    ][2026-09-15 20:55:01][root                ][validate_exact           ] [exact val] itr 0  clips so far (this rank) 16
[INFO    ][2026-09-15 20:59:04][root                ][validate_exact           ] [exact val] itr 50  clips so far (this rank) 796
[INFO    ][2026-09-15 21:03:04][root                ][validate_exact           ] [exact val] itr 100  clips so far (this rank) 1573
[INFO    ][2026-09-15 21:04:47][root                ][main                     ] [exact val] epoch 1  n_clips 9296/9296  mean class recall@5  action 0.72  verb 10.26  noun 3.73
[INFO    ][2026-09-15 21:04:48][root                ][main                     ] [    1] train acc (v/n): 8.0% (60.7% 15.5%) train recall (v/n): 0.2% (5.8% 2.3%) val acc (v/n): 10.2% (70.2% 18.6%) val recall (v/n): 0.7% (10.3% 3.7%) 
[INFO    ][2026-09-15 21:05:01][root                ][main                     ] Epoch 1
[INFO    ][2026-09-15 21:05:01][root                ][main                     ] Training...
[INFO    ][2026-09-15 21:05:36][root                ][train_one_epoch          ] [    0] acc (v/n): 12.5% (68.8% 21.9%) recall (v/n): 7.9% (30.7% 13.0%) [mem: 2.02e+04] [data: 6286.0 ms]
[INFO    ][2026-09-15 21:07:35][root                ][train_one_epoch          ] [   10] acc (v/n): 9.9% (70.7% 20.4%) recall (v/n): 1.4% (11.0% 4.8%) [mem: 2.02e+04] [data: 589.2 ms]
[INFO    ][2026-09-15 21:09:33][root                ][train_one_epoch          ] [   20] acc (v/n): 10.0% (71.0% 20.5%) recall (v/n): 1.0% (10.2% 4.3%) [mem: 2.02e+04] [data: 318.5 ms]
[INFO    ][2026-09-15 21:11:32][root                ][train_one_epoch          ] [   30] acc (v/n): 9.9% (70.3% 20.2%) recall (v/n): 0.9% (9.0% 4.1%) [mem: 2.02e+04] [data: 222.4 ms]
[INFO    ][2026-09-15 21:13:32][root                ][train_one_epoch          ] [   40] acc (v/n): 10.0% (69.6% 19.7%) recall (v/n): 0.7% (9.0% 4.0%) [mem: 2.02e+04] [data: 173.2 ms]
[INFO    ][2026-09-15 21:15:31][root                ][train_one_epoch          ] [   50] acc (v/n): 10.5% (69.6% 20.4%) recall (v/n): 0.7% (8.8% 4.0%) [mem: 2.02e+04] [data: 143.1 ms]
[INFO    ][2026-09-15 21:17:30][root                ][train_one_epoch          ] [   60] acc (v/n): 10.7% (69.1% 20.0%) recall (v/n): 0.7% (8.8% 3.8%) [mem: 2.02e+04] [data: 123.1 ms]
[INFO    ][2026-09-15 21:19:29][root                ][train_one_epoch          ] [   70] acc (v/n): 11.0% (69.0% 20.3%) recall (v/n): 0.6% (8.5% 3.9%) [mem: 2.02e+04] [data: 108.6 ms]
[INFO    ][2026-09-15 21:21:28][root                ][train_one_epoch          ] [   80] acc (v/n): 11.4% (69.1% 20.9%) recall (v/n): 0.6% (8.3% 3.9%) [mem: 2.02e+04] [data: 97.8 ms]
[INFO    ][2026-09-15 21:23:28][root                ][train_one_epoch          ] [   90] acc (v/n): 11.5% (69.6% 21.2%) recall (v/n): 0.6% (8.2% 3.8%) [mem: 2.02e+04] [data: 89.4 ms]
[INFO    ][2026-09-15 21:25:26][root                ][train_one_epoch          ] [  100] acc (v/n): 11.6% (69.9% 21.7%) recall (v/n): 0.5% (8.2% 3.8%) [mem: 2.02e+04] [data: 82.4 ms]
[INFO    ][2026-09-15 21:27:25][root                ][train_one_epoch          ] [  110] acc (v/n): 11.6% (70.1% 21.9%) recall (v/n): 0.5% (8.3% 3.9%) [mem: 2.02e+04] [data: 76.8 ms]
[INFO    ][2026-09-15 21:29:24][root                ][train_one_epoch          ] [  120] acc (v/n): 12.1% (70.4% 22.6%) recall (v/n): 0.6% (8.3% 4.0%) [mem: 2.02e+04] [data: 72.0 ms]
[INFO    ][2026-09-15 21:31:23][root                ][train_one_epoch          ] [  130] acc (v/n): 12.2% (70.4% 22.8%) recall (v/n): 0.6% (8.1% 4.1%) [mem: 2.02e+04] [data: 68.0 ms]
[INFO    ][2026-09-15 21:33:22][root                ][train_one_epoch          ] [  140] acc (v/n): 12.2% (70.4% 23.3%) recall (v/n): 0.5% (8.2% 4.3%) [mem: 2.02e+04] [data: 64.6 ms]
[INFO    ][2026-09-15 21:35:21][root                ][train_one_epoch          ] [  150] acc (v/n): 12.3% (70.4% 23.5%) recall (v/n): 0.6% (8.3% 4.3%) [mem: 2.02e+04] [data: 61.6 ms]
[INFO    ][2026-09-15 21:37:19][root                ][train_one_epoch          ] [  160] acc (v/n): 12.5% (70.4% 23.4%) recall (v/n): 0.6% (8.4% 4.2%) [mem: 2.02e+04] [data: 59.0 ms]
[INFO    ][2026-09-15 21:39:18][root                ][train_one_epoch          ] [  170] acc (v/n): 12.5% (70.3% 23.5%) recall (v/n): 0.5% (8.5% 4.3%) [mem: 2.02e+04] [data: 56.7 ms]
[INFO    ][2026-09-15 21:41:17][root                ][train_one_epoch          ] [  180] acc (v/n): 12.6% (70.7% 23.7%) recall (v/n): 0.5% (8.6% 4.3%) [mem: 2.02e+04] [data: 54.6 ms]
[INFO    ][2026-09-15 21:43:16][root                ][train_one_epoch          ] [  190] acc (v/n): 12.8% (70.9% 24.0%) recall (v/n): 0.5% (8.7% 4.4%) [mem: 2.02e+04] [data: 52.8 ms]
[INFO    ][2026-09-15 21:45:15][root                ][train_one_epoch          ] [  200] acc (v/n): 12.8% (71.0% 24.0%) recall (v/n): 0.5% (8.7% 4.4%) [mem: 2.02e+04] [data: 51.2 ms]
[INFO    ][2026-09-15 21:47:14][root                ][train_one_epoch          ] [  210] acc (v/n): 12.9% (71.0% 24.2%) recall (v/n): 0.5% (8.8% 4.5%) [mem: 2.02e+04] [data: 49.7 ms]
[INFO    ][2026-09-15 21:49:13][root                ][train_one_epoch          ] [  220] acc (v/n): 13.0% (71.1% 24.3%) recall (v/n): 0.6% (8.9% 4.5%) [mem: 2.02e+04] [data: 48.4 ms]
[INFO    ][2026-09-15 21:51:12][root                ][train_one_epoch          ] [  230] acc (v/n): 13.1% (71.2% 24.6%) recall (v/n): 0.6% (9.1% 4.7%) [mem: 2.02e+04] [data: 47.1 ms]
[INFO    ][2026-09-15 21:53:11][root                ][train_one_epoch          ] [  240] acc (v/n): 13.1% (71.2% 24.7%) recall (v/n): 0.6% (9.2% 4.7%) [mem: 2.02e+04] [data: 46.0 ms]
[INFO    ][2026-09-15 21:55:10][root                ][train_one_epoch          ] [  250] acc (v/n): 13.1% (71.0% 24.8%) recall (v/n): 0.6% (9.4% 4.7%) [mem: 2.02e+04] [data: 45.0 ms]
[INFO    ][2026-09-15 21:57:09][root                ][train_one_epoch          ] [  260] acc (v/n): 13.1% (71.0% 25.0%) recall (v/n): 0.6% (9.9% 4.7%) [mem: 2.02e+04] [data: 44.0 ms]
[INFO    ][2026-09-15 21:59:08][root                ][train_one_epoch          ] [  270] acc (v/n): 13.1% (71.0% 25.4%) recall (v/n): 0.6% (9.9% 4.8%) [mem: 2.02e+04] [data: 43.1 ms]
[INFO    ][2026-09-15 22:01:07][root                ][train_one_epoch          ] [  280] acc (v/n): 13.2% (70.9% 25.6%) recall (v/n): 0.6% (10.3% 4.8%) [mem: 2.02e+04] [data: 42.3 ms]
[INFO    ][2026-09-15 22:03:06][root                ][train_one_epoch          ] [  290] acc (v/n): 13.3% (71.0% 25.7%) recall (v/n): 0.6% (10.3% 4.9%) [mem: 2.02e+04] [data: 41.5 ms]
[INFO    ][2026-09-15 22:05:05][root                ][train_one_epoch          ] [  300] acc (v/n): 13.5% (71.1% 26.2%) recall (v/n): 0.6% (10.3% 5.0%) [mem: 2.02e+04] [data: 40.8 ms]
[INFO    ][2026-09-15 22:07:03][root                ][train_one_epoch          ] [  310] acc (v/n): 13.7% (71.2% 26.4%) recall (v/n): 0.6% (10.4% 5.1%) [mem: 2.02e+04] [data: 40.1 ms]
[INFO    ][2026-09-15 22:09:02][root                ][train_one_epoch          ] [  320] acc (v/n): 13.7% (71.3% 26.5%) recall (v/n): 0.6% (10.4% 5.1%) [mem: 2.02e+04] [data: 39.5 ms]
[INFO    ][2026-09-15 22:11:01][root                ][train_one_epoch          ] [  330] acc (v/n): 13.8% (71.5% 26.8%) recall (v/n): 0.7% (10.6% 5.2%) [mem: 2.02e+04] [data: 38.9 ms]
[INFO    ][2026-09-15 22:13:02][root                ][train_one_epoch          ] [  340] acc (v/n): 14.0% (71.6% 27.1%) recall (v/n): 0.7% (10.6% 5.3%) [mem: 2.02e+04] [data: 38.3 ms]
[INFO    ][2026-09-15 22:15:01][root                ][train_one_epoch          ] [  350] acc (v/n): 14.1% (71.8% 27.3%) recall (v/n): 0.7% (10.6% 5.4%) [mem: 2.02e+04] [data: 37.8 ms]
[INFO    ][2026-09-15 22:17:00][root                ][train_one_epoch          ] [  360] acc (v/n): 14.3% (71.9% 27.5%) recall (v/n): 0.7% (10.7% 5.5%) [mem: 2.02e+04] [data: 37.3 ms]
[INFO    ][2026-09-15 22:19:00][root                ][train_one_epoch          ] [  370] acc (v/n): 14.5% (72.0% 27.8%) recall (v/n): 0.7% (10.9% 5.6%) [mem: 2.02e+04] [data: 36.8 ms]
[INFO    ][2026-09-15 22:20:59][root                ][train_one_epoch          ] [  380] acc (v/n): 14.7% (72.2% 28.0%) recall (v/n): 0.7% (11.0% 5.7%) [mem: 2.02e+04] [data: 36.4 ms]
[INFO    ][2026-09-15 22:22:58][root                ][train_one_epoch          ] [  390] acc (v/n): 14.8% (72.3% 28.2%) recall (v/n): 0.7% (11.1% 5.8%) [mem: 2.02e+04] [data: 36.0 ms]
[INFO    ][2026-09-15 22:24:58][root                ][train_one_epoch          ] [  400] acc (v/n): 15.0% (72.3% 28.4%) recall (v/n): 0.8% (11.2% 5.8%) [mem: 2.02e+04] [data: 35.5 ms]
[INFO    ][2026-09-15 22:26:56][root                ][train_one_epoch          ] [  410] acc (v/n): 15.1% (72.4% 28.7%) recall (v/n): 0.8% (11.4% 5.9%) [mem: 2.02e+04] [data: 35.2 ms]
[INFO    ][2026-09-15 22:28:55][root                ][train_one_epoch          ] [  420] acc (v/n): 15.3% (72.4% 29.0%) recall (v/n): 0.8% (11.5% 6.0%) [mem: 2.02e+04] [data: 34.8 ms]
[INFO    ][2026-09-15 22:30:54][root                ][train_one_epoch          ] [  430] acc (v/n): 15.5% (72.5% 29.3%) recall (v/n): 0.8% (11.5% 6.1%) [mem: 2.02e+04] [data: 34.5 ms]
[INFO    ][2026-09-15 22:32:54][root                ][train_one_epoch          ] [  440] acc (v/n): 15.6% (72.5% 29.6%) recall (v/n): 0.8% (11.6% 6.3%) [mem: 2.02e+04] [data: 34.1 ms]
[INFO    ][2026-09-15 22:34:54][root                ][train_one_epoch          ] [  450] acc (v/n): 15.8% (72.5% 29.7%) recall (v/n): 0.8% (11.6% 6.3%) [mem: 2.02e+04] [data: 33.8 ms]
[INFO    ][2026-09-15 22:36:52][root                ][train_one_epoch          ] [  460] acc (v/n): 15.9% (72.6% 29.9%) recall (v/n): 0.8% (11.7% 6.4%) [mem: 2.02e+04] [data: 33.5 ms]
[INFO    ][2026-09-15 22:39:10][root                ][train_one_epoch          ] [  470] acc (v/n): 16.0% (72.6% 30.0%) recall (v/n): 0.8% (11.7% 6.5%) [mem: 2.02e+04] [data: 33.2 ms]
[INFO    ][2026-09-15 22:41:26][root                ][train_one_epoch          ] [  480] acc (v/n): 16.0% (72.6% 30.2%) recall (v/n): 0.8% (11.7% 6.6%) [mem: 2.02e+04] [data: 32.9 ms]
[INFO    ][2026-09-15 22:43:41][root                ][train_one_epoch          ] [  490] acc (v/n): 16.2% (72.7% 30.3%) recall (v/n): 0.8% (11.8% 6.6%) [mem: 2.02e+04] [data: 32.6 ms]
[INFO    ][2026-09-15 22:45:56][root                ][train_one_epoch          ] [  500] acc (v/n): 16.3% (72.8% 30.5%) recall (v/n): 0.8% (11.8% 6.6%) [mem: 2.02e+04] [data: 32.4 ms]
[INFO    ][2026-09-15 22:47:54][root                ][train_one_epoch          ] [  510] acc (v/n): 16.5% (72.9% 30.8%) recall (v/n): 0.8% (11.9% 6.7%) [mem: 2.02e+04] [data: 32.1 ms]
[INFO    ][2026-09-15 22:49:53][root                ][train_one_epoch          ] [  520] acc (v/n): 16.6% (73.0% 31.0%) recall (v/n): 0.8% (11.9% 6.8%) [mem: 2.02e+04] [data: 31.9 ms]
[INFO    ][2026-09-15 22:50:41][root                ][train_one_epoch          ] [  524] acc (v/n): 16.6% (73.0% 31.1%) recall (v/n): 0.8% (11.9% 6.8%) [mem: 2.02e+04] [data: 31.8 ms]
[INFO    ][2026-09-15 22:51:04][root                ][validate_exact           ] [exact val] itr 0  clips so far (this rank) 16
[INFO    ][2026-09-15 22:55:05][root                ][validate_exact           ] [exact val] itr 50  clips so far (this rank) 796
[INFO    ][2026-09-15 22:59:05][root                ][validate_exact           ] [exact val] itr 100  clips so far (this rank) 1573
[INFO    ][2026-09-15 23:00:48][root                ][main                     ] [exact val] epoch 2  n_clips 9296/9296  mean class recall@5  action 3.49  verb 20.37  noun 13.26
[INFO    ][2026-09-15 23:00:48][root                ][main                     ] [    2] train acc (v/n): 16.6% (73.0% 31.1%) train recall (v/n): 0.8% (11.9% 6.8%) val acc (v/n): 27.1% (82.5% 43.2%) val recall (v/n): 3.5% (20.4% 13.3%) 
[INFO    ][2026-09-15 23:01:02][root                ][main                     ] Epoch 2
[INFO    ][2026-09-15 23:01:02][root                ][main                     ] Training...
[INFO    ][2026-09-15 23:01:37][root                ][train_one_epoch          ] [    0] acc (v/n): 24.2% (75.0% 35.2%) recall (v/n): 17.8% (32.7% 32.5%) [mem: 2.02e+04] [data: 7105.7 ms]
[INFO    ][2026-09-15 23:03:35][root                ][train_one_epoch          ] [   10] acc (v/n): 22.4% (78.7% 39.3%) recall (v/n): 5.0% (17.5% 13.3%) [mem: 2.02e+04] [data: 663.9 ms]
[INFO    ][2026-09-15 23:05:33][root                ][train_one_epoch          ] [   20] acc (v/n): 23.1% (79.1% 39.2%) recall (v/n): 4.2% (17.1% 12.9%) [mem: 2.02e+04] [data: 356.8 ms]
[INFO    ][2026-09-15 23:07:32][root                ][train_one_epoch          ] [   30] acc (v/n): 24.2% (78.2% 39.8%) recall (v/n): 3.8% (16.4% 12.7%) [mem: 2.02e+04] [data: 248.1 ms]
[INFO    ][2026-09-15 23:09:30][root                ][train_one_epoch          ] [   40] acc (v/n): 24.4% (77.6% 40.5%) recall (v/n): 3.4% (16.1% 12.4%) [mem: 2.02e+04] [data: 192.6 ms]
[INFO    ][2026-09-15 23:11:29][root                ][train_one_epoch          ] [   50] acc (v/n): 25.0% (77.7% 40.9%) recall (v/n): 3.2% (15.6% 12.0%) [mem: 2.02e+04] [data: 158.7 ms]
[INFO    ][2026-09-15 23:13:27][root                ][train_one_epoch          ] [   60] acc (v/n): 25.6% (78.1% 41.5%) recall (v/n): 2.9% (15.9% 11.6%) [mem: 2.02e+04] [data: 136.0 ms]
[INFO    ][2026-09-15 23:15:25][root                ][train_one_epoch          ] [   70] acc (v/n): 25.8% (78.2% 42.2%) recall (v/n): 2.7% (15.6% 11.5%) [mem: 2.02e+04] [data: 119.6 ms]
[INFO    ][2026-09-15 23:17:24][root                ][train_one_epoch          ] [   80] acc (v/n): 25.6% (78.0% 42.0%) recall (v/n): 2.6% (15.5% 11.7%) [mem: 2.02e+04] [data: 107.3 ms]
[INFO    ][2026-09-15 23:19:22][root                ][train_one_epoch          ] [   90] acc (v/n): 25.6% (78.1% 42.0%) recall (v/n): 2.6% (15.8% 11.7%) [mem: 2.02e+04] [data: 97.8 ms]
[INFO    ][2026-09-15 23:21:21][root                ][train_one_epoch          ] [  100] acc (v/n): 25.6% (78.1% 42.1%) recall (v/n): 2.5% (15.9% 12.0%) [mem: 2.02e+04] [data: 90.2 ms]
[INFO    ][2026-09-15 23:23:19][root                ][train_one_epoch          ] [  110] acc (v/n): 25.5% (78.0% 41.9%) recall (v/n): 2.4% (16.0% 12.1%) [mem: 2.02e+04] [data: 83.8 ms]
[INFO    ][2026-09-15 23:25:18][root                ][train_one_epoch          ] [  120] acc (v/n): 25.7% (78.0% 42.4%) recall (v/n): 2.4% (16.1% 12.1%) [mem: 2.02e+04] [data: 78.5 ms]
[INFO    ][2026-09-15 23:27:17][root                ][train_one_epoch          ] [  130] acc (v/n): 25.9% (78.0% 42.4%) recall (v/n): 2.4% (15.6% 11.9%) [mem: 2.02e+04] [data: 74.1 ms]
[INFO    ][2026-09-15 23:29:16][root                ][train_one_epoch          ] [  140] acc (v/n): 25.9% (77.6% 42.5%) recall (v/n): 2.4% (16.0% 11.9%) [mem: 2.02e+04] [data: 70.2 ms]
[INFO    ][2026-09-15 23:31:14][root                ][train_one_epoch          ] [  150] acc (v/n): 26.0% (77.7% 42.6%) recall (v/n): 2.4% (16.3% 12.0%) [mem: 2.02e+04] [data: 67.0 ms]
[INFO    ][2026-09-15 23:33:13][root                ][train_one_epoch          ] [  160] acc (v/n): 26.1% (77.6% 42.9%) recall (v/n): 2.4% (16.6% 12.1%) [mem: 2.02e+04] [data: 64.1 ms]
[INFO    ][2026-09-15 23:35:12][root                ][train_one_epoch          ] [  170] acc (v/n): 26.3% (77.6% 43.1%) recall (v/n): 2.3% (16.5% 12.1%) [mem: 2.02e+04] [data: 61.5 ms]
[INFO    ][2026-09-15 23:37:11][root                ][train_one_epoch          ] [  180] acc (v/n): 26.3% (77.7% 43.3%) recall (v/n): 2.3% (16.5% 12.0%) [mem: 2.02e+04] [data: 59.2 ms]
[INFO    ][2026-09-15 23:39:09][root                ][train_one_epoch          ] [  190] acc (v/n): 26.6% (77.9% 43.6%) recall (v/n): 2.3% (16.7% 12.1%) [mem: 2.02e+04] [data: 57.1 ms]
[INFO    ][2026-09-15 23:41:08][root                ][train_one_epoch          ] [  200] acc (v/n): 26.6% (77.8% 43.6%) recall (v/n): 2.3% (16.7% 12.1%) [mem: 2.02e+04] [data: 55.2 ms]
[INFO    ][2026-09-15 23:43:06][root                ][train_one_epoch          ] [  210] acc (v/n): 26.6% (77.9% 43.7%) recall (v/n): 2.3% (16.7% 12.0%) [mem: 2.02e+04] [data: 53.5 ms]
[INFO    ][2026-09-15 23:45:05][root                ][train_one_epoch          ] [  220] acc (v/n): 26.6% (77.7% 43.8%) recall (v/n): 2.2% (17.1% 12.0%) [mem: 2.02e+04] [data: 52.0 ms]
[INFO    ][2026-09-15 23:47:04][root                ][train_one_epoch          ] [  230] acc (v/n): 26.6% (77.6% 43.8%) recall (v/n): 2.2% (17.2% 12.0%) [mem: 2.02e+04] [data: 50.6 ms]
[INFO    ][2026-09-15 23:49:02][root                ][train_one_epoch          ] [  240] acc (v/n): 26.5% (77.6% 43.8%) recall (v/n): 2.2% (17.3% 12.4%) [mem: 2.02e+04] [data: 49.3 ms]
[INFO    ][2026-09-15 23:51:01][root                ][train_one_epoch          ] [  250] acc (v/n): 26.5% (77.6% 43.9%) recall (v/n): 2.2% (17.3% 12.5%) [mem: 2.02e+04] [data: 48.2 ms]
[INFO    ][2026-09-15 23:52:59][root                ][train_one_epoch          ] [  260] acc (v/n): 26.3% (77.5% 43.9%) recall (v/n): 2.2% (17.5% 12.5%) [mem: 2.02e+04] [data: 47.1 ms]
[INFO    ][2026-09-15 23:54:58][root                ][train_one_epoch          ] [  270] acc (v/n): 26.3% (77.6% 43.9%) recall (v/n): 2.2% (17.5% 12.7%) [mem: 2.02e+04] [data: 46.1 ms]
[INFO    ][2026-09-15 23:56:56][root                ][train_one_epoch          ] [  280] acc (v/n): 26.3% (77.6% 44.0%) recall (v/n): 2.2% (17.5% 12.9%) [mem: 2.02e+04] [data: 45.1 ms]
[INFO    ][2026-09-15 23:58:54][root                ][train_one_epoch          ] [  290] acc (v/n): 26.4% (77.7% 44.3%) recall (v/n): 2.2% (17.9% 13.1%) [mem: 2.02e+04] [data: 44.3 ms]
[INFO    ][2026-09-16 00:00:53][root                ][train_one_epoch          ] [  300] acc (v/n): 26.5% (77.7% 44.4%) recall (v/n): 2.2% (17.9% 13.0%) [mem: 2.02e+04] [data: 43.4 ms]
[INFO    ][2026-09-16 00:02:51][root                ][train_one_epoch          ] [  310] acc (v/n): 26.5% (77.6% 44.4%) recall (v/n): 2.2% (17.9% 12.9%) [mem: 2.02e+04] [data: 42.7 ms]
[INFO    ][2026-09-16 00:04:50][root                ][train_one_epoch          ] [  320] acc (v/n): 26.5% (77.5% 44.6%) recall (v/n): 2.2% (18.1% 13.0%) [mem: 2.02e+04] [data: 42.0 ms]
[INFO    ][2026-09-16 00:06:48][root                ][train_one_epoch          ] [  330] acc (v/n): 26.6% (77.4% 44.9%) recall (v/n): 2.2% (18.2% 13.1%) [mem: 2.02e+04] [data: 41.3 ms]
[INFO    ][2026-09-16 00:08:48][root                ][train_one_epoch          ] [  340] acc (v/n): 26.8% (77.4% 45.0%) recall (v/n): 2.2% (18.3% 13.2%) [mem: 2.02e+04] [data: 40.7 ms]
[INFO    ][2026-09-16 00:11:16][root                ][train_one_epoch          ] [  350] acc (v/n): 26.7% (77.4% 44.9%) recall (v/n): 2.2% (18.4% 13.0%) [mem: 2.02e+04] [data: 40.1 ms]
[INFO    ][2026-09-16 00:13:14][root                ][train_one_epoch          ] [  360] acc (v/n): 26.7% (77.4% 44.9%) recall (v/n): 2.2% (18.5% 13.1%) [mem: 2.02e+04] [data: 39.5 ms]
[INFO    ][2026-09-16 00:15:12][root                ][train_one_epoch          ] [  370] acc (v/n): 26.8% (77.4% 45.1%) recall (v/n): 2.2% (18.5% 13.0%) [mem: 2.02e+04] [data: 39.0 ms]
[INFO    ][2026-09-16 00:17:10][root                ][train_one_epoch          ] [  380] acc (v/n): 26.9% (77.4% 45.2%) recall (v/n): 2.2% (18.5% 13.0%) [mem: 2.02e+04] [data: 38.5 ms]
[INFO    ][2026-09-16 00:19:10][root                ][train_one_epoch          ] [  390] acc (v/n): 27.0% (77.4% 45.3%) recall (v/n): 2.2% (18.5% 13.1%) [mem: 2.02e+04] [data: 38.0 ms]
[INFO    ][2026-09-16 00:21:09][root                ][train_one_epoch          ] [  400] acc (v/n): 27.1% (77.5% 45.5%) recall (v/n): 2.2% (18.5% 13.1%) [mem: 2.02e+04] [data: 37.6 ms]
[INFO    ][2026-09-16 00:23:07][root                ][train_one_epoch          ] [  410] acc (v/n): 27.2% (77.6% 45.6%) recall (v/n): 2.2% (18.4% 13.1%) [mem: 2.02e+04] [data: 37.1 ms]
[INFO    ][2026-09-16 00:25:05][root                ][train_one_epoch          ] [  420] acc (v/n): 27.3% (77.7% 45.8%) recall (v/n): 2.2% (18.5% 13.1%) [mem: 2.02e+04] [data: 36.7 ms]
[INFO    ][2026-09-16 00:27:03][root                ][train_one_epoch          ] [  430] acc (v/n): 27.4% (77.8% 45.9%) recall (v/n): 2.2% (18.5% 13.2%) [mem: 2.02e+04] [data: 36.3 ms]
[INFO    ][2026-09-16 00:29:30][root                ][train_one_epoch          ] [  440] acc (v/n): 27.4% (77.8% 46.0%) recall (v/n): 2.2% (18.5% 13.2%) [mem: 2.02e+04] [data: 36.0 ms]
[INFO    ][2026-09-16 00:31:29][root                ][train_one_epoch          ] [  450] acc (v/n): 27.5% (77.9% 46.0%) recall (v/n): 2.2% (18.6% 13.1%) [mem: 2.02e+04] [data: 35.6 ms]
[INFO    ][2026-09-16 00:33:28][root                ][train_one_epoch          ] [  460] acc (v/n): 27.6% (78.0% 46.1%) recall (v/n): 2.1% (18.6% 13.1%) [mem: 2.02e+04] [data: 35.3 ms]
[INFO    ][2026-09-16 00:35:27][root                ][train_one_epoch          ] [  470] acc (v/n): 27.6% (78.0% 46.1%) recall (v/n): 2.1% (18.6% 13.2%) [mem: 2.02e+04] [data: 34.9 ms]
[INFO    ][2026-09-16 00:37:26][root                ][train_one_epoch          ] [  480] acc (v/n): 27.5% (77.9% 46.1%) recall (v/n): 2.1% (18.8% 13.2%) [mem: 2.02e+04] [data: 34.6 ms]
[INFO    ][2026-09-16 00:39:25][root                ][train_one_epoch          ] [  490] acc (v/n): 27.6% (77.9% 46.2%) recall (v/n): 2.2% (19.1% 13.3%) [mem: 2.02e+04] [data: 34.3 ms]
[INFO    ][2026-09-16 00:41:24][root                ][train_one_epoch          ] [  500] acc (v/n): 27.7% (77.9% 46.2%) recall (v/n): 2.1% (19.1% 13.3%) [mem: 2.02e+04] [data: 34.0 ms]
[INFO    ][2026-09-16 00:43:24][root                ][train_one_epoch          ] [  510] acc (v/n): 27.7% (77.9% 46.3%) recall (v/n): 2.1% (19.1% 13.3%) [mem: 2.02e+04] [data: 33.8 ms]
[INFO    ][2026-09-16 00:45:40][root                ][train_one_epoch          ] [  520] acc (v/n): 27.8% (77.9% 46.4%) recall (v/n): 2.1% (19.1% 13.2%) [mem: 2.02e+04] [data: 33.5 ms]
[INFO    ][2026-09-16 00:46:28][root                ][train_one_epoch          ] [  524] acc (v/n): 27.9% (77.9% 46.4%) recall (v/n): 2.1% (19.0% 13.2%) [mem: 2.02e+04] [data: 33.4 ms]
[INFO    ][2026-09-16 00:46:54][root                ][validate_exact           ] [exact val] itr 0  clips so far (this rank) 16
[INFO    ][2026-09-16 00:50:58][root                ][validate_exact           ] [exact val] itr 50  clips so far (this rank) 796
[INFO    ][2026-09-16 00:54:59][root                ][validate_exact           ] [exact val] itr 100  clips so far (this rank) 1573
[INFO    ][2026-09-16 00:56:43][root                ][main                     ] [exact val] epoch 3  n_clips 9296/9296  mean class recall@5  action 6.89  verb 24.27  noun 18.55
[INFO    ][2026-09-16 00:56:43][root                ][main                     ] [    3] train acc (v/n): 27.9% (77.9% 46.4%) train recall (v/n): 2.1% (19.0% 13.2%) val acc (v/n): 38.1% (83.5% 55.0%) val recall (v/n): 6.9% (24.3% 18.6%) 
[INFO    ][2026-09-16 00:57:02][root                ][main                     ] Epoch 3
[INFO    ][2026-09-16 00:57:02][root                ][main                     ] Training...
[INFO    ][2026-09-16 00:57:35][root                ][train_one_epoch          ] [    0] acc (v/n): 25.0% (80.5% 39.1%) recall (v/n): 20.2% (47.7% 33.3%) [mem: 2.02e+04] [data: 9708.4 ms]
[INFO    ][2026-09-16 00:59:34][root                ][train_one_epoch          ] [   10] acc (v/n): 29.5% (81.1% 46.4%) recall (v/n): 10.4% (24.4% 19.1%) [mem: 2.02e+04] [data: 900.9 ms]
[INFO    ][2026-09-16 01:01:34][root                ][train_one_epoch          ] [   20] acc (v/n): 32.1% (82.1% 48.4%) recall (v/n): 8.1% (21.9% 18.0%) [mem: 2.02e+04] [data: 481.0 ms]
[INFO    ][2026-09-16 01:03:33][root                ][train_one_epoch          ] [   30] acc (v/n): 32.2% (82.2% 49.2%) recall (v/n): 6.8% (20.5% 17.9%) [mem: 2.02e+04] [data: 332.2 ms]
[INFO    ][2026-09-16 01:05:33][root                ][train_one_epoch          ] [   40] acc (v/n): 32.5% (81.9% 49.9%) recall (v/n): 6.1% (20.8% 17.3%) [mem: 2.02e+04] [data: 255.9 ms]
[INFO    ][2026-09-16 01:07:33][root                ][train_one_epoch          ] [   50] acc (v/n): 33.0% (81.8% 50.4%) recall (v/n): 5.8% (20.7% 17.4%) [mem: 2.02e+04] [data: 209.5 ms]
[INFO    ][2026-09-16 01:09:32][root                ][train_one_epoch          ] [   60] acc (v/n): 32.6% (81.2% 49.9%) recall (v/n): 5.5% (19.9% 16.6%) [mem: 2.02e+04] [data: 178.3 ms]
[INFO    ][2026-09-16 01:11:33][root                ][train_one_epoch          ] [   70] acc (v/n): 32.4% (81.2% 49.6%) recall (v/n): 5.2% (19.7% 16.3%) [mem: 2.02e+04] [data: 155.9 ms]
[INFO    ][2026-09-16 01:13:32][root                ][train_one_epoch          ] [   80] acc (v/n): 32.2% (81.2% 49.5%) recall (v/n): 5.0% (20.9% 16.6%) [mem: 2.02e+04] [data: 139.1 ms]
[INFO    ][2026-09-16 01:15:32][root                ][train_one_epoch          ] [   90] acc (v/n): 32.6% (81.3% 49.9%) recall (v/n): 5.0% (21.6% 16.3%) [mem: 2.02e+04] [data: 125.9 ms]
[INFO    ][2026-09-16 01:17:32][root                ][train_one_epoch          ] [  100] acc (v/n): 33.0% (81.2% 50.6%) recall (v/n): 4.8% (21.4% 16.8%) [mem: 2.02e+04] [data: 115.4 ms]
[INFO    ][2026-09-16 01:19:32][root                ][train_one_epoch          ] [  110] acc (v/n): 32.9% (80.9% 50.7%) recall (v/n): 4.7% (21.1% 16.8%) [mem: 2.02e+04] [data: 106.7 ms]
[INFO    ][2026-09-16 01:21:32][root                ][train_one_epoch          ] [  120] acc (v/n): 32.9% (80.7% 50.8%) recall (v/n): 4.7% (21.3% 16.7%) [mem: 2.02e+04] [data: 99.6 ms]
[INFO    ][2026-09-16 01:23:32][root                ][train_one_epoch          ] [  130] acc (v/n): 32.8% (80.3% 50.8%) recall (v/n): 4.6% (21.7% 16.8%) [mem: 2.02e+04] [data: 93.5 ms]
[INFO    ][2026-09-16 01:25:32][root                ][train_one_epoch          ] [  140] acc (v/n): 32.7% (80.2% 50.5%) recall (v/n): 4.5% (22.2% 16.5%) [mem: 2.02e+04] [data: 88.2 ms]
[INFO    ][2026-09-16 01:27:31][root                ][train_one_epoch          ] [  150] acc (v/n): 32.6% (80.3% 50.5%) recall (v/n): 4.4% (22.5% 16.5%) [mem: 2.02e+04] [data: 83.6 ms]
[INFO    ][2026-09-16 01:29:31][root                ][train_one_epoch          ] [  160] acc (v/n): 32.6% (80.2% 50.3%) recall (v/n): 4.3% (22.6% 16.4%) [mem: 2.02e+04] [data: 79.7 ms]
[INFO    ][2026-09-16 01:31:31][root                ][train_one_epoch          ] [  170] acc (v/n): 32.6% (80.1% 50.4%) recall (v/n): 4.2% (23.0% 16.3%) [mem: 2.02e+04] [data: 76.2 ms]
[INFO    ][2026-09-16 01:33:30][root                ][train_one_epoch          ] [  180] acc (v/n): 32.5% (80.0% 50.3%) recall (v/n): 4.2% (22.7% 16.0%) [mem: 2.02e+04] [data: 73.0 ms]
[INFO    ][2026-09-16 01:35:30][root                ][train_one_epoch          ] [  190] acc (v/n): 32.8% (80.0% 50.6%) recall (v/n): 4.1% (22.8% 15.9%) [mem: 2.02e+04] [data: 70.2 ms]
[INFO    ][2026-09-16 01:37:29][root                ][train_one_epoch          ] [  200] acc (v/n): 32.8% (80.0% 50.8%) recall (v/n): 4.0% (22.6% 15.9%) [mem: 2.02e+04] [data: 67.7 ms]
[INFO    ][2026-09-16 01:39:28][root                ][train_one_epoch          ] [  210] acc (v/n): 32.8% (80.0% 50.8%) recall (v/n): 4.0% (22.7% 16.0%) [mem: 2.02e+04] [data: 65.4 ms]
[INFO    ][2026-09-16 01:41:28][root                ][train_one_epoch          ] [  220] acc (v/n): 32.6% (80.1% 50.8%) recall (v/n): 3.9% (23.1% 15.9%) [mem: 2.02e+04] [data: 63.3 ms]
[INFO    ][2026-09-16 01:43:28][root                ][train_one_epoch          ] [  230] acc (v/n): 32.5% (80.1% 50.8%) recall (v/n): 3.8% (23.2% 16.0%) [mem: 2.02e+04] [data: 61.4 ms]
[INFO    ][2026-09-16 01:45:27][root                ][train_one_epoch          ] [  240] acc (v/n): 32.5% (80.1% 50.8%) recall (v/n): 3.8% (23.3% 15.9%) [mem: 2.02e+04] [data: 59.7 ms]
[INFO    ][2026-09-16 01:47:27][root                ][train_one_epoch          ] [  250] acc (v/n): 32.6% (80.1% 50.8%) recall (v/n): 3.7% (23.3% 15.8%) [mem: 2.02e+04] [data: 58.1 ms]
[INFO    ][2026-09-16 01:49:27][root                ][train_one_epoch          ] [  260] acc (v/n): 32.5% (80.1% 50.8%) recall (v/n): 3.7% (23.2% 15.8%) [mem: 2.02e+04] [data: 56.6 ms]
[INFO    ][2026-09-16 01:51:26][root                ][train_one_epoch          ] [  270] acc (v/n): 32.6% (80.1% 51.0%) recall (v/n): 3.7% (23.2% 15.9%) [mem: 2.02e+04] [data: 55.3 ms]
[INFO    ][2026-09-16 01:53:25][root                ][train_one_epoch          ] [  280] acc (v/n): 32.7% (80.0% 51.2%) recall (v/n): 3.7% (23.2% 16.0%) [mem: 2.02e+04] [data: 54.0 ms]
[INFO    ][2026-09-16 01:55:25][root                ][train_one_epoch          ] [  290] acc (v/n): 32.6% (80.0% 51.1%) recall (v/n): 3.6% (23.2% 16.2%) [mem: 2.02e+04] [data: 52.8 ms]
[INFO    ][2026-09-16 01:57:25][root                ][train_one_epoch          ] [  300] acc (v/n): 32.7% (80.0% 51.3%) recall (v/n): 3.6% (23.5% 16.4%) [mem: 2.02e+04] [data: 51.7 ms]
[INFO    ][2026-09-16 01:59:25][root                ][train_one_epoch          ] [  310] acc (v/n): 32.6% (80.1% 51.3%) recall (v/n): 3.6% (23.4% 16.6%) [mem: 2.02e+04] [data: 50.7 ms]
[INFO    ][2026-09-16 02:01:24][root                ][train_one_epoch          ] [  320] acc (v/n): 32.6% (80.0% 51.4%) recall (v/n): 3.6% (23.3% 16.7%) [mem: 2.02e+04] [data: 49.7 ms]
[INFO    ][2026-09-16 02:03:24][root                ][train_one_epoch          ] [  330] acc (v/n): 32.6% (80.0% 51.6%) recall (v/n): 3.6% (23.5% 16.7%) [mem: 2.02e+04] [data: 48.8 ms]
[INFO    ][2026-09-16 02:05:24][root                ][train_one_epoch          ] [  340] acc (v/n): 32.8% (80.0% 51.7%) recall (v/n): 3.6% (23.7% 16.8%) [mem: 2.02e+04] [data: 48.0 ms]
[INFO    ][2026-09-16 02:07:23][root                ][train_one_epoch          ] [  350] acc (v/n): 32.8% (80.0% 51.7%) recall (v/n): 3.6% (23.7% 16.8%) [mem: 2.02e+04] [data: 47.2 ms]
[INFO    ][2026-09-16 02:09:22][root                ][train_one_epoch          ] [  360] acc (v/n): 32.8% (80.0% 51.8%) recall (v/n): 3.6% (23.7% 17.0%) [mem: 2.02e+04] [data: 46.4 ms]
[INFO    ][2026-09-16 02:11:22][root                ][train_one_epoch          ] [  370] acc (v/n): 32.7% (80.0% 51.7%) recall (v/n): 3.6% (23.6% 17.2%) [mem: 2.02e+04] [data: 45.7 ms]
[INFO    ][2026-09-16 02:13:21][root                ][train_one_epoch          ] [  380] acc (v/n): 32.7% (80.0% 51.8%) recall (v/n): 3.6% (23.6% 17.5%) [mem: 2.02e+04] [data: 45.0 ms]
[INFO    ][2026-09-16 02:15:20][root                ][train_one_epoch          ] [  390] acc (v/n): 32.7% (79.9% 51.9%) recall (v/n): 3.6% (23.6% 17.7%) [mem: 2.02e+04] [data: 44.4 ms]
[INFO    ][2026-09-16 02:17:19][root                ][train_one_epoch          ] [  400] acc (v/n): 32.7% (79.8% 52.0%) recall (v/n): 3.6% (23.7% 17.7%) [mem: 2.02e+04] [data: 43.8 ms]
[INFO    ][2026-09-16 02:19:18][root                ][train_one_epoch          ] [  410] acc (v/n): 32.7% (79.8% 52.0%) recall (v/n): 3.6% (23.7% 17.8%) [mem: 2.02e+04] [data: 43.2 ms]
[INFO    ][2026-09-16 02:21:17][root                ][train_one_epoch          ] [  420] acc (v/n): 32.7% (79.8% 52.0%) recall (v/n): 3.6% (23.7% 17.8%) [mem: 2.02e+04] [data: 42.6 ms]
[INFO    ][2026-09-16 02:23:16][root                ][train_one_epoch          ] [  430] acc (v/n): 32.7% (79.7% 52.0%) recall (v/n): 3.6% (23.8% 17.9%) [mem: 2.02e+04] [data: 42.1 ms]
[INFO    ][2026-09-16 02:25:39][root                ][train_one_epoch          ] [  440] acc (v/n): 32.7% (79.7% 52.1%) recall (v/n): 3.5% (23.9% 17.9%) [mem: 2.02e+04] [data: 41.6 ms]
[INFO    ][2026-09-16 02:27:38][root                ][train_one_epoch          ] [  450] acc (v/n): 32.7% (79.7% 52.1%) recall (v/n): 3.5% (23.9% 17.8%) [mem: 2.02e+04] [data: 41.1 ms]
[INFO    ][2026-09-16 02:29:38][root                ][train_one_epoch          ] [  460] acc (v/n): 32.7% (79.7% 52.1%) recall (v/n): 3.5% (24.0% 17.9%) [mem: 2.02e+04] [data: 40.7 ms]
[INFO    ][2026-09-16 02:31:37][root                ][train_one_epoch          ] [  470] acc (v/n): 32.6% (79.6% 52.0%) recall (v/n): 3.4% (24.0% 17.7%) [mem: 2.02e+04] [data: 40.2 ms]
[INFO    ][2026-09-16 02:33:36][root                ][train_one_epoch          ] [  480] acc (v/n): 32.5% (79.6% 51.8%) recall (v/n): 3.4% (24.1% 17.7%) [mem: 2.02e+04] [data: 39.8 ms]
[INFO    ][2026-09-16 02:35:35][root                ][train_one_epoch          ] [  490] acc (v/n): 32.5% (79.5% 51.8%) recall (v/n): 3.4% (24.2% 17.8%) [mem: 2.02e+04] [data: 39.3 ms]
[INFO    ][2026-09-16 02:38:18][root                ][train_one_epoch          ] [  500] acc (v/n): 32.5% (79.6% 51.8%) recall (v/n): 3.4% (24.3% 17.8%) [mem: 2.02e+04] [data: 83.1 ms]
[INFO    ][2026-09-16 02:40:33][root                ][train_one_epoch          ] [  510] acc (v/n): 32.6% (79.6% 51.8%) recall (v/n): 3.4% (24.2% 17.7%) [mem: 2.02e+04] [data: 81.9 ms]
[INFO    ][2026-09-16 02:42:32][root                ][train_one_epoch          ] [  520] acc (v/n): 32.6% (79.6% 51.8%) recall (v/n): 3.4% (24.2% 17.8%) [mem: 2.02e+04] [data: 80.7 ms]
[INFO    ][2026-09-16 02:43:20][root                ][train_one_epoch          ] [  524] acc (v/n): 32.6% (79.7% 51.8%) recall (v/n): 3.4% (24.2% 17.8%) [mem: 2.02e+04] [data: 80.2 ms]
[INFO    ][2026-09-16 02:43:50][root                ][validate_exact           ] [exact val] itr 0  clips so far (this rank) 16
[INFO    ][2026-09-16 02:47:51][root                ][validate_exact           ] [exact val] itr 50  clips so far (this rank) 796
[INFO    ][2026-09-16 02:51:51][root                ][validate_exact           ] [exact val] itr 100  clips so far (this rank) 1573
[INFO    ][2026-09-16 02:53:34][root                ][main                     ] [exact val] epoch 4  n_clips 9296/9296  mean class recall@5  action 8.89  verb 33.28  noun 23.54
[INFO    ][2026-09-16 02:53:35][root                ][main                     ] [    4] train acc (v/n): 32.6% (79.7% 51.8%) train recall (v/n): 3.4% (24.2% 17.8%) val acc (v/n): 42.3% (85.8% 61.4%) val recall (v/n): 8.9% (33.3% 23.5%) 
[INFO    ][2026-09-16 02:54:00][root                ][main                     ] Epoch 4
[INFO    ][2026-09-16 02:54:00][root                ][main                     ] Training...
[INFO    ][2026-09-16 02:54:34][root                ][train_one_epoch          ] [    0] acc (v/n): 30.5% (79.7% 46.9%) recall (v/n): 24.4% (48.9% 34.6%) [mem: 2.02e+04] [data: 8815.6 ms]
[INFO    ][2026-09-16 02:56:32][root                ][train_one_epoch          ] [   10] acc (v/n): 34.5% (81.3% 52.6%) recall (v/n): 13.3% (28.5% 27.4%) [mem: 2.02e+04] [data: 820.3 ms]
[INFO    ][2026-09-16 02:58:30][root                ][train_one_epoch          ] [   20] acc (v/n): 37.0% (83.2% 53.6%) recall (v/n): 11.8% (29.7% 25.0%) [mem: 2.02e+04] [data: 438.9 ms]
[INFO    ][2026-09-16 03:00:29][root                ][train_one_epoch          ] [   30] acc (v/n): 36.3% (82.2% 54.0%) recall (v/n): 10.1% (26.4% 24.8%) [mem: 2.02e+04] [data: 303.8 ms]
[INFO    ][2026-09-16 03:02:27][root                ][train_one_epoch          ] [   40] acc (v/n): 36.4% (82.6% 54.6%) recall (v/n): 9.6% (26.7% 26.2%) [mem: 2.02e+04] [data: 234.7 ms]
[INFO    ][2026-09-16 03:04:25][root                ][train_one_epoch          ] [   50] acc (v/n): 37.2% (82.5% 55.3%) recall (v/n): 9.0% (27.8% 25.6%) [mem: 2.02e+04] [data: 192.6 ms]
[INFO    ][2026-09-16 03:06:24][root                ][train_one_epoch          ] [   60] acc (v/n): 37.7% (82.4% 55.6%) recall (v/n): 8.6% (28.5% 24.7%) [mem: 2.02e+04] [data: 164.2 ms]
[INFO    ][2026-09-16 03:08:22][root                ][train_one_epoch          ] [   70] acc (v/n): 37.6% (82.6% 55.5%) recall (v/n): 8.1% (28.0% 23.7%) [mem: 2.02e+04] [data: 143.9 ms]
[INFO    ][2026-09-16 03:10:21][root                ][train_one_epoch          ] [   80] acc (v/n): 37.5% (82.4% 55.4%) recall (v/n): 7.9% (27.9% 23.4%) [mem: 2.02e+04] [data: 128.7 ms]
[INFO    ][2026-09-16 03:12:19][root                ][train_one_epoch          ] [   90] acc (v/n): 37.8% (82.6% 55.6%) recall (v/n): 7.6% (28.1% 23.0%) [mem: 2.02e+04] [data: 116.7 ms]
[INFO    ][2026-09-16 03:14:18][root                ][train_one_epoch          ] [  100] acc (v/n): 37.8% (82.6% 55.8%) recall (v/n): 7.4% (27.7% 22.6%) [mem: 2.02e+04] [data: 107.1 ms]
[INFO    ][2026-09-16 03:16:17][root                ][train_one_epoch          ] [  110] acc (v/n): 38.0% (82.8% 55.9%) recall (v/n): 7.5% (27.6% 22.8%) [mem: 2.02e+04] [data: 99.2 ms]
[INFO    ][2026-09-16 03:18:15][root                ][train_one_epoch          ] [  120] acc (v/n): 38.0% (82.8% 55.8%) recall (v/n): 7.2% (27.4% 22.4%) [mem: 2.02e+04] [data: 92.6 ms]
[INFO    ][2026-09-16 03:20:13][root                ][train_one_epoch          ] [  130] acc (v/n): 38.2% (82.6% 56.1%) recall (v/n): 7.0% (26.4% 22.2%) [mem: 2.02e+04] [data: 87.0 ms]
[INFO    ][2026-09-16 03:22:11][root                ][train_one_epoch          ] [  140] acc (v/n): 37.8% (82.5% 56.0%) recall (v/n): 6.9% (26.3% 22.1%) [mem: 2.02e+04] [data: 82.3 ms]
[INFO    ][2026-09-16 03:24:09][root                ][train_one_epoch          ] [  150] acc (v/n): 37.7% (82.3% 56.1%) recall (v/n): 6.7% (25.8% 22.2%) [mem: 2.02e+04] [data: 78.1 ms]
[INFO    ][2026-09-16 03:26:08][root                ][train_one_epoch          ] [  160] acc (v/n): 37.5% (82.3% 56.0%) recall (v/n): 6.7% (26.0% 22.4%) [mem: 2.02e+04] [data: 74.5 ms]
[INFO    ][2026-09-16 03:28:06][root                ][train_one_epoch          ] [  170] acc (v/n): 37.6% (82.2% 56.0%) recall (v/n): 6.5% (25.9% 22.4%) [mem: 2.02e+04] [data: 71.4 ms]
[INFO    ][2026-09-16 03:30:04][root                ][train_one_epoch          ] [  180] acc (v/n): 37.4% (82.0% 56.1%) recall (v/n): 6.4% (26.3% 22.3%) [mem: 2.02e+04] [data: 68.5 ms]
[INFO    ][2026-09-16 03:32:02][root                ][train_one_epoch          ] [  190] acc (v/n): 37.6% (82.1% 56.1%) recall (v/n): 6.3% (26.5% 22.3%) [mem: 2.02e+04] [data: 66.0 ms]
[INFO    ][2026-09-16 03:34:00][root                ][train_one_epoch          ] [  200] acc (v/n): 37.6% (82.0% 56.1%) recall (v/n): 6.2% (26.3% 22.0%) [mem: 2.02e+04] [data: 63.7 ms]
[INFO    ][2026-09-16 03:35:58][root                ][train_one_epoch          ] [  210] acc (v/n): 37.5% (81.9% 56.0%) recall (v/n): 6.1% (26.7% 21.9%) [mem: 2.02e+04] [data: 61.7 ms]
[INFO    ][2026-09-16 03:37:56][root                ][train_one_epoch          ] [  220] acc (v/n): 37.4% (81.8% 56.0%) recall (v/n): 6.0% (27.2% 22.5%) [mem: 2.02e+04] [data: 59.8 ms]
[INFO    ][2026-09-16 03:39:54][root                ][train_one_epoch          ] [  230] acc (v/n): 37.4% (81.8% 56.0%) recall (v/n): 5.9% (27.3% 22.6%) [mem: 2.02e+04] [data: 58.0 ms]
[INFO    ][2026-09-16 03:41:52][root                ][train_one_epoch          ] [  240] acc (v/n): 37.5% (81.7% 56.1%) recall (v/n): 5.8% (27.6% 22.8%) [mem: 2.02e+04] [data: 56.4 ms]
[INFO    ][2026-09-16 03:43:50][root                ][train_one_epoch          ] [  250] acc (v/n): 37.5% (81.7% 56.1%) recall (v/n): 5.7% (27.8% 22.5%) [mem: 2.02e+04] [data: 55.0 ms]
[INFO    ][2026-09-16 03:45:49][root                ][train_one_epoch          ] [  260] acc (v/n): 37.5% (81.5% 56.2%) recall (v/n): 5.6% (28.1% 22.4%) [mem: 2.02e+04] [data: 53.7 ms]
[INFO    ][2026-09-16 03:47:47][root                ][train_one_epoch          ] [  270] acc (v/n): 37.4% (81.5% 56.3%) recall (v/n): 5.6% (28.2% 22.6%) [mem: 2.02e+04] [data: 52.4 ms]
[INFO    ][2026-09-16 03:49:45][root                ][train_one_epoch          ] [  280] acc (v/n): 37.3% (81.6% 56.4%) recall (v/n): 5.6% (28.4% 22.6%) [mem: 2.02e+04] [data: 51.2 ms]
[INFO    ][2026-09-16 03:51:43][root                ][train_one_epoch          ] [  290] acc (v/n): 37.4% (81.5% 56.5%) recall (v/n): 5.5% (28.4% 22.5%) [mem: 2.02e+04] [data: 50.2 ms]
[INFO    ][2026-09-16 03:53:41][root                ][train_one_epoch          ] [  300] acc (v/n): 37.4% (81.5% 56.5%) recall (v/n): 5.5% (28.4% 22.5%) [mem: 2.02e+04] [data: 49.2 ms]
[INFO    ][2026-09-16 03:55:39][root                ][train_one_epoch          ] [  310] acc (v/n): 37.4% (81.5% 56.6%) recall (v/n): 5.5% (28.4% 22.6%) [mem: 2.02e+04] [data: 48.2 ms]
[INFO    ][2026-09-16 03:57:37][root                ][train_one_epoch          ] [  320] acc (v/n): 37.4% (81.4% 56.6%) recall (v/n): 5.5% (28.3% 22.5%) [mem: 2.02e+04] [data: 47.3 ms]
[INFO    ][2026-09-16 03:59:35][root                ][train_one_epoch          ] [  330] acc (v/n): 37.5% (81.3% 56.6%) recall (v/n): 5.4% (28.3% 22.4%) [mem: 2.02e+04] [data: 46.5 ms]
[INFO    ][2026-09-16 04:01:34][root                ][train_one_epoch          ] [  340] acc (v/n): 37.4% (81.3% 56.7%) recall (v/n): 5.4% (28.3% 22.6%) [mem: 2.02e+04] [data: 45.7 ms]
[INFO    ][2026-09-16 04:03:32][root                ][train_one_epoch          ] [  350] acc (v/n): 37.4% (81.3% 56.8%) recall (v/n): 5.4% (28.6% 22.8%) [mem: 2.02e+04] [data: 45.0 ms]
[INFO    ][2026-09-16 04:05:30][root                ][train_one_epoch          ] [  360] acc (v/n): 37.4% (81.2% 56.7%) recall (v/n): 5.4% (28.5% 22.9%) [mem: 2.02e+04] [data: 44.3 ms]
[INFO    ][2026-09-16 04:07:28][root                ][train_one_epoch          ] [  370] acc (v/n): 37.4% (81.1% 56.7%) recall (v/n): 5.4% (28.5% 22.9%) [mem: 2.02e+04] [data: 43.6 ms]
[INFO    ][2026-09-16 04:09:26][root                ][train_one_epoch          ] [  380] acc (v/n): 37.2% (81.1% 56.6%) recall (v/n): 5.3% (28.6% 22.8%) [mem: 2.02e+04] [data: 43.0 ms]
[INFO    ][2026-09-16 04:11:24][root                ][train_one_epoch          ] [  390] acc (v/n): 37.2% (81.1% 56.6%) recall (v/n): 5.2% (28.7% 22.4%) [mem: 2.02e+04] [data: 42.4 ms]
[INFO    ][2026-09-16 04:13:22][root                ][train_one_epoch          ] [  400] acc (v/n): 37.1% (81.1% 56.4%) recall (v/n): 5.1% (28.8% 22.4%) [mem: 2.02e+04] [data: 41.8 ms]
[INFO    ][2026-09-16 04:15:42][root                ][train_one_epoch          ] [  410] acc (v/n): 37.1% (81.1% 56.5%) recall (v/n): 5.1% (28.9% 22.4%) [mem: 2.02e+04] [data: 41.3 ms]
[INFO    ][2026-09-16 04:17:40][root                ][train_one_epoch          ] [  420] acc (v/n): 37.1% (81.1% 56.5%) recall (v/n): 5.1% (28.8% 22.4%) [mem: 2.02e+04] [data: 40.7 ms]
[INFO    ][2026-09-16 04:19:38][root                ][train_one_epoch          ] [  430] acc (v/n): 37.2% (81.2% 56.5%) recall (v/n): 5.0% (28.8% 22.4%) [mem: 2.02e+04] [data: 40.3 ms]
[INFO    ][2026-09-16 04:21:36][root                ][train_one_epoch          ] [  440] acc (v/n): 37.2% (81.1% 56.5%) recall (v/n): 5.1% (28.9% 22.5%) [mem: 2.02e+04] [data: 39.8 ms]
[INFO    ][2026-09-16 04:23:34][root                ][train_one_epoch          ] [  450] acc (v/n): 37.1% (81.2% 56.5%) recall (v/n): 5.1% (28.9% 22.6%) [mem: 2.02e+04] [data: 39.3 ms]
[INFO    ][2026-09-16 04:25:32][root                ][train_one_epoch          ] [  460] acc (v/n): 37.2% (81.1% 56.5%) recall (v/n): 5.1% (28.9% 22.7%) [mem: 2.02e+04] [data: 38.9 ms]
[INFO    ][2026-09-16 04:27:49][root                ][train_one_epoch          ] [  470] acc (v/n): 37.1% (81.2% 56.4%) recall (v/n): 5.0% (28.8% 22.8%) [mem: 2.02e+04] [data: 38.5 ms]
[INFO    ][2026-09-16 04:29:47][root                ][train_one_epoch          ] [  480] acc (v/n): 37.2% (81.2% 56.5%) recall (v/n): 5.0% (29.0% 22.8%) [mem: 2.02e+04] [data: 38.1 ms]
[INFO    ][2026-09-16 04:31:45][root                ][train_one_epoch          ] [  490] acc (v/n): 37.1% (81.2% 56.4%) recall (v/n): 5.0% (29.0% 22.9%) [mem: 2.02e+04] [data: 37.7 ms]
[INFO    ][2026-09-16 04:34:04][root                ][train_one_epoch          ] [  500] acc (v/n): 37.0% (81.1% 56.2%) recall (v/n): 5.0% (28.9% 22.8%) [mem: 2.02e+04] [data: 77.8 ms]
[INFO    ][2026-09-16 04:36:20][root                ][train_one_epoch          ] [  510] acc (v/n): 37.0% (81.1% 56.3%) recall (v/n): 5.0% (29.0% 22.8%) [mem: 2.02e+04] [data: 76.6 ms]
[INFO    ][2026-09-16 04:38:37][root                ][train_one_epoch          ] [  520] acc (v/n): 37.0% (81.1% 56.2%) recall (v/n): 5.0% (29.1% 22.7%) [mem: 2.02e+04] [data: 75.5 ms]
[INFO    ][2026-09-16 04:39:24][root                ][train_one_epoch          ] [  524] acc (v/n): 37.0% (81.1% 56.2%) recall (v/n): 5.0% (29.1% 22.8%) [mem: 2.02e+04] [data: 75.1 ms]
[INFO    ][2026-09-16 04:39:48][root                ][validate_exact           ] [exact val] itr 0  clips so far (this rank) 16
[INFO    ][2026-09-16 04:43:48][root                ][validate_exact           ] [exact val] itr 50  clips so far (this rank) 796
[INFO    ][2026-09-16 04:47:46][root                ][validate_exact           ] [exact val] itr 100  clips so far (this rank) 1573
[INFO    ][2026-09-16 04:49:29][root                ][main                     ] [exact val] epoch 5  n_clips 9296/9296  mean class recall@5  action 12.23  verb 36.07  noun 29.03
[INFO    ][2026-09-16 04:49:29][root                ][main                     ] [    5] train acc (v/n): 37.0% (81.1% 56.2%) train recall (v/n): 5.0% (29.1% 22.8%) val acc (v/n): 44.6% (86.8% 65.8%) val recall (v/n): 12.2% (36.1% 29.0%) 
[INFO    ][2026-09-16 04:49:48][root                ][main                     ] Epoch 5
[INFO    ][2026-09-16 04:49:48][root                ][main                     ] Training...
[INFO    ][2026-09-16 04:50:22][root                ][train_one_epoch          ] [    0] acc (v/n): 46.9% (89.8% 65.6%) recall (v/n): 39.5% (67.8% 49.0%) [mem: 2.02e+04] [data: 5414.6 ms]
[INFO    ][2026-09-16 04:52:20][root                ][train_one_epoch          ] [   10] acc (v/n): 38.1% (83.3% 58.8%) recall (v/n): 18.3% (35.3% 31.3%) [mem: 2.02e+04] [data: 510.0 ms]
[INFO    ][2026-09-16 04:54:18][root                ][train_one_epoch          ] [   20] acc (v/n): 37.5% (82.1% 58.5%) recall (v/n): 15.2% (29.9% 31.4%) [mem: 2.02e+04] [data: 276.4 ms]
[INFO    ][2026-09-16 04:56:16][root                ][train_one_epoch          ] [   30] acc (v/n): 37.6% (82.9% 57.7%) recall (v/n): 13.7% (30.7% 29.7%) [mem: 2.02e+04] [data: 193.4 ms]
[INFO    ][2026-09-16 04:58:14][root                ][train_one_epoch          ] [   40] acc (v/n): 38.6% (82.9% 57.9%) recall (v/n): 13.0% (30.4% 29.1%) [mem: 2.02e+04] [data: 151.0 ms]
[INFO    ][2026-09-16 05:00:13][root                ][train_one_epoch          ] [   50] acc (v/n): 39.7% (83.3% 58.5%) recall (v/n): 12.7% (29.9% 28.5%) [mem: 2.02e+04] [data: 125.2 ms]
[INFO    ][2026-09-16 05:02:11][root                ][train_one_epoch          ] [   60] acc (v/n): 40.0% (83.3% 58.7%) recall (v/n): 12.3% (29.9% 29.0%) [mem: 2.02e+04] [data: 107.8 ms]
[INFO    ][2026-09-16 05:04:09][root                ][train_one_epoch          ] [   70] acc (v/n): 40.0% (83.1% 58.7%) recall (v/n): 11.7% (30.1% 28.8%) [mem: 2.02e+04] [data: 95.4 ms]
[INFO    ][2026-09-16 05:06:07][root                ][train_one_epoch          ] [   80] acc (v/n): 39.7% (82.9% 58.2%) recall (v/n): 11.1% (29.6% 28.3%) [mem: 2.02e+04] [data: 86.1 ms]
[INFO    ][2026-09-16 05:08:05][root                ][train_one_epoch          ] [   90] acc (v/n): 39.7% (83.0% 58.3%) recall (v/n): 10.8% (30.0% 28.2%) [mem: 2.02e+04] [data: 78.7 ms]
[INFO    ][2026-09-16 05:10:03][root                ][train_one_epoch          ] [  100] acc (v/n): 39.9% (83.1% 58.3%) recall (v/n): 10.4% (31.4% 28.2%) [mem: 2.02e+04] [data: 72.9 ms]
[INFO    ][2026-09-16 05:12:01][root                ][train_one_epoch          ] [  110] acc (v/n): 40.3% (83.2% 58.6%) recall (v/n): 10.3% (31.5% 27.9%) [mem: 2.02e+04] [data: 68.1 ms]
[INFO    ][2026-09-16 05:13:59][root                ][train_one_epoch          ] [  120] acc (v/n): 40.6% (83.3% 59.0%) recall (v/n): 10.2% (31.8% 27.8%) [mem: 2.02e+04] [data: 64.0 ms]
[INFO    ][2026-09-16 05:15:56][root                ][train_one_epoch          ] [  130] acc (v/n): 40.5% (83.5% 58.8%) recall (v/n): 9.8% (31.5% 26.8%) [mem: 2.02e+04] [data: 60.7 ms]
[INFO    ][2026-09-16 05:17:54][root                ][train_one_epoch          ] [  140] acc (v/n): 40.5% (83.4% 58.7%) recall (v/n): 9.6% (31.0% 26.8%) [mem: 2.02e+04] [data: 57.8 ms]
[INFO    ][2026-09-16 05:19:52][root                ][train_one_epoch          ] [  150] acc (v/n): 40.7% (83.4% 58.9%) recall (v/n): 9.4% (30.4% 26.8%) [mem: 2.02e+04] [data: 55.3 ms]
[INFO    ][2026-09-16 05:21:50][root                ][train_one_epoch          ] [  160] acc (v/n): 40.7% (83.5% 58.9%) recall (v/n): 9.1% (30.4% 26.9%) [mem: 2.02e+04] [data: 53.1 ms]
[INFO    ][2026-09-16 05:23:48][root                ][train_one_epoch          ] [  170] acc (v/n): 40.7% (83.4% 58.9%) recall (v/n): 8.9% (30.3% 26.9%) [mem: 2.02e+04] [data: 51.1 ms]
[INFO    ][2026-09-16 05:25:46][root                ][train_one_epoch          ] [  180] acc (v/n): 40.6% (83.5% 58.9%) recall (v/n): 8.8% (30.3% 27.4%) [mem: 2.02e+04] [data: 49.3 ms]
[INFO    ][2026-09-16 05:27:45][root                ][train_one_epoch          ] [  190] acc (v/n): 40.6% (83.4% 59.1%) recall (v/n): 8.8% (30.5% 27.8%) [mem: 2.02e+04] [data: 47.8 ms]
[INFO    ][2026-09-16 05:29:42][root                ][train_one_epoch          ] [  200] acc (v/n): 40.6% (83.2% 59.0%) recall (v/n): 8.7% (30.7% 27.8%) [mem: 2.02e+04] [data: 46.3 ms]
[INFO    ][2026-09-16 05:31:41][root                ][train_one_epoch          ] [  210] acc (v/n): 40.5% (83.1% 59.1%) recall (v/n): 8.6% (30.7% 27.9%) [mem: 2.02e+04] [data: 45.1 ms]
[INFO    ][2026-09-16 05:33:39][root                ][train_one_epoch          ] [  220] acc (v/n): 40.2% (83.1% 59.0%) recall (v/n): 8.4% (30.7% 27.8%) [mem: 2.02e+04] [data: 43.9 ms]
[INFO    ][2026-09-16 05:35:37][root                ][train_one_epoch          ] [  230] acc (v/n): 40.2% (83.0% 59.0%) recall (v/n): 8.3% (31.1% 27.7%) [mem: 2.02e+04] [data: 42.9 ms]
[INFO    ][2026-09-16 05:37:35][root                ][train_one_epoch          ] [  240] acc (v/n): 40.0% (83.0% 58.9%) recall (v/n): 8.1% (31.3% 27.3%) [mem: 2.02e+04] [data: 41.9 ms]
[INFO    ][2026-09-16 05:39:32][root                ][train_one_epoch          ] [  250] acc (v/n): 40.1% (82.9% 58.9%) recall (v/n): 8.0% (31.5% 27.4%) [mem: 2.02e+04] [data: 41.0 ms]
[INFO    ][2026-09-16 05:41:31][root                ][train_one_epoch          ] [  260] acc (v/n): 40.0% (82.8% 58.9%) recall (v/n): 7.9% (32.0% 27.3%) [mem: 2.02e+04] [data: 40.2 ms]
[INFO    ][2026-09-16 05:43:28][root                ][train_one_epoch          ] [  270] acc (v/n): 39.9% (82.7% 58.9%) recall (v/n): 7.8% (31.8% 27.3%) [mem: 2.02e+04] [data: 39.4 ms]
[INFO    ][2026-09-16 05:45:26][root                ][train_one_epoch          ] [  280] acc (v/n): 39.9% (82.7% 58.8%) recall (v/n): 7.6% (31.7% 27.1%) [mem: 2.02e+04] [data: 38.7 ms]
[INFO    ][2026-09-16 05:47:25][root                ][train_one_epoch          ] [  290] acc (v/n): 39.8% (82.6% 58.9%) recall (v/n): 7.6% (31.5% 27.2%) [mem: 2.02e+04] [data: 38.1 ms]
[INFO    ][2026-09-16 05:49:23][root                ][train_one_epoch          ] [  300] acc (v/n): 39.8% (82.6% 58.9%) recall (v/n): 7.5% (31.8% 27.4%) [mem: 2.02e+04] [data: 37.5 ms]
[INFO    ][2026-09-16 05:51:21][root                ][train_one_epoch          ] [  310] acc (v/n): 39.8% (82.5% 58.9%) recall (v/n): 7.5% (32.0% 27.4%) [mem: 2.02e+04] [data: 36.9 ms]
[INFO    ][2026-09-16 05:53:19][root                ][train_one_epoch          ] [  320] acc (v/n): 39.9% (82.5% 59.1%) recall (v/n): 7.4% (32.2% 27.5%) [mem: 2.02e+04] [data: 36.4 ms]
[INFO    ][2026-09-16 05:55:16][root                ][train_one_epoch          ] [  330] acc (v/n): 40.0% (82.4% 59.3%) recall (v/n): 7.3% (32.0% 27.6%) [mem: 2.02e+04] [data: 35.9 ms]
[INFO    ][2026-09-16 05:57:15][root                ][train_one_epoch          ] [  340] acc (v/n): 40.1% (82.4% 59.3%) recall (v/n): 7.3% (32.1% 27.5%) [mem: 2.02e+04] [data: 35.4 ms]
[INFO    ][2026-09-16 05:59:12][root                ][train_one_epoch          ] [  350] acc (v/n): 40.0% (82.4% 59.3%) recall (v/n): 7.2% (32.2% 27.4%) [mem: 2.02e+04] [data: 35.0 ms]
[INFO    ][2026-09-16 06:01:10][root                ][train_one_epoch          ] [  360] acc (v/n): 40.0% (82.4% 59.2%) recall (v/n): 7.1% (32.2% 27.3%) [mem: 2.02e+04] [data: 34.6 ms]
[INFO    ][2026-09-16 06:03:09][root                ][train_one_epoch          ] [  370] acc (v/n): 39.9% (82.4% 59.1%) recall (v/n): 7.0% (32.2% 27.2%) [mem: 2.02e+04] [data: 34.1 ms]
[INFO    ][2026-09-16 06:05:07][root                ][train_one_epoch          ] [  380] acc (v/n): 39.9% (82.3% 59.2%) recall (v/n): 7.0% (32.2% 27.0%) [mem: 2.02e+04] [data: 33.8 ms]
[INFO    ][2026-09-16 06:07:05][root                ][train_one_epoch          ] [  390] acc (v/n): 39.8% (82.3% 59.1%) recall (v/n): 6.9% (32.1% 26.8%) [mem: 2.02e+04] [data: 33.4 ms]
[INFO    ][2026-09-16 06:09:03][root                ][train_one_epoch          ] [  400] acc (v/n): 39.8% (82.2% 59.1%) recall (v/n): 6.9% (32.1% 26.7%) [mem: 2.02e+04] [data: 33.0 ms]
[INFO    ][2026-09-16 06:11:02][root                ][train_one_epoch          ] [  410] acc (v/n): 39.8% (82.2% 59.1%) recall (v/n): 6.8% (32.0% 26.6%) [mem: 2.02e+04] [data: 32.7 ms]
[INFO    ][2026-09-16 06:13:00][root                ][train_one_epoch          ] [  420] acc (v/n): 39.7% (82.2% 59.0%) recall (v/n): 6.8% (31.8% 26.6%) [mem: 2.02e+04] [data: 32.4 ms]
[INFO    ][2026-09-16 06:14:58][root                ][train_one_epoch          ] [  430] acc (v/n): 39.7% (82.2% 59.0%) recall (v/n): 6.7% (31.7% 26.6%) [mem: 2.02e+04] [data: 32.1 ms]
[INFO    ][2026-09-16 06:16:56][root                ][train_one_epoch          ] [  440] acc (v/n): 39.7% (82.1% 59.0%) recall (v/n): 6.7% (31.8% 26.8%) [mem: 2.02e+04] [data: 31.8 ms]
[INFO    ][2026-09-16 06:19:11][root                ][train_one_epoch          ] [  450] acc (v/n): 39.6% (82.0% 59.0%) recall (v/n): 6.6% (31.3% 26.8%) [mem: 2.02e+04] [data: 31.6 ms]
[INFO    ][2026-09-16 06:21:09][root                ][train_one_epoch          ] [  460] acc (v/n): 39.6% (82.0% 59.0%) recall (v/n): 6.6% (31.2% 26.8%) [mem: 2.02e+04] [data: 31.3 ms]
[INFO    ][2026-09-16 06:23:07][root                ][train_one_epoch          ] [  470] acc (v/n): 39.5% (81.9% 59.0%) recall (v/n): 6.5% (31.2% 26.8%) [mem: 2.02e+04] [data: 31.1 ms]
[INFO    ][2026-09-16 06:25:04][root                ][train_one_epoch          ] [  480] acc (v/n): 39.5% (81.9% 58.9%) recall (v/n): 6.5% (31.2% 26.9%) [mem: 2.02e+04] [data: 30.8 ms]
[INFO    ][2026-09-16 06:27:01][root                ][train_one_epoch          ] [  490] acc (v/n): 39.4% (81.8% 58.8%) recall (v/n): 6.5% (31.3% 26.8%) [mem: 2.02e+04] [data: 30.6 ms]
[INFO    ][2026-09-16 06:28:59][root                ][train_one_epoch          ] [  500] acc (v/n): 39.4% (81.8% 58.8%) recall (v/n): 6.5% (31.4% 26.9%) [mem: 2.02e+04] [data: 30.4 ms]
[INFO    ][2026-09-16 06:31:15][root                ][train_one_epoch          ] [  510] acc (v/n): 39.4% (81.8% 58.8%) recall (v/n): 6.4% (31.4% 26.9%) [mem: 2.02e+04] [data: 30.1 ms]
[INFO    ][2026-09-16 06:33:34][root                ][train_one_epoch          ] [  520] acc (v/n): 39.4% (81.8% 58.8%) recall (v/n): 6.4% (31.4% 27.0%) [mem: 2.02e+04] [data: 29.9 ms]
[INFO    ][2026-09-16 06:34:21][root                ][train_one_epoch          ] [  524] acc (v/n): 39.4% (81.8% 58.8%) recall (v/n): 6.4% (31.5% 27.0%) [mem: 2.02e+04] [data: 29.9 ms]
[INFO    ][2026-09-16 06:34:45][root                ][validate_exact           ] [exact val] itr 0  clips so far (this rank) 16
[INFO    ][2026-09-16 06:38:43][root                ][validate_exact           ] [exact val] itr 50  clips so far (this rank) 796
[INFO    ][2026-09-16 06:42:41][root                ][validate_exact           ] [exact val] itr 100  clips so far (this rank) 1573
[INFO    ][2026-09-16 06:44:23][root                ][main                     ] [exact val] epoch 6  n_clips 9296/9296  mean class recall@5  action 14.66  verb 36.35  noun 31.98
[INFO    ][2026-09-16 06:44:23][root                ][main                     ] [    6] train acc (v/n): 39.4% (81.8% 58.8%) train recall (v/n): 6.4% (31.5% 27.0%) val acc (v/n): 46.3% (87.2% 66.6%) val recall (v/n): 14.7% (36.3% 32.0%) 
[INFO    ][2026-09-16 06:44:59][root                ][main                     ] Epoch 6
[INFO    ][2026-09-16 06:44:59][root                ][main                     ] Training...
[INFO    ][2026-09-16 06:45:32][root                ][train_one_epoch          ] [    0] acc (v/n): 46.1% (85.9% 56.2%) recall (v/n): 36.5% (59.1% 36.9%) [mem: 2.02e+04] [data: 5762.1 ms]
[INFO    ][2026-09-16 06:47:30][root                ][train_one_epoch          ] [   10] acc (v/n): 42.5% (83.2% 58.3%) recall (v/n): 20.7% (38.4% 32.9%) [mem: 2.02e+04] [data: 541.7 ms]
[INFO    ][2026-09-16 06:49:28][root                ][train_one_epoch          ] [   20] acc (v/n): 40.7% (83.2% 58.1%) recall (v/n): 16.7% (34.2% 32.2%) [mem: 2.02e+04] [data: 293.0 ms]
[INFO    ][2026-09-16 06:51:25][root                ][train_one_epoch          ] [   30] acc (v/n): 40.7% (83.2% 58.5%) recall (v/n): 15.5% (31.4% 31.4%) [mem: 2.02e+04] [data: 204.8 ms]
[INFO    ][2026-09-16 06:53:23][root                ][train_one_epoch          ] [   40] acc (v/n): 41.8% (83.1% 59.5%) recall (v/n): 14.9% (29.1% 31.0%) [mem: 2.02e+04] [data: 159.6 ms]
[INFO    ][2026-09-16 06:55:20][root                ][train_one_epoch          ] [   50] acc (v/n): 42.3% (83.3% 60.1%) recall (v/n): 14.2% (30.0% 30.1%) [mem: 2.02e+04] [data: 132.1 ms]
[INFO    ][2026-09-16 06:57:18][root                ][train_one_epoch          ] [   60] acc (v/n): 42.6% (82.9% 60.4%) recall (v/n): 13.8% (31.1% 30.0%) [mem: 2.02e+04] [data: 113.8 ms]
[INFO    ][2026-09-16 06:59:16][root                ][train_one_epoch          ] [   70] acc (v/n): 43.2% (83.1% 61.3%) recall (v/n): 13.3% (31.2% 29.9%) [mem: 2.02e+04] [data: 100.5 ms]
[INFO    ][2026-09-16 07:01:14][root                ][train_one_epoch          ] [   80] acc (v/n): 43.5% (83.1% 61.8%) recall (v/n): 13.1% (31.0% 29.7%) [mem: 2.02e+04] [data: 90.5 ms]
[INFO    ][2026-09-16 07:03:11][root                ][train_one_epoch          ] [   90] acc (v/n): 43.7% (83.6% 62.0%) recall (v/n): 12.8% (31.9% 30.1%) [mem: 2.02e+04] [data: 82.6 ms]
[INFO    ][2026-09-16 07:05:09][root                ][train_one_epoch          ] [  100] acc (v/n): 43.7% (83.6% 62.1%) recall (v/n): 12.6% (31.9% 30.9%) [mem: 2.02e+04] [data: 76.4 ms]
[INFO    ][2026-09-16 07:07:07][root                ][train_one_epoch          ] [  110] acc (v/n): 43.8% (83.6% 62.5%) recall (v/n): 12.2% (33.0% 31.3%) [mem: 2.02e+04] [data: 71.2 ms]
[INFO    ][2026-09-16 07:09:04][root                ][train_one_epoch          ] [  120] acc (v/n): 44.0% (83.5% 62.7%) recall (v/n): 12.0% (32.3% 31.3%) [mem: 2.02e+04] [data: 66.9 ms]
[INFO    ][2026-09-16 07:11:02][root                ][train_one_epoch          ] [  130] acc (v/n): 43.6% (83.5% 62.6%) recall (v/n): 11.7% (32.2% 31.4%) [mem: 2.02e+04] [data: 63.4 ms]
[INFO    ][2026-09-16 07:12:59][root                ][train_one_epoch          ] [  140] acc (v/n): 43.8% (83.4% 62.9%) recall (v/n): 11.6% (32.5% 31.4%) [mem: 2.02e+04] [data: 60.3 ms]
[INFO    ][2026-09-16 07:14:57][root                ][train_one_epoch          ] [  150] acc (v/n): 44.1% (83.5% 63.2%) recall (v/n): 11.5% (33.0% 30.9%) [mem: 2.02e+04] [data: 57.6 ms]
[INFO    ][2026-09-16 07:16:54][root                ][train_one_epoch          ] [  160] acc (v/n): 44.2% (83.4% 63.2%) recall (v/n): 11.4% (33.0% 30.8%) [mem: 2.02e+04] [data: 55.2 ms]
[INFO    ][2026-09-16 07:18:52][root                ][train_one_epoch          ] [  170] acc (v/n): 44.2% (83.4% 63.2%) recall (v/n): 11.2% (32.8% 30.9%) [mem: 2.02e+04] [data: 53.2 ms]
[INFO    ][2026-09-16 07:20:49][root                ][train_one_epoch          ] [  180] acc (v/n): 44.1% (83.3% 63.0%) recall (v/n): 11.0% (32.8% 30.9%) [mem: 2.02e+04] [data: 51.3 ms]
[INFO    ][2026-09-16 07:22:47][root                ][train_one_epoch          ] [  190] acc (v/n): 44.1% (83.3% 63.0%) recall (v/n): 10.8% (33.1% 31.2%) [mem: 2.02e+04] [data: 49.6 ms]
[INFO    ][2026-09-16 07:24:44][root                ][train_one_epoch          ] [  200] acc (v/n): 44.1% (83.3% 62.9%) recall (v/n): 10.6% (33.3% 31.1%) [mem: 2.02e+04] [data: 48.2 ms]
[INFO    ][2026-09-16 07:26:42][root                ][train_one_epoch          ] [  210] acc (v/n): 44.2% (83.4% 62.8%) recall (v/n): 10.5% (33.6% 31.5%) [mem: 2.02e+04] [data: 46.8 ms]
[INFO    ][2026-09-16 07:28:40][root                ][train_one_epoch          ] [  220] acc (v/n): 44.1% (83.4% 63.0%) recall (v/n): 10.5% (33.8% 31.5%) [mem: 2.02e+04] [data: 45.6 ms]
[INFO    ][2026-09-16 07:30:37][root                ][train_one_epoch          ] [  230] acc (v/n): 44.1% (83.4% 63.0%) recall (v/n): 10.4% (34.0% 31.5%) [mem: 2.02e+04] [data: 44.5 ms]
[INFO    ][2026-09-16 07:32:35][root                ][train_one_epoch          ] [  240] acc (v/n): 44.0% (83.5% 62.9%) recall (v/n): 10.2% (33.9% 31.0%) [mem: 2.02e+04] [data: 43.5 ms]
[INFO    ][2026-09-16 07:34:33][root                ][train_one_epoch          ] [  250] acc (v/n): 44.0% (83.5% 62.9%) recall (v/n): 10.2% (34.2% 31.1%) [mem: 2.02e+04] [data: 42.5 ms]
[INFO    ][2026-09-16 07:36:30][root                ][train_one_epoch          ] [  260] acc (v/n): 44.0% (83.5% 62.9%) recall (v/n): 10.1% (34.4% 31.0%) [mem: 2.02e+04] [data: 41.7 ms]
[INFO    ][2026-09-16 07:38:27][root                ][train_one_epoch          ] [  270] acc (v/n): 44.0% (83.5% 62.8%) recall (v/n): 10.0% (34.6% 30.6%) [mem: 2.02e+04] [data: 40.8 ms]
[INFO    ][2026-09-16 07:40:25][root                ][train_one_epoch          ] [  280] acc (v/n): 44.0% (83.5% 62.8%) recall (v/n): 9.8% (34.8% 30.9%) [mem: 2.02e+04] [data: 40.1 ms]
[INFO    ][2026-09-16 07:42:23][root                ][train_one_epoch          ] [  290] acc (v/n): 44.0% (83.6% 62.7%) recall (v/n): 9.9% (34.7% 31.1%) [mem: 2.02e+04] [data: 39.3 ms]
[INFO    ][2026-09-16 07:44:21][root                ][train_one_epoch          ] [  300] acc (v/n): 43.9% (83.6% 62.7%) recall (v/n): 9.8% (34.6% 31.2%) [mem: 2.02e+04] [data: 38.7 ms]
[INFO    ][2026-09-16 07:46:18][root                ][train_one_epoch          ] [  310] acc (v/n): 44.0% (83.7% 62.8%) recall (v/n): 9.8% (34.6% 31.3%) [mem: 2.02e+04] [data: 38.1 ms]
[INFO    ][2026-09-16 07:48:16][root                ][train_one_epoch          ] [  320] acc (v/n): 44.0% (83.8% 62.6%) recall (v/n): 9.7% (34.4% 31.3%) [mem: 2.02e+04] [data: 37.5 ms]
[INFO    ][2026-09-16 07:50:13][root                ][train_one_epoch          ] [  330] acc (v/n): 43.9% (83.8% 62.5%) recall (v/n): 9.7% (34.5% 31.1%) [mem: 2.02e+04] [data: 36.9 ms]
[INFO    ][2026-09-16 07:52:10][root                ][train_one_epoch          ] [  340] acc (v/n): 43.8% (83.7% 62.5%) recall (v/n): 9.6% (34.6% 30.8%) [mem: 2.02e+04] [data: 36.4 ms]
[INFO    ][2026-09-16 07:54:08][root                ][train_one_epoch          ] [  350] acc (v/n): 43.9% (83.7% 62.4%) recall (v/n): 9.5% (34.4% 30.7%) [mem: 2.02e+04] [data: 36.0 ms]
[INFO    ][2026-09-16 07:56:05][root                ][train_one_epoch          ] [  360] acc (v/n): 43.9% (83.7% 62.5%) recall (v/n): 9.5% (34.4% 30.9%) [mem: 2.02e+04] [data: 35.5 ms]
[INFO    ][2026-09-16 07:58:03][root                ][train_one_epoch          ] [  370] acc (v/n): 43.9% (83.7% 62.4%) recall (v/n): 9.4% (34.7% 31.0%) [mem: 2.02e+04] [data: 35.1 ms]
[INFO    ][2026-09-16 08:00:01][root                ][train_one_epoch          ] [  380] acc (v/n): 43.9% (83.7% 62.3%) recall (v/n): 9.4% (34.9% 31.3%) [mem: 2.02e+04] [data: 34.7 ms]
[INFO    ][2026-09-16 08:01:58][root                ][train_one_epoch          ] [  390] acc (v/n): 43.8% (83.6% 62.4%) recall (v/n): 9.3% (34.9% 31.3%) [mem: 2.02e+04] [data: 34.3 ms]
[INFO    ][2026-09-16 08:03:57][root                ][train_one_epoch          ] [  400] acc (v/n): 43.9% (83.6% 62.4%) recall (v/n): 9.3% (35.0% 31.2%) [mem: 2.02e+04] [data: 33.9 ms]
[INFO    ][2026-09-16 08:05:54][root                ][train_one_epoch          ] [  410] acc (v/n): 43.9% (83.6% 62.4%) recall (v/n): 9.2% (35.0% 31.2%) [mem: 2.02e+04] [data: 33.5 ms]
[INFO    ][2026-09-16 08:08:10][root                ][train_one_epoch          ] [  420] acc (v/n): 43.9% (83.6% 62.4%) recall (v/n): 9.2% (35.1% 31.1%) [mem: 2.02e+04] [data: 33.2 ms]
[INFO    ][2026-09-16 08:10:08][root                ][train_one_epoch          ] [  430] acc (v/n): 43.8% (83.6% 62.4%) recall (v/n): 9.2% (35.3% 31.3%) [mem: 2.02e+04] [data: 32.8 ms]
[INFO    ][2026-09-16 08:12:06][root                ][train_one_epoch          ] [  440] acc (v/n): 43.8% (83.6% 62.4%) recall (v/n): 9.2% (35.2% 31.3%) [mem: 2.02e+04] [data: 32.5 ms]
[INFO    ][2026-09-16 08:14:23][root                ][train_one_epoch          ] [  450] acc (v/n): 43.8% (83.5% 62.5%) recall (v/n): 9.2% (35.1% 31.4%) [mem: 2.02e+04] [data: 32.2 ms]
[INFO    ][2026-09-16 08:16:21][root                ][train_one_epoch          ] [  460] acc (v/n): 43.8% (83.4% 62.5%) recall (v/n): 9.2% (35.1% 31.5%) [mem: 2.02e+04] [data: 32.0 ms]
[INFO    ][2026-09-16 08:18:18][root                ][train_one_epoch          ] [  470] acc (v/n): 43.7% (83.4% 62.5%) recall (v/n): 9.1% (35.1% 31.6%) [mem: 2.02e+04] [data: 31.7 ms]
[INFO    ][2026-09-16 08:20:16][root                ][train_one_epoch          ] [  480] acc (v/n): 43.6% (83.3% 62.5%) recall (v/n): 9.1% (35.1% 31.5%) [mem: 2.02e+04] [data: 31.4 ms]
[INFO    ][2026-09-16 08:22:14][root                ][train_one_epoch          ] [  490] acc (v/n): 43.7% (83.2% 62.6%) recall (v/n): 9.1% (35.6% 31.5%) [mem: 2.02e+04] [data: 31.2 ms]
[INFO    ][2026-09-16 08:24:12][root                ][train_one_epoch          ] [  500] acc (v/n): 43.7% (83.2% 62.6%) recall (v/n): 9.0% (35.7% 31.7%) [mem: 2.02e+04] [data: 31.0 ms]
[INFO    ][2026-09-16 08:26:29][root                ][train_one_epoch          ] [  510] acc (v/n): 43.7% (83.2% 62.6%) recall (v/n): 8.9% (35.7% 31.5%) [mem: 2.02e+04] [data: 30.7 ms]
[INFO    ][2026-09-16 08:28:26][root                ][train_one_epoch          ] [  520] acc (v/n): 43.8% (83.2% 62.7%) recall (v/n): 8.9% (35.7% 31.5%) [mem: 2.02e+04] [data: 30.5 ms]
[INFO    ][2026-09-16 08:29:14][root                ][train_one_epoch          ] [  524] acc (v/n): 43.7% (83.2% 62.6%) recall (v/n): 8.9% (35.4% 31.5%) [mem: 2.02e+04] [data: 30.4 ms]
[INFO    ][2026-09-16 08:29:38][root                ][validate_exact           ] [exact val] itr 0  clips so far (this rank) 16
[INFO    ][2026-09-16 08:33:36][root                ][validate_exact           ] [exact val] itr 50  clips so far (this rank) 796
[INFO    ][2026-09-16 08:37:34][root                ][validate_exact           ] [exact val] itr 100  clips so far (this rank) 1573
[INFO    ][2026-09-16 08:39:16][root                ][main                     ] [exact val] epoch 7  n_clips 9296/9296  mean class recall@5  action 17.50  verb 41.25  noun 37.11
[INFO    ][2026-09-16 08:39:16][root                ][main                     ] [    7] train acc (v/n): 43.7% (83.2% 62.6%) train recall (v/n): 8.9% (35.4% 31.5%) val acc (v/n): 49.4% (87.6% 70.2%) val recall (v/n): 17.5% (41.3% 37.1%) 
[INFO    ][2026-09-16 08:40:07][root                ][main                     ] Epoch 7
[INFO    ][2026-09-16 08:40:07][root                ][main                     ] Training...
[INFO    ][2026-09-16 08:40:43][root                ][train_one_epoch          ] [    0] acc (v/n): 42.2% (77.3% 53.1%) recall (v/n): 36.0% (62.4% 41.5%) [mem: 2.02e+04] [data: 6934.8 ms]
[INFO    ][2026-09-16 08:42:40][root                ][train_one_epoch          ] [   10] acc (v/n): 42.6% (82.7% 60.2%) recall (v/n): 22.6% (36.9% 39.8%) [mem: 2.02e+04] [data: 648.7 ms]
[INFO    ][2026-09-16 08:44:38][root                ][train_one_epoch          ] [   20] acc (v/n): 42.4% (82.7% 60.7%) recall (v/n): 19.0% (36.4% 36.8%) [mem: 2.02e+04] [data: 349.0 ms]
[INFO    ][2026-09-16 08:46:36][root                ][train_one_epoch          ] [   30] acc (v/n): 44.5% (83.1% 63.3%) recall (v/n): 18.2% (35.3% 36.2%) [mem: 2.02e+04] [data: 242.9 ms]
[INFO    ][2026-09-16 08:48:34][root                ][train_one_epoch          ] [   40] acc (v/n): 45.4% (83.3% 63.7%) recall (v/n): 17.8% (34.2% 35.5%) [mem: 2.02e+04] [data: 188.5 ms]
[INFO    ][2026-09-16 08:50:32][root                ][train_one_epoch          ] [   50] acc (v/n): 46.2% (83.7% 64.0%) recall (v/n): 17.5% (32.8% 34.6%) [mem: 2.02e+04] [data: 155.5 ms]
[INFO    ][2026-09-16 08:52:29][root                ][train_one_epoch          ] [   60] acc (v/n): 46.2% (84.1% 63.7%) recall (v/n): 17.2% (34.3% 35.5%) [mem: 2.02e+04] [data: 133.2 ms]
[INFO    ][2026-09-16 08:54:27][root                ][train_one_epoch          ] [   70] acc (v/n): 46.7% (84.3% 64.1%) recall (v/n): 16.5% (33.3% 35.8%) [mem: 2.02e+04] [data: 117.2 ms]
[INFO    ][2026-09-16 08:56:25][root                ][train_one_epoch          ] [   80] acc (v/n): 47.2% (84.7% 64.8%) recall (v/n): 16.3% (35.0% 36.1%) [mem: 2.02e+04] [data: 105.2 ms]
[INFO    ][2026-09-16 08:58:23][root                ][train_one_epoch          ] [   90] acc (v/n): 47.3% (84.9% 65.1%) recall (v/n): 16.1% (35.2% 35.8%) [mem: 2.02e+04] [data: 95.7 ms]
[INFO    ][2026-09-16 09:00:21][root                ][train_one_epoch          ] [  100] acc (v/n): 47.5% (85.2% 65.0%) recall (v/n): 15.9% (35.1% 35.4%) [mem: 2.02e+04] [data: 88.2 ms]
[INFO    ][2026-09-16 09:02:18][root                ][train_one_epoch          ] [  110] acc (v/n): 47.4% (85.4% 64.8%) recall (v/n): 15.6% (35.3% 35.3%) [mem: 2.02e+04] [data: 82.0 ms]
[INFO    ][2026-09-16 09:04:16][root                ][train_one_epoch          ] [  120] acc (v/n): 47.3% (85.4% 64.7%) recall (v/n): 15.3% (34.9% 35.0%) [mem: 2.02e+04] [data: 76.9 ms]
[INFO    ][2026-09-16 09:06:14][root                ][train_one_epoch          ] [  130] acc (v/n): 47.2% (85.3% 64.6%) recall (v/n): 15.1% (34.8% 35.0%) [mem: 2.02e+04] [data: 72.6 ms]
[INFO    ][2026-09-16 09:08:11][root                ][train_one_epoch          ] [  140] acc (v/n): 47.3% (85.3% 64.8%) recall (v/n): 15.0% (34.8% 35.2%) [mem: 2.02e+04] [data: 68.8 ms]
[INFO    ][2026-09-16 09:10:09][root                ][train_one_epoch          ] [  150] acc (v/n): 47.1% (85.2% 64.7%) recall (v/n): 14.5% (36.1% 35.3%) [mem: 2.02e+04] [data: 65.6 ms]
[INFO    ][2026-09-16 09:12:07][root                ][train_one_epoch          ] [  160] acc (v/n): 46.9% (85.1% 64.5%) recall (v/n): 14.1% (37.1% 35.0%) [mem: 2.02e+04] [data: 62.7 ms]
[INFO    ][2026-09-16 09:14:04][root                ][train_one_epoch          ] [  170] acc (v/n): 46.8% (85.0% 64.2%) recall (v/n): 13.9% (36.8% 34.5%) [mem: 2.02e+04] [data: 60.2 ms]
[INFO    ][2026-09-16 09:16:02][root                ][train_one_epoch          ] [  180] acc (v/n): 46.6% (84.9% 64.3%) recall (v/n): 13.9% (37.0% 35.5%) [mem: 2.02e+04] [data: 58.0 ms]
[INFO    ][2026-09-16 09:18:00][root                ][train_one_epoch          ] [  190] acc (v/n): 46.5% (84.9% 64.3%) recall (v/n): 13.8% (37.4% 35.4%) [mem: 2.02e+04] [data: 56.0 ms]
[INFO    ][2026-09-16 09:19:57][root                ][train_one_epoch          ] [  200] acc (v/n): 46.6% (84.9% 64.3%) recall (v/n): 13.7% (37.7% 35.4%) [mem: 2.02e+04] [data: 54.2 ms]
[INFO    ][2026-09-16 09:21:54][root                ][train_one_epoch          ] [  210] acc (v/n): 46.7% (84.9% 64.6%) recall (v/n): 13.6% (37.7% 35.7%) [mem: 2.02e+04] [data: 52.6 ms]
[INFO    ][2026-09-16 09:23:52][root                ][train_one_epoch          ] [  220] acc (v/n): 46.8% (84.9% 64.7%) recall (v/n): 13.5% (38.0% 35.3%) [mem: 2.02e+04] [data: 51.1 ms]
[INFO    ][2026-09-16 09:25:50][root                ][train_one_epoch          ] [  230] acc (v/n): 47.0% (84.9% 64.8%) recall (v/n): 13.3% (38.5% 35.3%) [mem: 2.02e+04] [data: 49.7 ms]
[INFO    ][2026-09-16 09:27:48][root                ][train_one_epoch          ] [  240] acc (v/n): 46.9% (84.8% 64.8%) recall (v/n): 12.9% (37.9% 35.2%) [mem: 2.02e+04] [data: 48.5 ms]
[INFO    ][2026-09-16 09:29:46][root                ][train_one_epoch          ] [  250] acc (v/n): 47.0% (84.8% 64.9%) recall (v/n): 12.8% (38.0% 35.5%) [mem: 2.02e+04] [data: 47.3 ms]
[INFO    ][2026-09-16 09:31:43][root                ][train_one_epoch          ] [  260] acc (v/n): 46.9% (84.7% 64.8%) recall (v/n): 12.7% (38.2% 35.5%) [mem: 2.02e+04] [data: 46.3 ms]
[INFO    ][2026-09-16 09:33:41][root                ][train_one_epoch          ] [  270] acc (v/n): 46.9% (84.6% 64.8%) recall (v/n): 12.6% (38.0% 35.2%) [mem: 2.02e+04] [data: 45.3 ms]
[INFO    ][2026-09-16 09:35:38][root                ][train_one_epoch          ] [  280] acc (v/n): 47.0% (84.6% 64.9%) recall (v/n): 12.6% (37.9% 35.4%) [mem: 2.02e+04] [data: 44.4 ms]
[INFO    ][2026-09-16 09:37:36][root                ][train_one_epoch          ] [  290] acc (v/n): 47.0% (84.6% 64.9%) recall (v/n): 12.6% (37.8% 35.7%) [mem: 2.02e+04] [data: 43.5 ms]
[INFO    ][2026-09-16 09:39:34][root                ][train_one_epoch          ] [  300] acc (v/n): 47.0% (84.5% 65.0%) recall (v/n): 12.5% (37.8% 35.7%) [mem: 2.02e+04] [data: 42.7 ms]
[INFO    ][2026-09-16 09:41:31][root                ][train_one_epoch          ] [  310] acc (v/n): 46.9% (84.6% 64.9%) recall (v/n): 12.4% (37.9% 35.7%) [mem: 2.02e+04] [data: 41.9 ms]
[INFO    ][2026-09-16 09:43:28][root                ][train_one_epoch          ] [  320] acc (v/n): 47.0% (84.6% 65.0%) recall (v/n): 12.3% (38.0% 35.7%) [mem: 2.02e+04] [data: 41.2 ms]
[INFO    ][2026-09-16 09:45:26][root                ][train_one_epoch          ] [  330] acc (v/n): 47.0% (84.5% 65.0%) recall (v/n): 12.2% (38.0% 35.7%) [mem: 2.02e+04] [data: 40.6 ms]
[INFO    ][2026-09-16 09:47:23][root                ][train_one_epoch          ] [  340] acc (v/n): 47.0% (84.6% 65.0%) recall (v/n): 12.0% (37.9% 35.5%) [mem: 2.02e+04] [data: 39.9 ms]
[INFO    ][2026-09-16 09:49:21][root                ][train_one_epoch          ] [  350] acc (v/n): 47.0% (84.6% 64.9%) recall (v/n): 11.9% (37.9% 35.3%) [mem: 2.02e+04] [data: 39.3 ms]
[INFO    ][2026-09-16 09:51:19][root                ][train_one_epoch          ] [  360] acc (v/n): 46.9% (84.5% 64.8%) recall (v/n): 11.9% (38.0% 35.2%) [mem: 2.02e+04] [data: 38.8 ms]
[INFO    ][2026-09-16 09:53:17][root                ][train_one_epoch          ] [  370] acc (v/n): 46.8% (84.4% 64.8%) recall (v/n): 11.8% (38.3% 35.3%) [mem: 2.02e+04] [data: 38.2 ms]
[INFO    ][2026-09-16 09:55:34][root                ][train_one_epoch          ] [  380] acc (v/n): 46.7% (84.4% 64.9%) recall (v/n): 11.7% (38.2% 35.3%) [mem: 2.02e+04] [data: 89.1 ms]
[INFO    ][2026-09-16 09:57:32][root                ][train_one_epoch          ] [  390] acc (v/n): 46.8% (84.4% 64.9%) recall (v/n): 11.6% (38.1% 35.1%) [mem: 2.02e+04] [data: 87.3 ms]
[INFO    ][2026-09-16 09:59:30][root                ][train_one_epoch          ] [  400] acc (v/n): 46.8% (84.4% 64.8%) recall (v/n): 11.5% (38.1% 35.0%) [mem: 2.02e+04] [data: 85.6 ms]
[INFO    ][2026-09-16 10:01:27][root                ][train_one_epoch          ] [  410] acc (v/n): 46.8% (84.3% 64.8%) recall (v/n): 11.5% (38.1% 35.0%) [mem: 2.02e+04] [data: 84.0 ms]
[INFO    ][2026-09-16 10:03:25][root                ][train_one_epoch          ] [  420] acc (v/n): 46.8% (84.3% 64.8%) recall (v/n): 11.5% (38.4% 35.2%) [mem: 2.02e+04] [data: 82.5 ms]
[INFO    ][2026-09-16 10:05:22][root                ][train_one_epoch          ] [  430] acc (v/n): 46.7% (84.2% 64.7%) recall (v/n): 11.4% (38.6% 35.2%) [mem: 2.02e+04] [data: 81.0 ms]
[INFO    ][2026-09-16 10:07:20][root                ][train_one_epoch          ] [  440] acc (v/n): 46.7% (84.1% 64.7%) recall (v/n): 11.3% (38.5% 35.4%) [mem: 2.02e+04] [data: 79.6 ms]
[INFO    ][2026-09-16 10:09:34][root                ][train_one_epoch          ] [  450] acc (v/n): 46.7% (84.1% 64.7%) recall (v/n): 11.3% (38.5% 35.5%) [mem: 2.02e+04] [data: 78.3 ms]
[INFO    ][2026-09-16 10:11:32][root                ][train_one_epoch          ] [  460] acc (v/n): 46.7% (84.1% 64.6%) recall (v/n): 11.3% (38.6% 35.5%) [mem: 2.02e+04] [data: 77.0 ms]
[INFO    ][2026-09-16 10:13:29][root                ][train_one_epoch          ] [  470] acc (v/n): 46.8% (84.1% 64.7%) recall (v/n): 11.2% (38.7% 35.5%) [mem: 2.02e+04] [data: 75.8 ms]
[INFO    ][2026-09-16 10:15:26][root                ][train_one_epoch          ] [  480] acc (v/n): 46.8% (84.1% 64.7%) recall (v/n): 11.2% (38.8% 35.5%) [mem: 2.02e+04] [data: 74.6 ms]
[INFO    ][2026-09-16 10:17:41][root                ][train_one_epoch          ] [  490] acc (v/n): 46.7% (84.1% 64.6%) recall (v/n): 11.1% (38.7% 35.4%) [mem: 2.02e+04] [data: 73.5 ms]
[INFO    ][2026-09-16 10:19:39][root                ][train_one_epoch          ] [  500] acc (v/n): 46.7% (84.1% 64.6%) recall (v/n): 11.1% (38.5% 35.4%) [mem: 2.02e+04] [data: 72.5 ms]
[INFO    ][2026-09-16 10:21:36][root                ][train_one_epoch          ] [  510] acc (v/n): 46.6% (84.0% 64.6%) recall (v/n): 11.1% (38.5% 35.4%) [mem: 2.02e+04] [data: 71.4 ms]
[INFO    ][2026-09-16 10:24:08][root                ][train_one_epoch          ] [  520] acc (v/n): 46.6% (84.0% 64.6%) recall (v/n): 11.1% (38.4% 35.4%) [mem: 2.02e+04] [data: 70.4 ms]
[INFO    ][2026-09-16 10:24:55][root                ][train_one_epoch          ] [  524] acc (v/n): 46.6% (83.9% 64.7%) recall (v/n): 11.1% (38.3% 35.4%) [mem: 2.02e+04] [data: 70.0 ms]
[INFO    ][2026-09-16 10:25:18][root                ][validate_exact           ] [exact val] itr 0  clips so far (this rank) 16
[INFO    ][2026-09-16 10:29:17][root                ][validate_exact           ] [exact val] itr 50  clips so far (this rank) 796
[INFO    ][2026-09-16 10:33:15][root                ][validate_exact           ] [exact val] itr 100  clips so far (this rank) 1573
[INFO    ][2026-09-16 10:34:58][root                ][main                     ] [exact val] epoch 8  n_clips 9296/9296  mean class recall@5  action 19.53  verb 42.85  noun 39.02
[INFO    ][2026-09-16 10:34:58][root                ][main                     ] [    8] train acc (v/n): 46.6% (83.9% 64.7%) train recall (v/n): 11.1% (38.3% 35.4%) val acc (v/n): 50.7% (88.8% 70.3%) val recall (v/n): 19.5% (42.9% 39.0%) 
[INFO    ][2026-09-16 10:37:38][root                ][main                     ] Epoch 8
[INFO    ][2026-09-16 10:37:38][root                ][main                     ] Training...
[INFO    ][2026-09-16 10:38:11][root                ][train_one_epoch          ] [    0] acc (v/n): 48.4% (82.8% 58.6%) recall (v/n): 42.0% (60.8% 54.7%) [mem: 2.02e+04] [data: 4699.6 ms]
[INFO    ][2026-09-16 10:40:08][root                ][train_one_epoch          ] [   10] acc (v/n): 48.0% (85.9% 63.4%) recall (v/n): 29.7% (45.9% 41.7%) [mem: 2.02e+04] [data: 444.8 ms]
[INFO    ][2026-09-16 10:42:05][root                ][train_one_epoch          ] [   20] acc (v/n): 47.9% (85.1% 65.0%) recall (v/n): 25.5% (34.8% 39.9%) [mem: 2.02e+04] [data: 242.4 ms]
[INFO    ][2026-09-16 10:44:03][root                ][train_one_epoch          ] [   30] acc (v/n): 48.3% (85.4% 65.0%) recall (v/n): 24.1% (35.3% 40.0%) [mem: 2.02e+04] [data: 170.6 ms]
[INFO    ][2026-09-16 10:46:00][root                ][train_one_epoch          ] [   40] acc (v/n): 49.2% (85.8% 65.7%) recall (v/n): 22.9% (36.5% 41.6%) [mem: 2.02e+04] [data: 133.9 ms]
[INFO    ][2026-09-16 10:47:58][root                ][train_one_epoch          ] [   50] acc (v/n): 49.6% (85.5% 66.0%) recall (v/n): 21.9% (36.3% 39.6%) [mem: 2.02e+04] [data: 111.4 ms]
[INFO    ][2026-09-16 10:49:55][root                ][train_one_epoch          ] [   60] acc (v/n): 49.8% (85.6% 66.4%) recall (v/n): 21.3% (36.8% 39.6%) [mem: 2.02e+04] [data: 96.3 ms]
[INFO    ][2026-09-16 10:51:53][root                ][train_one_epoch          ] [   70] acc (v/n): 48.9% (85.5% 65.8%) recall (v/n): 20.0% (38.3% 39.1%) [mem: 2.02e+04] [data: 85.5 ms]
[INFO    ][2026-09-16 10:53:51][root                ][train_one_epoch          ] [   80] acc (v/n): 48.6% (85.2% 65.5%) recall (v/n): 18.9% (37.7% 38.7%) [mem: 2.02e+04] [data: 77.4 ms]
[INFO    ][2026-09-16 10:55:48][root                ][train_one_epoch          ] [   90] acc (v/n): 48.7% (84.9% 65.7%) recall (v/n): 18.4% (37.2% 38.7%) [mem: 2.02e+04] [data: 71.1 ms]
[INFO    ][2026-09-16 10:57:46][root                ][train_one_epoch          ] [  100] acc (v/n): 48.4% (84.8% 65.6%) recall (v/n): 18.3% (37.2% 39.0%) [mem: 2.02e+04] [data: 66.0 ms]
[INFO    ][2026-09-16 10:59:44][root                ][train_one_epoch          ] [  110] acc (v/n): 48.7% (84.9% 65.9%) recall (v/n): 18.3% (37.7% 39.1%) [mem: 2.02e+04] [data: 61.8 ms]
[INFO    ][2026-09-16 11:01:42][root                ][train_one_epoch          ] [  120] acc (v/n): 48.6% (84.8% 66.0%) recall (v/n): 17.8% (37.8% 38.8%) [mem: 2.02e+04] [data: 58.4 ms]
[INFO    ][2026-09-16 11:03:40][root                ][train_one_epoch          ] [  130] acc (v/n): 48.5% (84.9% 66.0%) recall (v/n): 17.7% (38.2% 38.7%) [mem: 2.02e+04] [data: 55.4 ms]
[INFO    ][2026-09-16 11:05:37][root                ][train_one_epoch          ] [  140] acc (v/n): 48.4% (84.7% 66.2%) recall (v/n): 17.6% (37.9% 39.1%) [mem: 2.02e+04] [data: 53.0 ms]
[INFO    ][2026-09-16 11:07:35][root                ][train_one_epoch          ] [  150] acc (v/n): 48.3% (84.6% 66.2%) recall (v/n): 17.3% (37.4% 38.6%) [mem: 2.02e+04] [data: 50.8 ms]
[INFO    ][2026-09-16 11:09:33][root                ][train_one_epoch          ] [  160] acc (v/n): 48.1% (84.6% 65.9%) recall (v/n): 17.0% (37.3% 38.1%) [mem: 2.02e+04] [data: 48.8 ms]
[INFO    ][2026-09-16 11:11:30][root                ][train_one_epoch          ] [  170] acc (v/n): 48.1% (84.7% 65.9%) recall (v/n): 16.7% (37.3% 38.1%) [mem: 2.02e+04] [data: 47.1 ms]
[INFO    ][2026-09-16 11:13:28][root                ][train_one_epoch          ] [  180] acc (v/n): 48.1% (84.7% 65.8%) recall (v/n): 16.4% (37.6% 38.0%) [mem: 2.02e+04] [data: 45.7 ms]
[INFO    ][2026-09-16 11:15:26][root                ][train_one_epoch          ] [  190] acc (v/n): 47.7% (84.7% 65.6%) recall (v/n): 16.1% (37.3% 37.7%) [mem: 2.02e+04] [data: 44.3 ms]
[INFO    ][2026-09-16 11:17:24][root                ][train_one_epoch          ] [  200] acc (v/n): 47.8% (84.7% 65.7%) recall (v/n): 16.2% (37.4% 38.0%) [mem: 2.02e+04] [data: 43.1 ms]
[INFO    ][2026-09-16 11:19:22][root                ][train_one_epoch          ] [  210] acc (v/n): 47.7% (84.7% 65.6%) recall (v/n): 16.1% (37.9% 38.1%) [mem: 2.02e+04] [data: 42.0 ms]
[INFO    ][2026-09-16 11:21:20][root                ][train_one_epoch          ] [  220] acc (v/n): 47.8% (84.8% 65.6%) recall (v/n): 16.1% (38.4% 38.2%) [mem: 2.02e+04] [data: 41.0 ms]
[INFO    ][2026-09-16 11:23:18][root                ][train_one_epoch          ] [  230] acc (v/n): 47.9% (84.8% 65.8%) recall (v/n): 16.0% (38.5% 38.4%) [mem: 2.02e+04] [data: 40.1 ms]
[INFO    ][2026-09-16 11:25:16][root                ][train_one_epoch          ] [  240] acc (v/n): 47.9% (84.8% 65.8%) recall (v/n): 15.9% (38.6% 38.9%) [mem: 2.02e+04] [data: 39.2 ms]
[INFO    ][2026-09-16 11:27:13][root                ][train_one_epoch          ] [  250] acc (v/n): 48.0% (84.8% 65.9%) recall (v/n): 15.8% (38.5% 38.9%) [mem: 2.02e+04] [data: 38.4 ms]
[INFO    ][2026-09-16 11:29:12][root                ][train_one_epoch          ] [  260] acc (v/n): 48.1% (84.8% 66.0%) recall (v/n): 15.7% (38.7% 38.9%) [mem: 2.02e+04] [data: 37.7 ms]
[INFO    ][2026-09-16 11:31:10][root                ][train_one_epoch          ] [  270] acc (v/n): 48.1% (84.6% 66.0%) recall (v/n): 15.6% (38.6% 38.6%) [mem: 2.02e+04] [data: 37.0 ms]
[INFO    ][2026-09-16 11:33:08][root                ][train_one_epoch          ] [  280] acc (v/n): 48.2% (84.6% 66.1%) recall (v/n): 15.5% (39.0% 38.8%) [mem: 2.02e+04] [data: 36.4 ms]
[INFO    ][2026-09-16 11:35:06][root                ][train_one_epoch          ] [  290] acc (v/n): 48.3% (84.7% 66.2%) recall (v/n): 15.3% (38.9% 39.0%) [mem: 2.02e+04] [data: 35.8 ms]
[INFO    ][2026-09-16 11:37:03][root                ][train_one_epoch          ] [  300] acc (v/n): 48.3% (84.7% 66.2%) recall (v/n): 15.2% (39.1% 38.8%) [mem: 2.02e+04] [data: 35.3 ms]
[INFO    ][2026-09-16 11:39:01][root                ][train_one_epoch          ] [  310] acc (v/n): 48.4% (84.7% 66.2%) recall (v/n): 15.2% (39.5% 38.9%) [mem: 2.02e+04] [data: 34.8 ms]
[INFO    ][2026-09-16 11:40:59][root                ][train_one_epoch          ] [  320] acc (v/n): 48.4% (84.7% 66.3%) recall (v/n): 15.1% (39.3% 39.0%) [mem: 2.02e+04] [data: 34.4 ms]
[INFO    ][2026-09-16 11:42:57][root                ][train_one_epoch          ] [  330] acc (v/n): 48.4% (84.7% 66.3%) recall (v/n): 14.9% (39.5% 38.8%) [mem: 2.02e+04] [data: 33.9 ms]
[INFO    ][2026-09-16 11:44:55][root                ][train_one_epoch          ] [  340] acc (v/n): 48.4% (84.7% 66.2%) recall (v/n): 14.9% (39.5% 39.0%) [mem: 2.02e+04] [data: 33.4 ms]
[INFO    ][2026-09-16 11:46:53][root                ][train_one_epoch          ] [  350] acc (v/n): 48.4% (84.7% 66.2%) recall (v/n): 14.8% (39.5% 38.9%) [mem: 2.02e+04] [data: 33.0 ms]
[INFO    ][2026-09-16 11:48:51][root                ][train_one_epoch          ] [  360] acc (v/n): 48.3% (84.7% 66.2%) recall (v/n): 14.7% (39.7% 39.0%) [mem: 2.02e+04] [data: 32.6 ms]
[INFO    ][2026-09-16 11:50:49][root                ][train_one_epoch          ] [  370] acc (v/n): 48.2% (84.8% 66.2%) recall (v/n): 14.6% (39.8% 39.1%) [mem: 2.02e+04] [data: 32.3 ms]
[INFO    ][2026-09-16 11:52:47][root                ][train_one_epoch          ] [  380] acc (v/n): 48.2% (84.8% 66.1%) recall (v/n): 14.5% (39.9% 39.2%) [mem: 2.02e+04] [data: 32.0 ms]
[INFO    ][2026-09-16 11:54:46][root                ][train_one_epoch          ] [  390] acc (v/n): 48.4% (84.9% 66.2%) recall (v/n): 14.4% (40.1% 39.2%) [mem: 2.02e+04] [data: 31.6 ms]
[INFO    ][2026-09-16 11:57:00][root                ][train_one_epoch          ] [  400] acc (v/n): 48.5% (84.9% 66.3%) recall (v/n): 14.4% (40.3% 39.3%) [mem: 2.02e+04] [data: 72.7 ms]
[INFO    ][2026-09-16 11:58:58][root                ][train_one_epoch          ] [  410] acc (v/n): 48.5% (84.9% 66.3%) recall (v/n): 14.3% (40.3% 39.5%) [mem: 2.02e+04] [data: 71.4 ms]
[INFO    ][2026-09-16 12:00:57][root                ][train_one_epoch          ] [  420] acc (v/n): 48.5% (85.0% 66.3%) recall (v/n): 14.3% (40.3% 39.5%) [mem: 2.02e+04] [data: 70.1 ms]
[INFO    ][2026-09-16 12:02:55][root                ][train_one_epoch          ] [  430] acc (v/n): 48.6% (85.0% 66.4%) recall (v/n): 14.2% (40.2% 39.6%) [mem: 2.02e+04] [data: 69.0 ms]
[INFO    ][2026-09-16 12:04:53][root                ][train_one_epoch          ] [  440] acc (v/n): 48.7% (85.1% 66.4%) recall (v/n): 14.2% (40.3% 39.8%) [mem: 2.02e+04] [data: 67.9 ms]
[INFO    ][2026-09-16 12:06:51][root                ][train_one_epoch          ] [  450] acc (v/n): 48.7% (85.0% 66.5%) recall (v/n): 14.2% (40.2% 39.8%) [mem: 2.02e+04] [data: 66.8 ms]
[INFO    ][2026-09-16 12:08:49][root                ][train_one_epoch          ] [  460] acc (v/n): 48.7% (84.9% 66.5%) recall (v/n): 14.2% (40.3% 39.8%) [mem: 2.02e+04] [data: 65.8 ms]
[INFO    ][2026-09-16 12:10:46][root                ][train_one_epoch          ] [  470] acc (v/n): 48.7% (84.9% 66.5%) recall (v/n): 14.2% (40.3% 40.0%) [mem: 2.02e+04] [data: 64.8 ms]
[INFO    ][2026-09-16 12:12:44][root                ][train_one_epoch          ] [  480] acc (v/n): 48.7% (84.9% 66.5%) recall (v/n): 14.2% (40.2% 40.1%) [mem: 2.02e+04] [data: 63.9 ms]
[INFO    ][2026-09-16 12:14:59][root                ][train_one_epoch          ] [  490] acc (v/n): 48.8% (84.8% 66.5%) recall (v/n): 14.1% (40.1% 40.4%) [mem: 2.02e+04] [data: 63.0 ms]
[INFO    ][2026-09-16 12:16:56][root                ][train_one_epoch          ] [  500] acc (v/n): 48.8% (84.8% 66.6%) recall (v/n): 14.2% (40.4% 40.6%) [mem: 2.02e+04] [data: 62.1 ms]
[INFO    ][2026-09-16 12:19:10][root                ][train_one_epoch          ] [  510] acc (v/n): 48.8% (84.8% 66.5%) recall (v/n): 14.1% (40.5% 40.6%) [mem: 2.02e+04] [data: 61.3 ms]
[INFO    ][2026-09-16 12:21:08][root                ][train_one_epoch          ] [  520] acc (v/n): 48.8% (84.8% 66.5%) recall (v/n): 14.1% (40.5% 40.6%) [mem: 2.02e+04] [data: 60.5 ms]
[INFO    ][2026-09-16 12:21:55][root                ][train_one_epoch          ] [  524] acc (v/n): 48.8% (84.8% 66.4%) recall (v/n): 14.1% (40.5% 40.6%) [mem: 2.02e+04] [data: 60.2 ms]
[INFO    ][2026-09-16 12:22:17][root                ][validate_exact           ] [exact val] itr 0  clips so far (this rank) 16
[INFO    ][2026-09-16 12:26:17][root                ][validate_exact           ] [exact val] itr 50  clips so far (this rank) 796
[INFO    ][2026-09-16 12:30:15][root                ][validate_exact           ] [exact val] itr 100  clips so far (this rank) 1573
[INFO    ][2026-09-16 12:31:57][root                ][main                     ] [exact val] epoch 9  n_clips 9296/9296  mean class recall@5  action 22.25  verb 41.08  noun 42.18
[INFO    ][2026-09-16 12:31:57][root                ][main                     ] [    9] train acc (v/n): 48.8% (84.8% 66.4%) train recall (v/n): 14.1% (40.5% 40.6%) val acc (v/n): 54.2% (89.0% 72.4%) val recall (v/n): 22.2% (41.1% 42.2%) 
[INFO    ][2026-09-16 12:35:18][root                ][main                     ] Epoch 9
[INFO    ][2026-09-16 12:35:18][root                ][main                     ] Training...
[INFO    ][2026-09-16 12:35:45][root                ][train_one_epoch          ] [    0] acc (v/n): 57.8% (92.2% 69.5%) recall (v/n): 50.1% (68.1% 58.7%) [mem: 2.02e+04] [data: 4914.1 ms]
[INFO    ][2026-09-16 12:37:42][root                ][train_one_epoch          ] [   10] acc (v/n): 53.8% (90.0% 68.0%) recall (v/n): 34.6% (48.8% 48.0%) [mem: 2.02e+04] [data: 464.1 ms]
[INFO    ][2026-09-16 12:39:40][root                ][train_one_epoch          ] [   20] acc (v/n): 53.5% (88.5% 68.5%) recall (v/n): 29.6% (40.2% 44.5%) [mem: 2.02e+04] [data: 252.4 ms]
[INFO    ][2026-09-16 12:41:38][root                ][train_one_epoch          ] [   30] acc (v/n): 53.3% (88.4% 68.5%) recall (v/n): 27.8% (37.0% 43.8%) [mem: 2.02e+04] [data: 177.2 ms]
[INFO    ][2026-09-16 12:43:35][root                ][train_one_epoch          ] [   40] acc (v/n): 53.2% (88.4% 69.1%) recall (v/n): 26.1% (37.7% 43.1%) [mem: 2.02e+04] [data: 138.8 ms]
[INFO    ][2026-09-16 12:45:34][root                ][train_one_epoch          ] [   50] acc (v/n): 53.2% (87.8% 69.4%) recall (v/n): 24.8% (39.3% 43.1%) [mem: 2.02e+04] [data: 115.3 ms]
[INFO    ][2026-09-16 12:47:32][root                ][train_one_epoch          ] [   60] acc (v/n): 53.4% (87.7% 69.8%) recall (v/n): 24.0% (38.7% 44.5%) [mem: 2.02e+04] [data: 99.7 ms]
[INFO    ][2026-09-16 12:49:30][root                ][train_one_epoch          ] [   70] acc (v/n): 53.2% (87.5% 69.6%) recall (v/n): 24.0% (40.0% 43.2%) [mem: 2.02e+04] [data: 88.4 ms]
[INFO    ][2026-09-16 12:51:28][root                ][train_one_epoch          ] [   80] acc (v/n): 52.6% (87.1% 69.0%) recall (v/n): 23.5% (39.4% 42.5%) [mem: 2.02e+04] [data: 79.9 ms]
[INFO    ][2026-09-16 12:53:25][root                ][train_one_epoch          ] [   90] acc (v/n): 52.7% (87.0% 68.9%) recall (v/n): 23.4% (40.0% 43.2%) [mem: 2.02e+04] [data: 73.2 ms]
[INFO    ][2026-09-16 12:55:24][root                ][train_one_epoch          ] [  100] acc (v/n): 52.7% (87.0% 69.0%) recall (v/n): 23.3% (39.5% 44.0%) [mem: 2.02e+04] [data: 67.9 ms]
[INFO    ][2026-09-16 12:57:21][root                ][train_one_epoch          ] [  110] acc (v/n): 52.3% (86.9% 68.8%) recall (v/n): 22.8% (40.2% 43.6%) [mem: 2.02e+04] [data: 63.6 ms]
[INFO    ][2026-09-16 12:59:19][root                ][train_one_epoch          ] [  120] acc (v/n): 52.4% (87.0% 68.9%) recall (v/n): 22.3% (41.1% 43.2%) [mem: 2.02e+04] [data: 60.0 ms]
[INFO    ][2026-09-16 13:01:18][root                ][train_one_epoch          ] [  130] acc (v/n): 52.3% (87.1% 68.9%) recall (v/n): 21.7% (40.4% 43.3%) [mem: 2.02e+04] [data: 56.9 ms]
[INFO    ][2026-09-16 13:03:15][root                ][train_one_epoch          ] [  140] acc (v/n): 52.2% (87.1% 68.7%) recall (v/n): 21.5% (41.4% 42.6%) [mem: 2.02e+04] [data: 54.2 ms]
[INFO    ][2026-09-16 13:05:13][root                ][train_one_epoch          ] [  150] acc (v/n): 52.1% (87.0% 68.4%) recall (v/n): 21.1% (41.2% 43.2%) [mem: 2.02e+04] [data: 51.9 ms]
[INFO    ][2026-09-16 13:07:12][root                ][train_one_epoch          ] [  160] acc (v/n): 52.2% (87.0% 68.5%) recall (v/n): 20.9% (40.8% 43.2%) [mem: 2.02e+04] [data: 49.9 ms]
[INFO    ][2026-09-16 13:09:10][root                ][train_one_epoch          ] [  170] acc (v/n): 52.0% (86.8% 68.4%) recall (v/n): 20.8% (41.9% 43.6%) [mem: 2.02e+04] [data: 48.2 ms]
[INFO    ][2026-09-16 13:11:08][root                ][train_one_epoch          ] [  180] acc (v/n): 51.7% (86.7% 68.3%) recall (v/n): 20.6% (42.1% 44.1%) [mem: 2.02e+04] [data: 46.6 ms]
[INFO    ][2026-09-16 13:13:06][root                ][train_one_epoch          ] [  190] acc (v/n): 51.7% (86.6% 68.4%) recall (v/n): 20.5% (42.0% 44.1%) [mem: 2.02e+04] [data: 45.2 ms]
[INFO    ][2026-09-16 13:15:04][root                ][train_one_epoch          ] [  200] acc (v/n): 51.8% (86.6% 68.4%) recall (v/n): 20.4% (42.1% 44.3%) [mem: 2.02e+04] [data: 43.9 ms]
[INFO    ][2026-09-16 13:17:03][root                ][train_one_epoch          ] [  210] acc (v/n): 52.0% (86.6% 68.6%) recall (v/n): 20.2% (41.9% 44.1%) [mem: 2.02e+04] [data: 42.8 ms]
[INFO    ][2026-09-16 13:19:00][root                ][train_one_epoch          ] [  220] acc (v/n): 52.1% (86.6% 68.6%) recall (v/n): 20.1% (41.3% 44.2%) [mem: 2.02e+04] [data: 41.7 ms]
[INFO    ][2026-09-16 13:20:58][root                ][train_one_epoch          ] [  230] acc (v/n): 52.2% (86.6% 68.7%) recall (v/n): 20.1% (41.1% 44.3%) [mem: 2.02e+04] [data: 40.8 ms]
[INFO    ][2026-09-16 13:22:57][root                ][train_one_epoch          ] [  240] acc (v/n): 52.2% (86.5% 68.8%) recall (v/n): 20.1% (41.9% 44.6%) [mem: 2.02e+04] [data: 39.9 ms]
[INFO    ][2026-09-16 13:24:54][root                ][train_one_epoch          ] [  250] acc (v/n): 52.3% (86.5% 68.8%) recall (v/n): 20.1% (42.0% 44.5%) [mem: 2.02e+04] [data: 39.1 ms]
[INFO    ][2026-09-16 13:26:53][root                ][train_one_epoch          ] [  260] acc (v/n): 52.3% (86.4% 68.9%) recall (v/n): 20.0% (42.3% 44.7%) [mem: 2.02e+04] [data: 38.3 ms]
[INFO    ][2026-09-16 13:28:51][root                ][train_one_epoch          ] [  270] acc (v/n): 52.3% (86.4% 69.0%) recall (v/n): 19.9% (42.7% 44.7%) [mem: 2.02e+04] [data: 37.6 ms]
[INFO    ][2026-09-16 13:30:49][root                ][train_one_epoch          ] [  280] acc (v/n): 52.4% (86.4% 69.0%) recall (v/n): 19.8% (43.0% 44.5%) [mem: 2.02e+04] [data: 37.0 ms]
[INFO    ][2026-09-16 13:32:47][root                ][train_one_epoch          ] [  290] acc (v/n): 52.5% (86.3% 69.1%) recall (v/n): 19.6% (43.2% 44.6%) [mem: 2.02e+04] [data: 36.4 ms]
[INFO    ][2026-09-16 13:34:46][root                ][train_one_epoch          ] [  300] acc (v/n): 52.5% (86.2% 69.1%) recall (v/n): 19.5% (43.4% 44.5%) [mem: 2.02e+04] [data: 35.8 ms]
[INFO    ][2026-09-16 13:36:45][root                ][train_one_epoch          ] [  310] acc (v/n): 52.4% (86.2% 69.0%) recall (v/n): 19.3% (43.7% 44.1%) [mem: 2.02e+04] [data: 35.3 ms]
[INFO    ][2026-09-16 13:38:43][root                ][train_one_epoch          ] [  320] acc (v/n): 52.4% (86.1% 69.0%) recall (v/n): 19.1% (43.6% 43.9%) [mem: 2.02e+04] [data: 34.8 ms]
[INFO    ][2026-09-16 13:40:40][root                ][train_one_epoch          ] [  330] acc (v/n): 52.4% (86.0% 69.0%) recall (v/n): 19.0% (43.5% 43.8%) [mem: 2.02e+04] [data: 34.4 ms]
[INFO    ][2026-09-16 13:42:39][root                ][train_one_epoch          ] [  340] acc (v/n): 52.4% (86.0% 69.0%) recall (v/n): 19.0% (43.7% 44.2%) [mem: 2.02e+04] [data: 33.9 ms]
[INFO    ][2026-09-16 13:44:37][root                ][train_one_epoch          ] [  350] acc (v/n): 52.4% (85.9% 69.0%) recall (v/n): 18.9% (44.0% 43.9%) [mem: 2.02e+04] [data: 33.5 ms]
[INFO    ][2026-09-16 13:46:36][root                ][train_one_epoch          ] [  360] acc (v/n): 52.3% (85.8% 68.9%) recall (v/n): 18.8% (44.2% 43.9%) [mem: 2.02e+04] [data: 33.1 ms]
[INFO    ][2026-09-16 13:48:34][root                ][train_one_epoch          ] [  370] acc (v/n): 52.2% (85.7% 68.8%) recall (v/n): 18.7% (44.3% 43.7%) [mem: 2.02e+04] [data: 32.8 ms]
[INFO    ][2026-09-16 13:50:32][root                ][train_one_epoch          ] [  380] acc (v/n): 52.2% (85.6% 68.8%) recall (v/n): 18.6% (44.3% 43.6%) [mem: 2.02e+04] [data: 32.4 ms]
[INFO    ][2026-09-16 13:52:31][root                ][train_one_epoch          ] [  390] acc (v/n): 52.2% (85.6% 68.9%) recall (v/n): 18.6% (44.3% 43.8%) [mem: 2.02e+04] [data: 32.1 ms]
[INFO    ][2026-09-16 13:54:29][root                ][train_one_epoch          ] [  400] acc (v/n): 52.2% (85.5% 69.0%) recall (v/n): 18.4% (44.3% 44.1%) [mem: 2.02e+04] [data: 31.8 ms]
[INFO    ][2026-09-16 13:56:28][root                ][train_one_epoch          ] [  410] acc (v/n): 52.1% (85.5% 69.0%) recall (v/n): 18.3% (44.4% 44.4%) [mem: 2.02e+04] [data: 31.4 ms]
[INFO    ][2026-09-16 13:58:26][root                ][train_one_epoch          ] [  420] acc (v/n): 52.2% (85.6% 69.0%) recall (v/n): 18.2% (44.3% 44.3%) [mem: 2.02e+04] [data: 31.2 ms]
[INFO    ][2026-09-16 14:00:24][root                ][train_one_epoch          ] [  430] acc (v/n): 52.2% (85.6% 69.0%) recall (v/n): 18.2% (44.3% 44.3%) [mem: 2.02e+04] [data: 30.9 ms]
[INFO    ][2026-09-16 14:02:52][root                ][train_one_epoch          ] [  440] acc (v/n): 52.2% (85.6% 68.9%) recall (v/n): 18.2% (44.2% 44.3%) [mem: 2.02e+04] [data: 30.6 ms]
[INFO    ][2026-09-16 14:04:50][root                ][train_one_epoch          ] [  450] acc (v/n): 52.1% (85.5% 68.9%) recall (v/n): 18.0% (44.4% 44.1%) [mem: 2.02e+04] [data: 30.4 ms]
[INFO    ][2026-09-16 14:07:06][root                ][train_one_epoch          ] [  460] acc (v/n): 52.1% (85.6% 68.8%) recall (v/n): 17.9% (44.4% 44.1%) [mem: 2.02e+04] [data: 30.2 ms]
[INFO    ][2026-09-16 14:09:04][root                ][train_one_epoch          ] [  470] acc (v/n): 52.1% (85.6% 68.8%) recall (v/n): 17.9% (44.5% 44.2%) [mem: 2.02e+04] [data: 30.0 ms]
[INFO    ][2026-09-16 14:11:03][root                ][train_one_epoch          ] [  480] acc (v/n): 52.0% (85.6% 68.8%) recall (v/n): 17.8% (45.0% 44.3%) [mem: 2.02e+04] [data: 29.7 ms]
[INFO    ][2026-09-16 14:13:01][root                ][train_one_epoch          ] [  490] acc (v/n): 52.0% (85.5% 68.7%) recall (v/n): 17.8% (45.0% 44.2%) [mem: 2.02e+04] [data: 29.5 ms]
[INFO    ][2026-09-16 14:14:59][root                ][train_one_epoch          ] [  500] acc (v/n): 52.1% (85.5% 68.8%) recall (v/n): 17.8% (45.0% 44.3%) [mem: 2.02e+04] [data: 29.3 ms]
[INFO    ][2026-09-16 14:16:58][root                ][train_one_epoch          ] [  510] acc (v/n): 52.0% (85.5% 68.7%) recall (v/n): 17.6% (44.8% 44.1%) [mem: 2.02e+04] [data: 29.1 ms]
[INFO    ][2026-09-16 14:19:13][root                ][train_one_epoch          ] [  520] acc (v/n): 52.1% (85.5% 68.8%) recall (v/n): 17.6% (44.8% 44.1%) [mem: 2.02e+04] [data: 28.9 ms]
[INFO    ][2026-09-16 14:20:18][root                ][train_one_epoch          ] [  524] acc (v/n): 52.1% (85.5% 68.8%) recall (v/n): 17.6% (44.7% 44.0%) [mem: 2.02e+04] [data: 28.9 ms]
[INFO    ][2026-09-16 14:20:40][root                ][validate_exact           ] [exact val] itr 0  clips so far (this rank) 16
[INFO    ][2026-09-16 14:24:42][root                ][validate_exact           ] [exact val] itr 50  clips so far (this rank) 796
[INFO    ][2026-09-16 14:28:41][root                ][validate_exact           ] [exact val] itr 100  clips so far (this rank) 1573
[INFO    ][2026-09-16 14:30:25][root                ][main                     ] [exact val] epoch 10  n_clips 9296/9296  mean class recall@5  action 24.31  verb 44.57  noun 42.44
[INFO    ][2026-09-16 14:30:25][root                ][main                     ] [   10] train acc (v/n): 52.1% (85.5% 68.8%) train recall (v/n): 17.6% (44.7% 44.0%) val acc (v/n): 57.1% (89.2% 73.3%) val recall (v/n): 24.3% (44.6% 42.4%) 
[INFO    ][2026-09-16 14:33:30][root                ][main                     ] Epoch 10
[INFO    ][2026-09-16 14:33:30][root                ][main                     ] Training...
[INFO    ][2026-09-16 14:33:58][root                ][train_one_epoch          ] [    0] acc (v/n): 46.9% (87.5% 56.2%) recall (v/n): 38.4% (67.3% 52.0%) [mem: 2.02e+04] [data: 5604.4 ms]
[INFO    ][2026-09-16 14:35:56][root                ][train_one_epoch          ] [   10] acc (v/n): 53.9% (87.0% 66.8%) recall (v/n): 37.7% (49.0% 52.8%) [mem: 2.02e+04] [data: 526.9 ms]
[INFO    ][2026-09-16 14:37:54][root                ][train_one_epoch          ] [   20] acc (v/n): 55.9% (87.6% 69.4%) recall (v/n): 33.8% (46.6% 48.2%) [mem: 2.02e+04] [data: 285.1 ms]
[INFO    ][2026-09-16 14:39:52][root                ][train_one_epoch          ] [   30] acc (v/n): 56.0% (88.1% 70.7%) recall (v/n): 33.3% (46.9% 49.6%) [mem: 2.02e+04] [data: 199.3 ms]
[INFO    ][2026-09-16 14:41:51][root                ][train_one_epoch          ] [   40] acc (v/n): 55.7% (87.9% 70.4%) recall (v/n): 31.5% (47.7% 49.6%) [mem: 2.02e+04] [data: 155.6 ms]
[INFO    ][2026-09-16 14:43:49][root                ][train_one_epoch          ] [   50] acc (v/n): 55.7% (87.7% 70.5%) recall (v/n): 31.1% (48.0% 48.7%) [mem: 2.02e+04] [data: 129.1 ms]
[INFO    ][2026-09-16 14:45:48][root                ][train_one_epoch          ] [   60] acc (v/n): 55.4% (87.6% 70.4%) recall (v/n): 30.5% (48.4% 47.9%) [mem: 2.02e+04] [data: 111.2 ms]
[INFO    ][2026-09-16 14:47:47][root                ][train_one_epoch          ] [   70] acc (v/n): 54.7% (87.3% 69.8%) recall (v/n): 29.5% (47.0% 46.9%) [mem: 2.02e+04] [data: 98.4 ms]
[INFO    ][2026-09-16 14:49:45][root                ][train_one_epoch          ] [   80] acc (v/n): 54.4% (87.0% 69.8%) recall (v/n): 28.9% (45.6% 47.6%) [mem: 2.02e+04] [data: 88.7 ms]
[INFO    ][2026-09-16 14:51:43][root                ][train_one_epoch          ] [   90] acc (v/n): 54.4% (87.0% 69.7%) recall (v/n): 28.3% (45.3% 47.2%) [mem: 2.02e+04] [data: 81.1 ms]
[INFO    ][2026-09-16 14:53:42][root                ][train_one_epoch          ] [  100] acc (v/n): 54.6% (87.1% 70.0%) recall (v/n): 27.7% (44.6% 48.0%) [mem: 2.02e+04] [data: 75.1 ms]
[INFO    ][2026-09-16 14:55:40][root                ][train_one_epoch          ] [  110] acc (v/n): 54.6% (87.1% 70.0%) recall (v/n): 27.1% (45.7% 47.6%) [mem: 2.02e+04] [data: 70.2 ms]
[INFO    ][2026-09-16 14:57:38][root                ][train_one_epoch          ] [  120] acc (v/n): 54.4% (87.0% 70.0%) recall (v/n): 26.6% (45.9% 47.3%) [mem: 2.02e+04] [data: 66.1 ms]
[INFO    ][2026-09-16 14:59:36][root                ][train_one_epoch          ] [  130] acc (v/n): 54.5% (87.0% 70.0%) recall (v/n): 26.3% (47.3% 47.4%) [mem: 2.02e+04] [data: 62.5 ms]
[INFO    ][2026-09-16 15:01:35][root                ][train_one_epoch          ] [  140] acc (v/n): 54.2% (87.0% 69.8%) recall (v/n): 26.2% (47.8% 47.8%) [mem: 2.02e+04] [data: 59.4 ms]
[INFO    ][2026-09-16 15:03:33][root                ][train_one_epoch          ] [  150] acc (v/n): 54.0% (86.9% 69.8%) recall (v/n): 25.8% (47.9% 47.9%) [mem: 2.02e+04] [data: 56.8 ms]
[INFO    ][2026-09-16 15:05:32][root                ][train_one_epoch          ] [  160] acc (v/n): 54.0% (86.9% 69.7%) recall (v/n): 25.6% (47.3% 47.2%) [mem: 2.02e+04] [data: 54.5 ms]
[INFO    ][2026-09-16 15:07:30][root                ][train_one_epoch          ] [  170] acc (v/n): 53.9% (86.8% 69.7%) recall (v/n): 25.3% (47.0% 48.0%) [mem: 2.02e+04] [data: 52.5 ms]
[INFO    ][2026-09-16 15:09:29][root                ][train_one_epoch          ] [  180] acc (v/n): 54.1% (86.9% 69.9%) recall (v/n): 25.2% (47.2% 48.2%) [mem: 2.02e+04] [data: 50.7 ms]
[INFO    ][2026-09-16 15:11:27][root                ][train_one_epoch          ] [  190] acc (v/n): 53.9% (86.8% 69.9%) recall (v/n): 24.8% (47.3% 47.8%) [mem: 2.02e+04] [data: 49.1 ms]
[INFO    ][2026-09-16 15:13:25][root                ][train_one_epoch          ] [  200] acc (v/n): 53.9% (86.7% 69.9%) recall (v/n): 24.4% (46.6% 47.9%) [mem: 2.02e+04] [data: 47.6 ms]
[INFO    ][2026-09-16 15:15:24][root                ][train_one_epoch          ] [  210] acc (v/n): 54.0% (86.7% 70.1%) recall (v/n): 24.3% (46.7% 47.9%) [mem: 2.02e+04] [data: 46.3 ms]
[INFO    ][2026-09-16 15:17:22][root                ][train_one_epoch          ] [  220] acc (v/n): 54.1% (86.7% 70.2%) recall (v/n): 24.5% (47.1% 48.2%) [mem: 2.02e+04] [data: 45.1 ms]
[INFO    ][2026-09-16 15:19:21][root                ][train_one_epoch          ] [  230] acc (v/n): 54.3% (86.8% 70.3%) recall (v/n): 24.5% (47.6% 47.8%) [mem: 2.02e+04] [data: 44.0 ms]
[INFO    ][2026-09-16 15:21:19][root                ][train_one_epoch          ] [  240] acc (v/n): 54.4% (86.8% 70.4%) recall (v/n): 24.2% (47.5% 47.9%) [mem: 2.02e+04] [data: 43.0 ms]
[INFO    ][2026-09-16 15:23:17][root                ][train_one_epoch          ] [  250] acc (v/n): 54.4% (86.7% 70.3%) recall (v/n): 24.0% (47.2% 47.9%) [mem: 2.02e+04] [data: 42.1 ms]
[INFO    ][2026-09-16 15:25:15][root                ][train_one_epoch          ] [  260] acc (v/n): 54.4% (86.7% 70.4%) recall (v/n): 23.8% (47.1% 48.1%) [mem: 2.02e+04] [data: 41.2 ms]
[INFO    ][2026-09-16 15:27:14][root                ][train_one_epoch          ] [  270] acc (v/n): 54.4% (86.8% 70.4%) recall (v/n): 23.7% (47.1% 48.4%) [mem: 2.02e+04] [data: 40.4 ms]
[INFO    ][2026-09-16 15:29:13][root                ][train_one_epoch          ] [  280] acc (v/n): 54.5% (86.7% 70.5%) recall (v/n): 23.6% (46.9% 48.7%) [mem: 2.02e+04] [data: 39.7 ms]
[INFO    ][2026-09-16 15:31:12][root                ][train_one_epoch          ] [  290] acc (v/n): 54.6% (86.8% 70.5%) recall (v/n): 23.6% (46.6% 49.0%) [mem: 2.02e+04] [data: 39.1 ms]
[INFO    ][2026-09-16 15:33:10][root                ][train_one_epoch          ] [  300] acc (v/n): 54.7% (86.8% 70.7%) recall (v/n): 23.5% (46.4% 49.0%) [mem: 2.02e+04] [data: 38.4 ms]
[INFO    ][2026-09-16 15:35:08][root                ][train_one_epoch          ] [  310] acc (v/n): 54.8% (86.8% 70.7%) recall (v/n): 23.6% (46.8% 49.0%) [mem: 2.02e+04] [data: 37.8 ms]
[INFO    ][2026-09-16 15:37:06][root                ][train_one_epoch          ] [  320] acc (v/n): 54.8% (86.7% 70.7%) recall (v/n): 23.6% (47.4% 49.0%) [mem: 2.02e+04] [data: 37.2 ms]
[INFO    ][2026-09-16 15:39:05][root                ][train_one_epoch          ] [  330] acc (v/n): 54.8% (86.7% 70.7%) recall (v/n): 23.6% (47.4% 49.0%) [mem: 2.02e+04] [data: 36.7 ms]
[INFO    ][2026-09-16 15:41:03][root                ][train_one_epoch          ] [  340] acc (v/n): 54.8% (86.7% 70.7%) recall (v/n): 23.4% (47.5% 48.8%) [mem: 2.02e+04] [data: 36.2 ms]
[INFO    ][2026-09-16 15:43:01][root                ][train_one_epoch          ] [  350] acc (v/n): 54.9% (86.7% 70.8%) recall (v/n): 23.3% (47.7% 48.9%) [mem: 2.02e+04] [data: 35.7 ms]
[INFO    ][2026-09-16 15:44:59][root                ][train_one_epoch          ] [  360] acc (v/n): 54.9% (86.7% 70.8%) recall (v/n): 23.3% (48.1% 48.9%) [mem: 2.02e+04] [data: 35.3 ms]
[INFO    ][2026-09-16 15:46:58][root                ][train_one_epoch          ] [  370] acc (v/n): 55.0% (86.7% 70.9%) recall (v/n): 23.3% (48.2% 48.8%) [mem: 2.02e+04] [data: 34.8 ms]
[INFO    ][2026-09-16 15:48:56][root                ][train_one_epoch          ] [  380] acc (v/n): 55.0% (86.7% 71.0%) recall (v/n): 23.3% (48.3% 49.2%) [mem: 2.02e+04] [data: 34.5 ms]
[INFO    ][2026-09-16 15:50:53][root                ][train_one_epoch          ] [  390] acc (v/n): 55.1% (86.6% 71.0%) recall (v/n): 23.1% (48.1% 48.9%) [mem: 2.02e+04] [data: 34.1 ms]
[INFO    ][2026-09-16 15:52:51][root                ][train_one_epoch          ] [  400] acc (v/n): 55.1% (86.6% 71.0%) recall (v/n): 23.0% (48.1% 49.1%) [mem: 2.02e+04] [data: 33.7 ms]
[INFO    ][2026-09-16 15:54:49][root                ][train_one_epoch          ] [  410] acc (v/n): 55.0% (86.5% 71.0%) recall (v/n): 22.9% (48.0% 49.2%) [mem: 2.02e+04] [data: 33.3 ms]
[INFO    ][2026-09-16 15:56:47][root                ][train_one_epoch          ] [  420] acc (v/n): 54.9% (86.5% 71.0%) recall (v/n): 22.8% (48.0% 49.1%) [mem: 2.02e+04] [data: 33.0 ms]
[INFO    ][2026-09-16 15:58:45][root                ][train_one_epoch          ] [  430] acc (v/n): 54.8% (86.5% 70.9%) recall (v/n): 22.7% (48.2% 48.8%) [mem: 2.02e+04] [data: 32.7 ms]
[INFO    ][2026-09-16 16:00:42][root                ][train_one_epoch          ] [  440] acc (v/n): 54.9% (86.5% 70.9%) recall (v/n): 22.7% (48.5% 48.8%) [mem: 2.02e+04] [data: 32.4 ms]
[INFO    ][2026-09-16 16:02:58][root                ][train_one_epoch          ] [  450] acc (v/n): 54.8% (86.4% 70.9%) recall (v/n): 22.5% (48.6% 48.2%) [mem: 2.02e+04] [data: 32.1 ms]
[INFO    ][2026-09-16 16:04:56][root                ][train_one_epoch          ] [  460] acc (v/n): 54.8% (86.4% 70.9%) recall (v/n): 22.4% (48.5% 48.6%) [mem: 2.02e+04] [data: 31.8 ms]
[INFO    ][2026-09-16 16:06:55][root                ][train_one_epoch          ] [  470] acc (v/n): 54.8% (86.4% 70.9%) recall (v/n): 22.3% (48.7% 48.5%) [mem: 2.02e+04] [data: 31.6 ms]
[INFO    ][2026-09-16 16:08:53][root                ][train_one_epoch          ] [  480] acc (v/n): 54.8% (86.4% 71.0%) recall (v/n): 22.2% (48.7% 48.6%) [mem: 2.02e+04] [data: 31.3 ms]
[INFO    ][2026-09-16 16:11:08][root                ][train_one_epoch          ] [  490] acc (v/n): 54.9% (86.4% 71.0%) recall (v/n): 22.2% (48.7% 48.8%) [mem: 2.02e+04] [data: 31.1 ms]
[INFO    ][2026-09-16 16:13:22][root                ][train_one_epoch          ] [  500] acc (v/n): 54.9% (86.4% 71.0%) recall (v/n): 22.2% (48.6% 48.8%) [mem: 2.02e+04] [data: 30.8 ms]
[INFO    ][2026-09-16 16:15:36][root                ][train_one_epoch          ] [  510] acc (v/n): 55.0% (86.4% 71.0%) recall (v/n): 22.3% (48.9% 49.0%) [mem: 2.02e+04] [data: 30.6 ms]
[INFO    ][2026-09-16 16:17:52][root                ][train_one_epoch          ] [  520] acc (v/n): 55.0% (86.5% 71.0%) recall (v/n): 22.4% (49.1% 49.1%) [mem: 2.02e+04] [data: 30.4 ms]
[INFO    ][2026-09-16 16:18:39][root                ][train_one_epoch          ] [  524] acc (v/n): 55.0% (86.5% 71.0%) recall (v/n): 22.3% (49.0% 49.0%) [mem: 2.02e+04] [data: 30.3 ms]
[INFO    ][2026-09-16 16:19:02][root                ][validate_exact           ] [exact val] itr 0  clips so far (this rank) 16
[INFO    ][2026-09-16 16:23:03][root                ][validate_exact           ] [exact val] itr 50  clips so far (this rank) 796
[INFO    ][2026-09-16 16:27:03][root                ][validate_exact           ] [exact val] itr 100  clips so far (this rank) 1573
[INFO    ][2026-09-16 16:28:46][root                ][main                     ] [exact val] epoch 11  n_clips 9296/9296  mean class recall@5  action 26.35  verb 44.87  noun 45.89
[INFO    ][2026-09-16 16:28:46][root                ][main                     ] [   11] train acc (v/n): 55.0% (86.5% 71.0%) train recall (v/n): 22.3% (49.0% 49.0%) val acc (v/n): 57.9% (89.3% 75.1%) val recall (v/n): 26.3% (44.9% 45.9%) 
[INFO    ][2026-09-16 16:39:13][root                ][main                     ] Epoch 11
[INFO    ][2026-09-16 16:39:13][root                ][main                     ] Training...
[INFO    ][2026-09-16 16:39:39][root                ][train_one_epoch          ] [    0] acc (v/n): 66.4% (92.2% 81.2%) recall (v/n): 59.1% (77.8% 75.0%) [mem: 2.02e+04] [data: 4427.1 ms]
[INFO    ][2026-09-16 16:41:37][root                ][train_one_epoch          ] [   10] acc (v/n): 59.2% (89.8% 72.4%) recall (v/n): 39.3% (50.4% 49.1%) [mem: 2.02e+04] [data: 420.9 ms]
[INFO    ][2026-09-16 16:43:35][root                ][train_one_epoch          ] [   20] acc (v/n): 58.6% (89.0% 71.6%) recall (v/n): 36.0% (52.5% 48.6%) [mem: 2.02e+04] [data: 229.8 ms]
[INFO    ][2026-09-16 16:45:34][root                ][train_one_epoch          ] [   30] acc (v/n): 60.8% (89.6% 72.9%) recall (v/n): 36.8% (54.6% 49.8%) [mem: 2.02e+04] [data: 162.1 ms]
[INFO    ][2026-09-16 16:47:33][root                ][train_one_epoch          ] [   40] acc (v/n): 61.6% (89.7% 74.1%) recall (v/n): 36.3% (55.1% 50.7%) [mem: 2.02e+04] [data: 127.5 ms]
[INFO    ][2026-09-16 16:49:32][root                ][train_one_epoch          ] [   50] acc (v/n): 61.8% (89.6% 74.1%) recall (v/n): 36.0% (51.9% 50.1%) [mem: 2.02e+04] [data: 106.2 ms]
[INFO    ][2026-09-16 16:51:31][root                ][train_one_epoch          ] [   60] acc (v/n): 61.0% (89.4% 73.8%) recall (v/n): 34.9% (52.0% 49.5%) [mem: 2.02e+04] [data: 92.0 ms]
[INFO    ][2026-09-16 16:53:30][root                ][train_one_epoch          ] [   70] acc (v/n): 60.7% (89.1% 73.5%) recall (v/n): 34.3% (51.7% 49.6%) [mem: 2.02e+04] [data: 81.8 ms]
[INFO    ][2026-09-16 16:55:29][root                ][train_one_epoch          ] [   80] acc (v/n): 60.4% (88.9% 73.3%) recall (v/n): 33.6% (50.8% 49.3%) [mem: 2.02e+04] [data: 74.2 ms]
[INFO    ][2026-09-16 16:57:28][root                ][train_one_epoch          ] [   90] acc (v/n): 59.8% (88.5% 72.8%) recall (v/n): 32.4% (50.4% 48.3%) [mem: 2.02e+04] [data: 68.2 ms]
[INFO    ][2026-09-16 16:59:27][root                ][train_one_epoch          ] [  100] acc (v/n): 59.7% (88.4% 72.6%) recall (v/n): 32.3% (51.1% 48.5%) [mem: 2.02e+04] [data: 63.4 ms]
[INFO    ][2026-09-16 17:01:26][root                ][train_one_epoch          ] [  110] acc (v/n): 59.5% (88.3% 72.9%) recall (v/n): 32.0% (51.6% 48.8%) [mem: 2.02e+04] [data: 59.4 ms]
[INFO    ][2026-09-16 17:03:25][root                ][train_one_epoch          ] [  120] acc (v/n): 59.6% (88.3% 73.1%) recall (v/n): 32.4% (51.6% 48.6%) [mem: 2.02e+04] [data: 56.2 ms]
[INFO    ][2026-09-16 17:05:24][root                ][train_one_epoch          ] [  130] acc (v/n): 59.5% (88.3% 73.2%) recall (v/n): 32.4% (51.2% 49.5%) [mem: 2.02e+04] [data: 53.3 ms]
[INFO    ][2026-09-16 17:07:23][root                ][train_one_epoch          ] [  140] acc (v/n): 59.5% (88.2% 73.3%) recall (v/n): 32.2% (51.1% 49.9%) [mem: 2.02e+04] [data: 51.0 ms]
[INFO    ][2026-09-16 17:09:22][root                ][train_one_epoch          ] [  150] acc (v/n): 59.5% (88.2% 73.4%) recall (v/n): 31.8% (49.9% 50.1%) [mem: 2.02e+04] [data: 48.9 ms]
[INFO    ][2026-09-16 17:11:22][root                ][train_one_epoch          ] [  160] acc (v/n): 59.4% (88.2% 73.3%) recall (v/n): 31.4% (50.7% 49.7%) [mem: 2.02e+04] [data: 47.1 ms]
[INFO    ][2026-09-16 17:13:21][root                ][train_one_epoch          ] [  170] acc (v/n): 59.3% (88.2% 73.2%) recall (v/n): 31.3% (51.0% 49.3%) [mem: 2.02e+04] [data: 45.5 ms]
[INFO    ][2026-09-16 17:15:20][root                ][train_one_epoch          ] [  180] acc (v/n): 59.2% (88.2% 73.2%) recall (v/n): 31.2% (51.1% 50.0%) [mem: 2.02e+04] [data: 44.0 ms]
[INFO    ][2026-09-16 17:17:19][root                ][train_one_epoch          ] [  190] acc (v/n): 59.1% (88.2% 73.2%) recall (v/n): 31.3% (51.2% 50.2%) [mem: 2.02e+04] [data: 42.8 ms]
[INFO    ][2026-09-16 17:19:18][root                ][train_one_epoch          ] [  200] acc (v/n): 59.3% (88.2% 73.3%) recall (v/n): 31.3% (52.3% 50.4%) [mem: 2.02e+04] [data: 41.6 ms]
[INFO    ][2026-09-16 17:21:17][root                ][train_one_epoch          ] [  210] acc (v/n): 59.3% (88.2% 73.4%) recall (v/n): 30.9% (52.6% 50.2%) [mem: 2.02e+04] [data: 40.6 ms]
[INFO    ][2026-09-16 17:23:16][root                ][train_one_epoch          ] [  220] acc (v/n): 59.5% (88.2% 73.5%) recall (v/n): 30.8% (53.1% 50.4%) [mem: 2.02e+04] [data: 39.7 ms]
[INFO    ][2026-09-16 17:25:16][root                ][train_one_epoch          ] [  230] acc (v/n): 59.5% (88.2% 73.6%) recall (v/n): 30.7% (53.7% 50.7%) [mem: 2.02e+04] [data: 38.8 ms]
[INFO    ][2026-09-16 17:27:15][root                ][train_one_epoch          ] [  240] acc (v/n): 59.4% (88.2% 73.5%) recall (v/n): 30.5% (53.4% 50.7%) [mem: 2.02e+04] [data: 38.0 ms]
[INFO    ][2026-09-16 17:29:14][root                ][train_one_epoch          ] [  250] acc (v/n): 59.4% (88.2% 73.5%) recall (v/n): 30.6% (53.4% 51.0%) [mem: 2.02e+04] [data: 37.3 ms]
[INFO    ][2026-09-16 17:31:14][root                ][train_one_epoch          ] [  260] acc (v/n): 59.4% (88.1% 73.6%) recall (v/n): 30.5% (53.0% 51.1%) [mem: 2.02e+04] [data: 36.6 ms]
[INFO    ][2026-09-16 17:33:13][root                ][train_one_epoch          ] [  270] acc (v/n): 59.3% (88.0% 73.6%) recall (v/n): 30.2% (53.0% 50.6%) [mem: 2.02e+04] [data: 36.0 ms]
[INFO    ][2026-09-16 17:35:12][root                ][train_one_epoch          ] [  280] acc (v/n): 59.3% (88.0% 73.6%) recall (v/n): 29.9% (52.5% 50.6%) [mem: 2.02e+04] [data: 35.4 ms]
[INFO    ][2026-09-16 17:37:12][root                ][train_one_epoch          ] [  290] acc (v/n): 59.3% (88.0% 73.6%) recall (v/n): 29.6% (52.7% 51.1%) [mem: 2.02e+04] [data: 34.8 ms]
[INFO    ][2026-09-16 17:39:11][root                ][train_one_epoch          ] [  300] acc (v/n): 59.3% (88.0% 73.6%) recall (v/n): 29.6% (52.8% 51.3%) [mem: 2.02e+04] [data: 34.3 ms]
[INFO    ][2026-09-16 17:41:10][root                ][train_one_epoch          ] [  310] acc (v/n): 59.3% (88.0% 73.7%) recall (v/n): 29.4% (52.8% 51.4%) [mem: 2.02e+04] [data: 33.8 ms]
[INFO    ][2026-09-16 17:43:09][root                ][train_one_epoch          ] [  320] acc (v/n): 59.3% (88.0% 73.7%) recall (v/n): 29.2% (52.8% 51.5%) [mem: 2.02e+04] [data: 33.4 ms]
[INFO    ][2026-09-16 17:45:09][root                ][train_one_epoch          ] [  330] acc (v/n): 59.3% (88.0% 73.7%) recall (v/n): 29.2% (52.9% 52.2%) [mem: 2.02e+04] [data: 33.0 ms]
[INFO    ][2026-09-16 17:47:09][root                ][train_one_epoch          ] [  340] acc (v/n): 59.3% (88.0% 73.8%) recall (v/n): 29.3% (52.8% 52.3%) [mem: 2.02e+04] [data: 32.6 ms]
[INFO    ][2026-09-16 17:49:09][root                ][train_one_epoch          ] [  350] acc (v/n): 59.3% (87.9% 73.7%) recall (v/n): 29.1% (52.2% 52.3%) [mem: 2.02e+04] [data: 32.2 ms]
[INFO    ][2026-09-16 17:51:09][root                ][train_one_epoch          ] [  360] acc (v/n): 59.3% (87.9% 73.8%) recall (v/n): 28.9% (52.5% 52.6%) [mem: 2.02e+04] [data: 31.9 ms]
[INFO    ][2026-09-16 17:53:08][root                ][train_one_epoch          ] [  370] acc (v/n): 59.3% (87.8% 73.8%) recall (v/n): 28.9% (53.0% 52.8%) [mem: 2.02e+04] [data: 31.5 ms]
[INFO    ][2026-09-16 17:55:08][root                ][train_one_epoch          ] [  380] acc (v/n): 59.3% (87.8% 73.8%) recall (v/n): 28.9% (52.9% 52.7%) [mem: 2.02e+04] [data: 31.2 ms]
[INFO    ][2026-09-16 17:57:08][root                ][train_one_epoch          ] [  390] acc (v/n): 59.2% (87.7% 73.7%) recall (v/n): 28.8% (52.7% 52.7%) [mem: 2.02e+04] [data: 30.9 ms]
[INFO    ][2026-09-16 17:59:08][root                ][train_one_epoch          ] [  400] acc (v/n): 59.1% (87.6% 73.7%) recall (v/n): 28.8% (52.4% 52.5%) [mem: 2.02e+04] [data: 30.7 ms]
[INFO    ][2026-09-16 18:01:08][root                ][train_one_epoch          ] [  410] acc (v/n): 59.0% (87.6% 73.6%) recall (v/n): 28.7% (52.2% 52.6%) [mem: 2.02e+04] [data: 30.4 ms]
[INFO    ][2026-09-16 18:03:24][root                ][train_one_epoch          ] [  420] acc (v/n): 58.9% (87.6% 73.6%) recall (v/n): 28.7% (52.0% 52.6%) [mem: 2.02e+04] [data: 72.0 ms]
[INFO    ][2026-09-16 18:05:24][root                ][train_one_epoch          ] [  430] acc (v/n): 58.9% (87.7% 73.6%) recall (v/n): 28.6% (52.1% 52.4%) [mem: 2.02e+04] [data: 70.8 ms]
[INFO    ][2026-09-16 18:07:39][root                ][train_one_epoch          ] [  440] acc (v/n): 58.9% (87.7% 73.6%) recall (v/n): 28.6% (52.1% 52.5%) [mem: 2.02e+04] [data: 69.6 ms]
[INFO    ][2026-09-16 18:09:39][root                ][train_one_epoch          ] [  450] acc (v/n): 58.8% (87.6% 73.6%) recall (v/n): 28.6% (52.1% 52.2%) [mem: 2.02e+04] [data: 68.5 ms]
[INFO    ][2026-09-16 18:11:37][root                ][train_one_epoch          ] [  460] acc (v/n): 58.7% (87.6% 73.5%) recall (v/n): 28.4% (52.2% 52.3%) [mem: 2.02e+04] [data: 67.5 ms]
[INFO    ][2026-09-16 18:13:36][root                ][train_one_epoch          ] [  470] acc (v/n): 58.7% (87.6% 73.5%) recall (v/n): 28.5% (52.2% 52.3%) [mem: 2.02e+04] [data: 66.5 ms]
[INFO    ][2026-09-16 18:15:53][root                ][train_one_epoch          ] [  480] acc (v/n): 58.7% (87.6% 73.4%) recall (v/n): 28.6% (52.1% 52.6%) [mem: 2.02e+04] [data: 65.5 ms]
[INFO    ][2026-09-16 18:17:52][root                ][train_one_epoch          ] [  490] acc (v/n): 58.6% (87.5% 73.4%) recall (v/n): 28.5% (52.2% 52.5%) [mem: 2.02e+04] [data: 64.6 ms]
[INFO    ][2026-09-16 18:19:50][root                ][train_one_epoch          ] [  500] acc (v/n): 58.6% (87.5% 73.4%) recall (v/n): 28.6% (52.5% 52.5%) [mem: 2.02e+04] [data: 63.7 ms]
[INFO    ][2026-09-16 18:21:49][root                ][train_one_epoch          ] [  510] acc (v/n): 58.6% (87.5% 73.3%) recall (v/n): 28.6% (52.7% 52.4%) [mem: 2.02e+04] [data: 62.8 ms]
[INFO    ][2026-09-16 18:23:48][root                ][train_one_epoch          ] [  520] acc (v/n): 58.6% (87.6% 73.3%) recall (v/n): 28.6% (52.7% 52.5%) [mem: 2.02e+04] [data: 62.0 ms]
[INFO    ][2026-09-16 18:27:09][root                ][train_one_epoch          ] [  524] acc (v/n): 58.5% (87.6% 73.3%) recall (v/n): 28.6% (52.7% 52.5%) [mem: 2.02e+04] [data: 61.7 ms]
[INFO    ][2026-09-16 18:27:32][root                ][validate_exact           ] [exact val] itr 0  clips so far (this rank) 16
[INFO    ][2026-09-16 18:31:36][root                ][validate_exact           ] [exact val] itr 50  clips so far (this rank) 796
[INFO    ][2026-09-16 18:35:37][root                ][validate_exact           ] [exact val] itr 100  clips so far (this rank) 1573
[INFO    ][2026-09-16 18:37:21][root                ][main                     ] [exact val] epoch 12  n_clips 9296/9296  mean class recall@5  action 29.50  verb 51.57  noun 50.08
[INFO    ][2026-09-16 18:37:24][root                ][main                     ] [   12] train acc (v/n): 58.5% (87.6% 73.3%) train recall (v/n): 28.6% (52.7% 52.5%) val acc (v/n): 58.6% (90.2% 75.8%) val recall (v/n): 29.5% (51.6% 50.1%) 
[INFO    ][2026-09-16 18:47:01][root                ][main                     ] Epoch 12
[INFO    ][2026-09-16 18:47:01][root                ][main                     ] Training...
[INFO    ][2026-09-16 18:47:49][root                ][train_one_epoch          ] [    0] acc (v/n): 71.1% (93.0% 77.3%) recall (v/n): 64.3% (80.5% 66.9%) [mem: 2.02e+04] [data: 4827.6 ms]
[INFO    ][2026-09-16 18:49:49][root                ][train_one_epoch          ] [   10] acc (v/n): 58.7% (90.1% 69.5%) recall (v/n): 46.6% (63.3% 56.0%) [mem: 2.02e+04] [data: 457.3 ms]
[INFO    ][2026-09-16 18:51:49][root                ][train_one_epoch          ] [   20] acc (v/n): 59.4% (89.9% 71.2%) recall (v/n): 45.4% (58.5% 56.7%) [mem: 2.02e+04] [data: 248.8 ms]
[INFO    ][2026-09-16 18:53:49][root                ][train_one_epoch          ] [   30] acc (v/n): 61.0% (89.8% 72.9%) recall (v/n): 44.8% (55.1% 57.1%) [mem: 2.02e+04] [data: 175.1 ms]
[INFO    ][2026-09-16 18:55:49][root                ][train_one_epoch          ] [   40] acc (v/n): 61.4% (89.7% 73.3%) recall (v/n): 44.7% (50.3% 57.7%) [mem: 2.02e+04] [data: 137.2 ms]
[INFO    ][2026-09-16 18:57:49][root                ][train_one_epoch          ] [   50] acc (v/n): 61.2% (89.6% 73.6%) recall (v/n): 42.9% (47.8% 57.5%) [mem: 2.02e+04] [data: 114.2 ms]
[INFO    ][2026-09-16 18:59:50][root                ][train_one_epoch          ] [   60] acc (v/n): 62.3% (89.9% 74.7%) recall (v/n): 42.8% (50.6% 57.2%) [mem: 2.02e+04] [data: 98.8 ms]
[INFO    ][2026-09-16 19:01:50][root                ][train_one_epoch          ] [   70] acc (v/n): 62.7% (89.6% 74.9%) recall (v/n): 42.7% (51.3% 57.0%) [mem: 2.02e+04] [data: 87.6 ms]
[INFO    ][2026-09-16 19:03:50][root                ][train_one_epoch          ] [   80] acc (v/n): 62.5% (89.7% 74.7%) recall (v/n): 42.0% (51.5% 56.2%) [mem: 2.02e+04] [data: 79.3 ms]
[INFO    ][2026-09-16 19:05:50][root                ][train_one_epoch          ] [   90] acc (v/n): 62.7% (89.8% 74.9%) recall (v/n): 41.7% (53.4% 56.0%) [mem: 2.02e+04] [data: 72.8 ms]
[INFO    ][2026-09-16 19:07:50][root                ][train_one_epoch          ] [  100] acc (v/n): 62.9% (89.7% 75.0%) recall (v/n): 41.5% (54.4% 56.2%) [mem: 2.02e+04] [data: 67.6 ms]
[INFO    ][2026-09-16 19:09:51][root                ][train_one_epoch          ] [  110] acc (v/n): 62.5% (89.6% 74.8%) recall (v/n): 41.0% (54.4% 56.5%) [mem: 2.02e+04] [data: 63.3 ms]
[INFO    ][2026-09-16 19:11:51][root                ][train_one_epoch          ] [  120] acc (v/n): 62.2% (89.5% 74.7%) recall (v/n): 40.9% (54.2% 56.8%) [mem: 2.02e+04] [data: 59.7 ms]
[INFO    ][2026-09-16 19:13:51][root                ][train_one_epoch          ] [  130] acc (v/n): 62.2% (89.4% 74.6%) recall (v/n): 40.7% (53.8% 56.6%) [mem: 2.02e+04] [data: 56.7 ms]
[INFO    ][2026-09-16 19:15:52][root                ][train_one_epoch          ] [  140] acc (v/n): 62.1% (89.3% 74.6%) recall (v/n): 40.1% (54.2% 57.1%) [mem: 2.02e+04] [data: 54.2 ms]
[INFO    ][2026-09-16 19:17:52][root                ][train_one_epoch          ] [  150] acc (v/n): 62.2% (89.3% 74.8%) recall (v/n): 39.8% (54.7% 57.0%) [mem: 2.02e+04] [data: 51.9 ms]
[INFO    ][2026-09-16 19:19:52][root                ][train_one_epoch          ] [  160] acc (v/n): 62.2% (89.1% 74.7%) recall (v/n): 39.6% (54.9% 56.2%) [mem: 2.02e+04] [data: 49.9 ms]
[INFO    ][2026-09-16 19:21:52][root                ][train_one_epoch          ] [  170] acc (v/n): 62.1% (89.1% 74.7%) recall (v/n): 39.2% (55.1% 55.5%) [mem: 2.02e+04] [data: 48.1 ms]
[INFO    ][2026-09-16 19:23:52][root                ][train_one_epoch          ] [  180] acc (v/n): 62.2% (89.1% 74.7%) recall (v/n): 39.1% (54.2% 57.3%) [mem: 2.02e+04] [data: 46.6 ms]
[INFO    ][2026-09-16 19:25:53][root                ][train_one_epoch          ] [  190] acc (v/n): 62.1% (89.0% 74.6%) recall (v/n): 39.1% (54.9% 58.1%) [mem: 2.02e+04] [data: 45.1 ms]
[INFO    ][2026-09-16 19:27:53][root                ][train_one_epoch          ] [  200] acc (v/n): 62.2% (89.1% 74.7%) recall (v/n): 39.1% (55.3% 58.3%) [mem: 2.02e+04] [data: 43.8 ms]
[INFO    ][2026-09-16 19:29:53][root                ][train_one_epoch          ] [  210] acc (v/n): 62.2% (89.1% 74.7%) recall (v/n): 38.9% (55.5% 58.0%) [mem: 2.02e+04] [data: 42.7 ms]
[INFO    ][2026-09-16 19:31:53][root                ][train_one_epoch          ] [  220] acc (v/n): 62.2% (89.1% 74.7%) recall (v/n): 39.1% (55.2% 58.5%) [mem: 2.02e+04] [data: 41.6 ms]
[INFO    ][2026-09-16 19:33:53][root                ][train_one_epoch          ] [  230] acc (v/n): 62.2% (89.1% 74.8%) recall (v/n): 39.0% (54.6% 58.4%) [mem: 2.02e+04] [data: 40.6 ms]
[INFO    ][2026-09-16 19:35:53][root                ][train_one_epoch          ] [  240] acc (v/n): 62.2% (89.1% 74.9%) recall (v/n): 38.6% (53.9% 58.8%) [mem: 2.02e+04] [data: 39.8 ms]
[INFO    ][2026-09-16 19:37:53][root                ][train_one_epoch          ] [  250] acc (v/n): 62.2% (89.0% 75.0%) recall (v/n): 38.7% (53.8% 58.9%) [mem: 2.02e+04] [data: 39.0 ms]
[INFO    ][2026-09-16 19:39:54][root                ][train_one_epoch          ] [  260] acc (v/n): 62.1% (88.9% 74.9%) recall (v/n): 38.7% (54.2% 58.6%) [mem: 2.02e+04] [data: 38.3 ms]
[INFO    ][2026-09-16 19:41:54][root                ][train_one_epoch          ] [  270] acc (v/n): 62.0% (88.8% 74.8%) recall (v/n): 38.5% (53.7% 58.2%) [mem: 2.02e+04] [data: 37.6 ms]
[INFO    ][2026-09-16 19:43:54][root                ][train_one_epoch          ] [  280] acc (v/n): 62.0% (88.8% 74.9%) recall (v/n): 38.7% (54.1% 58.6%) [mem: 2.02e+04] [data: 36.9 ms]
[INFO    ][2026-09-16 19:45:53][root                ][train_one_epoch          ] [  290] acc (v/n): 61.8% (88.7% 74.8%) recall (v/n): 38.0% (54.5% 58.2%) [mem: 2.02e+04] [data: 36.3 ms]
[INFO    ][2026-09-16 19:47:54][root                ][train_one_epoch          ] [  300] acc (v/n): 61.8% (88.7% 74.7%) recall (v/n): 37.9% (55.0% 57.7%) [mem: 2.02e+04] [data: 35.7 ms]
[INFO    ][2026-09-16 19:49:54][root                ][train_one_epoch          ] [  310] acc (v/n): 61.8% (88.6% 74.7%) recall (v/n): 37.9% (55.3% 58.2%) [mem: 2.02e+04] [data: 35.3 ms]
[INFO    ][2026-09-16 19:51:54][root                ][train_one_epoch          ] [  320] acc (v/n): 61.8% (88.6% 74.6%) recall (v/n): 37.9% (55.1% 58.5%) [mem: 2.02e+04] [data: 34.8 ms]
[INFO    ][2026-09-16 19:53:54][root                ][train_one_epoch          ] [  330] acc (v/n): 61.7% (88.7% 74.7%) recall (v/n): 37.9% (55.4% 58.5%) [mem: 2.02e+04] [data: 34.3 ms]
[INFO    ][2026-09-16 19:56:10][root                ][train_one_epoch          ] [  340] acc (v/n): 61.7% (88.6% 74.6%) recall (v/n): 37.4% (55.6% 58.2%) [mem: 2.02e+04] [data: 33.9 ms]
[INFO    ][2026-09-16 19:58:10][root                ][train_one_epoch          ] [  350] acc (v/n): 61.6% (88.7% 74.5%) recall (v/n): 37.3% (55.8% 58.2%) [mem: 2.02e+04] [data: 33.5 ms]
[INFO    ][2026-09-16 20:00:10][root                ][train_one_epoch          ] [  360] acc (v/n): 61.6% (88.7% 74.5%) recall (v/n): 37.3% (56.0% 57.8%) [mem: 2.02e+04] [data: 33.1 ms]
[INFO    ][2026-09-16 20:02:10][root                ][train_one_epoch          ] [  370] acc (v/n): 61.6% (88.7% 74.5%) recall (v/n): 37.2% (56.2% 58.0%) [mem: 2.02e+04] [data: 32.8 ms]
[INFO    ][2026-09-16 20:04:10][root                ][train_one_epoch          ] [  380] acc (v/n): 61.6% (88.6% 74.5%) recall (v/n): 37.1% (56.1% 58.4%) [mem: 2.02e+04] [data: 32.4 ms]
[INFO    ][2026-09-16 20:06:11][root                ][train_one_epoch          ] [  390] acc (v/n): 61.6% (88.6% 74.5%) recall (v/n): 37.1% (56.1% 58.1%) [mem: 2.02e+04] [data: 32.1 ms]
[INFO    ][2026-09-16 20:08:11][root                ][train_one_epoch          ] [  400] acc (v/n): 61.6% (88.6% 74.5%) recall (v/n): 37.2% (56.2% 58.1%) [mem: 2.02e+04] [data: 31.8 ms]
[INFO    ][2026-09-16 20:10:27][root                ][train_one_epoch          ] [  410] acc (v/n): 61.6% (88.7% 74.5%) recall (v/n): 37.2% (56.2% 58.0%) [mem: 2.02e+04] [data: 31.5 ms]
[INFO    ][2026-09-16 20:12:27][root                ][train_one_epoch          ] [  420] acc (v/n): 61.7% (88.8% 74.6%) recall (v/n): 37.1% (56.3% 57.8%) [mem: 2.02e+04] [data: 31.2 ms]
[INFO    ][2026-09-16 20:14:43][root                ][train_one_epoch          ] [  430] acc (v/n): 61.7% (88.8% 74.6%) recall (v/n): 37.2% (56.8% 57.9%) [mem: 2.02e+04] [data: 31.0 ms]
[INFO    ][2026-09-16 20:16:43][root                ][train_one_epoch          ] [  440] acc (v/n): 61.7% (88.8% 74.6%) recall (v/n): 37.1% (56.7% 58.2%) [mem: 2.02e+04] [data: 30.7 ms]
[INFO    ][2026-09-16 20:18:43][root                ][train_one_epoch          ] [  450] acc (v/n): 61.8% (88.8% 74.7%) recall (v/n): 37.1% (56.7% 58.3%) [mem: 2.02e+04] [data: 30.5 ms]
[INFO    ][2026-09-16 20:20:43][root                ][train_one_epoch          ] [  460] acc (v/n): 61.8% (88.7% 74.7%) recall (v/n): 37.0% (56.4% 58.6%) [mem: 2.02e+04] [data: 30.2 ms]
[INFO    ][2026-09-16 20:22:43][root                ][train_one_epoch          ] [  470] acc (v/n): 61.8% (88.7% 74.8%) recall (v/n): 37.0% (56.4% 58.6%) [mem: 2.02e+04] [data: 30.0 ms]
[INFO    ][2026-09-16 20:24:43][root                ][train_one_epoch          ] [  480] acc (v/n): 61.9% (88.7% 74.8%) recall (v/n): 37.0% (56.7% 58.7%) [mem: 2.02e+04] [data: 29.7 ms]
[INFO    ][2026-09-16 20:26:42][root                ][train_one_epoch          ] [  490] acc (v/n): 61.9% (88.7% 74.8%) recall (v/n): 37.0% (57.0% 58.6%) [mem: 2.02e+04] [data: 29.5 ms]
[INFO    ][2026-09-16 20:28:42][root                ][train_one_epoch          ] [  500] acc (v/n): 62.0% (88.7% 74.9%) recall (v/n): 37.0% (57.0% 58.7%) [mem: 2.02e+04] [data: 29.3 ms]
[INFO    ][2026-09-16 20:31:14][root                ][train_one_epoch          ] [  510] acc (v/n): 61.9% (88.7% 74.8%) recall (v/n): 37.0% (57.0% 58.6%) [mem: 2.02e+04] [data: 62.7 ms]
[INFO    ][2026-09-16 20:33:14][root                ][train_one_epoch          ] [  520] acc (v/n): 61.9% (88.7% 74.8%) recall (v/n): 37.0% (57.0% 58.7%) [mem: 2.02e+04] [data: 61.9 ms]
[INFO    ][2026-09-16 20:34:02][root                ][train_one_epoch          ] [  524] acc (v/n): 61.9% (88.7% 74.8%) recall (v/n): 36.9% (57.0% 58.6%) [mem: 2.02e+04] [data: 61.6 ms]
[INFO    ][2026-09-16 20:34:26][root                ][validate_exact           ] [exact val] itr 0  clips so far (this rank) 16
[INFO    ][2026-09-16 20:38:31][root                ][validate_exact           ] [exact val] itr 50  clips so far (this rank) 796
[INFO    ][2026-09-16 20:42:34][root                ][validate_exact           ] [exact val] itr 100  clips so far (this rank) 1573
[INFO    ][2026-09-16 20:44:19][root                ][main                     ] [exact val] epoch 13  n_clips 9296/9296  mean class recall@5  action 30.09  verb 50.94  noun 50.26
[INFO    ][2026-09-16 20:44:19][root                ][main                     ] [   13] train acc (v/n): 61.9% (88.7% 74.8%) train recall (v/n): 36.9% (57.0% 58.6%) val acc (v/n): 60.4% (90.1% 78.0%) val recall (v/n): 30.1% (50.9% 50.3%) 
[INFO    ][2026-09-16 20:53:10][root                ][main                     ] Epoch 13
[INFO    ][2026-09-16 20:53:10][root                ][main                     ] Training...
[INFO    ][2026-09-16 20:53:36][root                ][train_one_epoch          ] [    0] acc (v/n): 61.7% (96.9% 68.8%) recall (v/n): 52.9% (96.6% 60.9%) [mem: 2.02e+04] [data: 4008.2 ms]
[INFO    ][2026-09-16 20:55:35][root                ][train_one_epoch          ] [   10] acc (v/n): 65.3% (91.1% 75.4%) recall (v/n): 53.8% (68.9% 59.0%) [mem: 2.02e+04] [data: 382.0 ms]
[INFO    ][2026-09-16 20:57:35][root                ][train_one_epoch          ] [   20] acc (v/n): 65.3% (89.3% 75.6%) recall (v/n): 51.7% (64.6% 58.9%) [mem: 2.02e+04] [data: 209.4 ms]
[INFO    ][2026-09-16 20:59:36][root                ][train_one_epoch          ] [   30] acc (v/n): 64.5% (89.1% 75.4%) recall (v/n): 50.3% (58.1% 57.0%) [mem: 2.02e+04] [data: 148.3 ms]
[INFO    ][2026-09-16 21:01:37][root                ][train_one_epoch          ] [   40] acc (v/n): 64.6% (88.9% 75.2%) recall (v/n): 50.7% (58.7% 58.7%) [mem: 2.02e+04] [data: 117.1 ms]
[INFO    ][2026-09-16 21:03:38][root                ][train_one_epoch          ] [   50] acc (v/n): 64.2% (89.0% 75.1%) recall (v/n): 49.1% (57.9% 58.7%) [mem: 2.02e+04] [data: 98.2 ms]
[INFO    ][2026-09-16 21:05:39][root                ][train_one_epoch          ] [   60] acc (v/n): 64.2% (89.0% 74.9%) recall (v/n): 48.1% (54.8% 57.6%) [mem: 2.02e+04] [data: 85.3 ms]
[INFO    ][2026-09-16 21:07:39][root                ][train_one_epoch          ] [   70] acc (v/n): 63.5% (88.8% 74.7%) recall (v/n): 46.8% (54.0% 58.0%) [mem: 2.02e+04] [data: 76.2 ms]
[INFO    ][2026-09-16 21:09:40][root                ][train_one_epoch          ] [   80] acc (v/n): 63.4% (88.8% 74.9%) recall (v/n): 46.7% (52.5% 57.7%) [mem: 2.02e+04] [data: 69.3 ms]
[INFO    ][2026-09-16 21:11:40][root                ][train_one_epoch          ] [   90] acc (v/n): 63.3% (88.8% 74.9%) recall (v/n): 46.9% (53.3% 58.5%) [mem: 2.02e+04] [data: 64.0 ms]
[INFO    ][2026-09-16 21:13:41][root                ][train_one_epoch          ] [  100] acc (v/n): 63.8% (89.0% 75.2%) recall (v/n): 47.0% (53.8% 59.0%) [mem: 2.02e+04] [data: 59.7 ms]
[INFO    ][2026-09-16 21:15:41][root                ][train_one_epoch          ] [  110] acc (v/n): 64.1% (89.2% 75.6%) recall (v/n): 46.7% (55.2% 57.8%) [mem: 2.02e+04] [data: 56.1 ms]
[INFO    ][2026-09-16 21:17:42][root                ][train_one_epoch          ] [  120] acc (v/n): 64.2% (89.3% 75.7%) recall (v/n): 46.9% (54.6% 57.8%) [mem: 2.02e+04] [data: 53.1 ms]
[INFO    ][2026-09-16 21:19:42][root                ][train_one_epoch          ] [  130] acc (v/n): 64.4% (89.4% 75.9%) recall (v/n): 46.5% (55.6% 57.6%) [mem: 2.02e+04] [data: 50.5 ms]
[INFO    ][2026-09-16 21:21:42][root                ][train_one_epoch          ] [  140] acc (v/n): 64.5% (89.5% 76.0%) recall (v/n): 46.8% (55.7% 58.7%) [mem: 2.02e+04] [data: 48.4 ms]
[INFO    ][2026-09-16 21:23:41][root                ][train_one_epoch          ] [  150] acc (v/n): 64.3% (89.4% 76.1%) recall (v/n): 46.6% (56.1% 58.7%) [mem: 2.02e+04] [data: 46.5 ms]
[INFO    ][2026-09-16 21:25:40][root                ][train_one_epoch          ] [  160] acc (v/n): 64.2% (89.3% 76.1%) recall (v/n): 45.9% (55.5% 58.2%) [mem: 2.02e+04] [data: 44.9 ms]
[INFO    ][2026-09-16 21:27:40][root                ][train_one_epoch          ] [  170] acc (v/n): 64.2% (89.3% 76.1%) recall (v/n): 45.8% (55.6% 59.0%) [mem: 2.02e+04] [data: 43.5 ms]
[INFO    ][2026-09-16 21:29:39][root                ][train_one_epoch          ] [  180] acc (v/n): 64.3% (89.4% 76.4%) recall (v/n): 46.0% (55.4% 59.2%) [mem: 2.02e+04] [data: 42.1 ms]
[INFO    ][2026-09-16 21:31:38][root                ][train_one_epoch          ] [  190] acc (v/n): 64.2% (89.4% 76.3%) recall (v/n): 45.9% (55.4% 59.1%) [mem: 2.02e+04] [data: 40.9 ms]
[INFO    ][2026-09-16 21:33:37][root                ][train_one_epoch          ] [  200] acc (v/n): 64.5% (89.5% 76.4%) recall (v/n): 45.9% (56.1% 59.1%) [mem: 2.02e+04] [data: 39.9 ms]
[INFO    ][2026-09-16 21:35:36][root                ][train_one_epoch          ] [  210] acc (v/n): 64.5% (89.5% 76.5%) recall (v/n): 45.7% (55.7% 59.6%) [mem: 2.02e+04] [data: 39.0 ms]
[INFO    ][2026-09-16 21:37:35][root                ][train_one_epoch          ] [  220] acc (v/n): 64.6% (89.5% 76.4%) recall (v/n): 45.6% (56.3% 59.8%) [mem: 2.02e+04] [data: 38.1 ms]
[INFO    ][2026-09-16 21:39:34][root                ][train_one_epoch          ] [  230] acc (v/n): 64.7% (89.5% 76.5%) recall (v/n): 45.9% (56.3% 60.6%) [mem: 2.02e+04] [data: 37.3 ms]
[INFO    ][2026-09-16 21:41:33][root                ][train_one_epoch          ] [  240] acc (v/n): 64.8% (89.6% 76.6%) recall (v/n): 45.7% (56.7% 60.5%) [mem: 2.02e+04] [data: 36.6 ms]
[INFO    ][2026-09-16 21:43:32][root                ][train_one_epoch          ] [  250] acc (v/n): 64.7% (89.5% 76.6%) recall (v/n): 45.4% (56.7% 61.0%) [mem: 2.02e+04] [data: 36.0 ms]
[INFO    ][2026-09-16 21:45:31][root                ][train_one_epoch          ] [  260] acc (v/n): 64.8% (89.5% 76.6%) recall (v/n): 45.4% (57.1% 60.7%) [mem: 2.02e+04] [data: 35.4 ms]
[INFO    ][2026-09-16 21:47:30][root                ][train_one_epoch          ] [  270] acc (v/n): 64.8% (89.5% 76.6%) recall (v/n): 45.3% (57.0% 60.5%) [mem: 2.02e+04] [data: 34.8 ms]
[INFO    ][2026-09-16 21:49:29][root                ][train_one_epoch          ] [  280] acc (v/n): 64.8% (89.4% 76.7%) recall (v/n): 45.3% (57.2% 60.6%) [mem: 2.02e+04] [data: 34.3 ms]
[INFO    ][2026-09-16 21:51:29][root                ][train_one_epoch          ] [  290] acc (v/n): 64.8% (89.4% 76.6%) recall (v/n): 44.9% (57.1% 60.5%) [mem: 2.02e+04] [data: 33.8 ms]
[INFO    ][2026-09-16 21:53:29][root                ][train_one_epoch          ] [  300] acc (v/n): 64.7% (89.3% 76.6%) recall (v/n): 44.6% (57.2% 60.7%) [mem: 2.02e+04] [data: 33.4 ms]
[INFO    ][2026-09-16 21:55:28][root                ][train_one_epoch          ] [  310] acc (v/n): 64.7% (89.2% 76.6%) recall (v/n): 44.7% (57.1% 61.3%) [mem: 2.02e+04] [data: 32.9 ms]
[INFO    ][2026-09-16 21:57:28][root                ][train_one_epoch          ] [  320] acc (v/n): 64.5% (89.2% 76.6%) recall (v/n): 44.4% (57.3% 61.2%) [mem: 2.02e+04] [data: 32.5 ms]
[INFO    ][2026-09-16 21:59:27][root                ][train_one_epoch          ] [  330] acc (v/n): 64.5% (89.1% 76.7%) recall (v/n): 44.1% (56.9% 61.3%) [mem: 2.02e+04] [data: 32.1 ms]
[INFO    ][2026-09-16 22:01:26][root                ][train_one_epoch          ] [  340] acc (v/n): 64.5% (89.1% 76.7%) recall (v/n): 44.2% (57.3% 61.5%) [mem: 2.02e+04] [data: 31.7 ms]
[INFO    ][2026-09-16 22:03:26][root                ][train_one_epoch          ] [  350] acc (v/n): 64.5% (89.1% 76.8%) recall (v/n): 44.0% (57.1% 61.4%) [mem: 2.02e+04] [data: 31.3 ms]
[INFO    ][2026-09-16 22:05:25][root                ][train_one_epoch          ] [  360] acc (v/n): 64.6% (89.1% 76.8%) recall (v/n): 44.1% (57.3% 61.5%) [mem: 2.02e+04] [data: 31.0 ms]
[INFO    ][2026-09-16 22:07:25][root                ][train_one_epoch          ] [  370] acc (v/n): 64.7% (89.1% 76.9%) recall (v/n): 44.1% (57.3% 61.7%) [mem: 2.02e+04] [data: 30.7 ms]
[INFO    ][2026-09-16 22:09:25][root                ][train_one_epoch          ] [  380] acc (v/n): 64.8% (89.2% 77.0%) recall (v/n): 44.0% (57.3% 61.8%) [mem: 2.02e+04] [data: 30.4 ms]
[INFO    ][2026-09-16 22:11:24][root                ][train_one_epoch          ] [  390] acc (v/n): 64.8% (89.2% 77.0%) recall (v/n): 44.1% (57.4% 61.7%) [mem: 2.02e+04] [data: 30.2 ms]
[INFO    ][2026-09-16 22:13:40][root                ][train_one_epoch          ] [  400] acc (v/n): 64.8% (89.1% 77.0%) recall (v/n): 44.1% (57.4% 62.0%) [mem: 2.02e+04] [data: 29.9 ms]
[INFO    ][2026-09-16 22:15:56][root                ][train_one_epoch          ] [  410] acc (v/n): 64.8% (89.1% 77.0%) recall (v/n): 44.0% (57.5% 61.9%) [mem: 2.02e+04] [data: 29.6 ms]
[INFO    ][2026-09-16 22:17:56][root                ][train_one_epoch          ] [  420] acc (v/n): 64.8% (89.1% 77.1%) recall (v/n): 43.8% (57.3% 62.0%) [mem: 2.02e+04] [data: 29.4 ms]
[INFO    ][2026-09-16 22:19:54][root                ][train_one_epoch          ] [  430] acc (v/n): 64.8% (89.1% 77.0%) recall (v/n): 43.8% (57.6% 62.0%) [mem: 2.02e+04] [data: 29.2 ms]
[INFO    ][2026-09-16 22:21:53][root                ][train_one_epoch          ] [  440] acc (v/n): 64.8% (89.1% 77.0%) recall (v/n): 43.9% (57.8% 62.1%) [mem: 2.02e+04] [data: 29.0 ms]
[INFO    ][2026-09-16 22:23:52][root                ][train_one_epoch          ] [  450] acc (v/n): 64.8% (89.0% 77.0%) recall (v/n): 43.8% (58.0% 62.1%) [mem: 2.02e+04] [data: 28.8 ms]
[INFO    ][2026-09-16 22:25:51][root                ][train_one_epoch          ] [  460] acc (v/n): 64.8% (89.0% 77.0%) recall (v/n): 43.9% (58.0% 62.3%) [mem: 2.02e+04] [data: 28.6 ms]
[INFO    ][2026-09-16 22:27:50][root                ][train_one_epoch          ] [  470] acc (v/n): 64.8% (88.9% 77.0%) recall (v/n): 43.8% (58.2% 62.6%) [mem: 2.02e+04] [data: 28.4 ms]
[INFO    ][2026-09-16 22:29:49][root                ][train_one_epoch          ] [  480] acc (v/n): 64.8% (88.9% 76.9%) recall (v/n): 43.7% (58.3% 62.7%) [mem: 2.02e+04] [data: 28.2 ms]
[INFO    ][2026-09-16 22:31:48][root                ][train_one_epoch          ] [  490] acc (v/n): 64.7% (88.9% 76.9%) recall (v/n): 43.5% (58.2% 62.7%) [mem: 2.02e+04] [data: 28.1 ms]
[INFO    ][2026-09-16 22:33:47][root                ][train_one_epoch          ] [  500] acc (v/n): 64.8% (88.9% 76.9%) recall (v/n): 43.5% (58.2% 62.8%) [mem: 2.02e+04] [data: 27.9 ms]
[INFO    ][2026-09-16 22:36:04][root                ][train_one_epoch          ] [  510] acc (v/n): 64.8% (88.9% 76.9%) recall (v/n): 43.5% (58.1% 62.7%) [mem: 2.02e+04] [data: 27.7 ms]
[INFO    ][2026-09-16 22:38:03][root                ][train_one_epoch          ] [  520] acc (v/n): 64.8% (88.9% 76.9%) recall (v/n): 43.5% (58.1% 62.6%) [mem: 2.02e+04] [data: 27.5 ms]
[INFO    ][2026-09-16 22:38:51][root                ][train_one_epoch          ] [  524] acc (v/n): 64.8% (88.9% 76.9%) recall (v/n): 43.5% (58.4% 62.7%) [mem: 2.02e+04] [data: 27.5 ms]
[INFO    ][2026-09-16 22:39:14][root                ][validate_exact           ] [exact val] itr 0  clips so far (this rank) 16
[INFO    ][2026-09-16 22:43:18][root                ][validate_exact           ] [exact val] itr 50  clips so far (this rank) 796
[INFO    ][2026-09-16 22:47:20][root                ][validate_exact           ] [exact val] itr 100  clips so far (this rank) 1573
[INFO    ][2026-09-16 22:49:04][root                ][main                     ] [exact val] epoch 14  n_clips 9296/9296  mean class recall@5  action 32.22  verb 54.46  noun 51.54
[INFO    ][2026-09-16 22:49:04][root                ][main                     ] [   14] train acc (v/n): 64.8% (88.9% 76.9%) train recall (v/n): 43.5% (58.4% 62.7%) val acc (v/n): 61.1% (90.5% 78.6%) val recall (v/n): 32.2% (54.5% 51.5%) 
[INFO    ][2026-09-16 23:09:39][root                ][main                     ] Epoch 14
[INFO    ][2026-09-16 23:09:39][root                ][main                     ] Training...
[INFO    ][2026-09-16 23:10:07][root                ][train_one_epoch          ] [    0] acc (v/n): 65.6% (91.4% 76.6%) recall (v/n): 59.4% (84.1% 62.8%) [mem: 2.02e+04] [data: 5030.7 ms]
[INFO    ][2026-09-16 23:12:04][root                ][train_one_epoch          ] [   10] acc (v/n): 66.3% (92.5% 78.1%) recall (v/n): 54.2% (72.9% 60.4%) [mem: 2.02e+04] [data: 475.1 ms]
[INFO    ][2026-09-16 23:14:03][root                ][train_one_epoch          ] [   20] acc (v/n): 67.3% (91.5% 78.2%) recall (v/n): 54.0% (60.7% 60.8%) [mem: 2.02e+04] [data: 258.2 ms]
[INFO    ][2026-09-16 23:16:03][root                ][train_one_epoch          ] [   30] acc (v/n): 67.4% (91.3% 77.4%) recall (v/n): 54.7% (58.0% 63.6%) [mem: 2.02e+04] [data: 181.2 ms]
[INFO    ][2026-09-16 23:18:02][root                ][train_one_epoch          ] [   40] acc (v/n): 68.6% (91.5% 78.3%) recall (v/n): 55.5% (60.2% 63.7%) [mem: 2.02e+04] [data: 141.8 ms]
[INFO    ][2026-09-16 23:20:01][root                ][train_one_epoch          ] [   50] acc (v/n): 68.2% (91.2% 78.3%) recall (v/n): 53.9% (57.6% 62.9%) [mem: 2.02e+04] [data: 117.9 ms]
[INFO    ][2026-09-16 23:22:00][root                ][train_one_epoch          ] [   60] acc (v/n): 68.4% (91.2% 78.3%) recall (v/n): 53.9% (56.9% 63.3%) [mem: 2.02e+04] [data: 101.7 ms]
[INFO    ][2026-09-16 23:23:59][root                ][train_one_epoch          ] [   70] acc (v/n): 68.2% (91.0% 78.0%) recall (v/n): 53.4% (57.4% 63.0%) [mem: 2.02e+04] [data: 90.1 ms]
[INFO    ][2026-09-16 23:25:58][root                ][train_one_epoch          ] [   80] acc (v/n): 68.2% (90.9% 77.9%) recall (v/n): 53.8% (56.0% 62.9%) [mem: 2.02e+04] [data: 81.4 ms]
[INFO    ][2026-09-16 23:27:57][root                ][train_one_epoch          ] [   90] acc (v/n): 68.1% (91.0% 77.8%) recall (v/n): 54.0% (57.2% 62.9%) [mem: 2.02e+04] [data: 74.6 ms]
[INFO    ][2026-09-16 23:29:56][root                ][train_one_epoch          ] [  100] acc (v/n): 68.4% (90.8% 78.0%) recall (v/n): 54.0% (57.6% 62.8%) [mem: 2.02e+04] [data: 69.1 ms]
[INFO    ][2026-09-16 23:31:56][root                ][train_one_epoch          ] [  110] acc (v/n): 68.3% (90.9% 78.0%) recall (v/n): 54.1% (57.1% 63.4%) [mem: 2.02e+04] [data: 64.7 ms]
[INFO    ][2026-09-16 23:33:55][root                ][train_one_epoch          ] [  120] acc (v/n): 68.1% (90.6% 77.8%) recall (v/n): 54.3% (56.4% 64.4%) [mem: 2.02e+04] [data: 61.0 ms]
[INFO    ][2026-09-16 23:35:54][root                ][train_one_epoch          ] [  130] acc (v/n): 68.1% (90.6% 77.8%) recall (v/n): 54.4% (57.3% 64.0%) [mem: 2.02e+04] [data: 57.8 ms]
[INFO    ][2026-09-16 23:37:53][root                ][train_one_epoch          ] [  140] acc (v/n): 68.0% (90.5% 77.9%) recall (v/n): 54.2% (58.8% 64.7%) [mem: 2.02e+04] [data: 55.1 ms]
[INFO    ][2026-09-16 23:39:52][root                ][train_one_epoch          ] [  150] acc (v/n): 68.0% (90.5% 78.0%) recall (v/n): 54.3% (58.5% 64.3%) [mem: 2.02e+04] [data: 52.7 ms]
[INFO    ][2026-09-16 23:41:51][root                ][train_one_epoch          ] [  160] acc (v/n): 68.2% (90.5% 78.1%) recall (v/n): 54.1% (58.9% 65.5%) [mem: 2.02e+04] [data: 50.7 ms]
[INFO    ][2026-09-16 23:43:50][root                ][train_one_epoch          ] [  170] acc (v/n): 68.2% (90.6% 78.1%) recall (v/n): 53.9% (59.0% 64.7%) [mem: 2.02e+04] [data: 48.9 ms]
[INFO    ][2026-09-16 23:45:49][root                ][train_one_epoch          ] [  180] acc (v/n): 68.1% (90.5% 78.2%) recall (v/n): 53.7% (59.2% 64.9%) [mem: 2.02e+04] [data: 47.3 ms]
[INFO    ][2026-09-16 23:47:48][root                ][train_one_epoch          ] [  190] acc (v/n): 68.1% (90.5% 78.3%) recall (v/n): 53.4% (58.0% 65.0%) [mem: 2.02e+04] [data: 45.9 ms]
[INFO    ][2026-09-16 23:49:47][root                ][train_one_epoch          ] [  200] acc (v/n): 68.3% (90.5% 78.5%) recall (v/n): 53.7% (57.4% 65.7%) [mem: 2.02e+04] [data: 44.6 ms]
[INFO    ][2026-09-16 23:51:46][root                ][train_one_epoch          ] [  210] acc (v/n): 68.3% (90.4% 78.5%) recall (v/n): 53.5% (57.5% 65.6%) [mem: 2.02e+04] [data: 43.4 ms]
[INFO    ][2026-09-16 23:53:45][root                ][train_one_epoch          ] [  220] acc (v/n): 68.4% (90.4% 78.5%) recall (v/n): 53.4% (58.3% 66.0%) [mem: 2.02e+04] [data: 42.3 ms]
[INFO    ][2026-09-16 23:55:44][root                ][train_one_epoch          ] [  230] acc (v/n): 68.3% (90.4% 78.4%) recall (v/n): 53.4% (58.9% 66.0%) [mem: 2.02e+04] [data: 41.3 ms]
[INFO    ][2026-09-16 23:57:44][root                ][train_one_epoch          ] [  240] acc (v/n): 68.3% (90.3% 78.4%) recall (v/n): 53.5% (58.7% 65.9%) [mem: 2.02e+04] [data: 40.5 ms]
[INFO    ][2026-09-16 23:59:42][root                ][train_one_epoch          ] [  250] acc (v/n): 68.3% (90.2% 78.5%) recall (v/n): 53.3% (59.4% 65.5%) [mem: 2.02e+04] [data: 39.6 ms]
[INFO    ][2026-09-17 00:01:42][root                ][train_one_epoch          ] [  260] acc (v/n): 68.2% (90.2% 78.4%) recall (v/n): 53.3% (59.3% 66.0%) [mem: 2.02e+04] [data: 38.8 ms]
[INFO    ][2026-09-17 00:03:41][root                ][train_one_epoch          ] [  270] acc (v/n): 68.2% (90.2% 78.3%) recall (v/n): 53.6% (59.4% 66.0%) [mem: 2.02e+04] [data: 38.1 ms]
[INFO    ][2026-09-17 00:05:40][root                ][train_one_epoch          ] [  280] acc (v/n): 68.2% (90.1% 78.4%) recall (v/n): 53.6% (59.7% 66.3%) [mem: 2.02e+04] [data: 37.5 ms]
[INFO    ][2026-09-17 00:07:39][root                ][train_one_epoch          ] [  290] acc (v/n): 68.2% (90.1% 78.4%) recall (v/n): 53.5% (59.8% 66.5%) [mem: 2.02e+04] [data: 36.9 ms]
[INFO    ][2026-09-17 00:09:38][root                ][train_one_epoch          ] [  300] acc (v/n): 68.3% (90.1% 78.5%) recall (v/n): 53.3% (59.9% 66.6%) [mem: 2.02e+04] [data: 36.3 ms]
[INFO    ][2026-09-17 00:11:37][root                ][train_one_epoch          ] [  310] acc (v/n): 68.3% (90.0% 78.5%) recall (v/n): 53.3% (60.1% 66.8%) [mem: 2.02e+04] [data: 35.8 ms]
[INFO    ][2026-09-17 00:13:36][root                ][train_one_epoch          ] [  320] acc (v/n): 68.3% (90.0% 78.6%) recall (v/n): 53.3% (60.1% 66.7%) [mem: 2.02e+04] [data: 35.2 ms]
[INFO    ][2026-09-17 00:15:34][root                ][train_one_epoch          ] [  330] acc (v/n): 68.3% (90.1% 78.6%) recall (v/n): 53.2% (60.1% 66.8%) [mem: 2.02e+04] [data: 34.8 ms]
[INFO    ][2026-09-17 00:17:33][root                ][train_one_epoch          ] [  340] acc (v/n): 68.3% (90.1% 78.6%) recall (v/n): 53.1% (60.5% 67.1%) [mem: 2.02e+04] [data: 34.3 ms]
[INFO    ][2026-09-17 00:19:31][root                ][train_one_epoch          ] [  350] acc (v/n): 68.3% (90.1% 78.7%) recall (v/n): 53.0% (60.5% 67.1%) [mem: 2.02e+04] [data: 33.9 ms]
[INFO    ][2026-09-17 00:21:30][root                ][train_one_epoch          ] [  360] acc (v/n): 68.3% (90.1% 78.6%) recall (v/n): 53.1% (60.3% 66.9%) [mem: 2.02e+04] [data: 33.5 ms]
[INFO    ][2026-09-17 00:23:30][root                ][train_one_epoch          ] [  370] acc (v/n): 68.3% (90.1% 78.7%) recall (v/n): 52.8% (60.5% 66.9%) [mem: 2.02e+04] [data: 33.1 ms]
[INFO    ][2026-09-17 00:25:29][root                ][train_one_epoch          ] [  380] acc (v/n): 68.2% (90.1% 78.7%) recall (v/n): 52.6% (60.1% 67.2%) [mem: 2.02e+04] [data: 32.8 ms]
[INFO    ][2026-09-17 00:27:28][root                ][train_one_epoch          ] [  390] acc (v/n): 68.2% (90.1% 78.7%) recall (v/n): 52.6% (60.5% 67.2%) [mem: 2.02e+04] [data: 32.5 ms]
[INFO    ][2026-09-17 00:29:27][root                ][train_one_epoch          ] [  400] acc (v/n): 68.2% (90.1% 78.7%) recall (v/n): 52.5% (60.4% 67.1%) [mem: 2.02e+04] [data: 32.1 ms]
[INFO    ][2026-09-17 00:31:46][root                ][train_one_epoch          ] [  410] acc (v/n): 68.1% (90.1% 78.6%) recall (v/n): 52.2% (60.4% 67.0%) [mem: 2.02e+04] [data: 31.8 ms]
[INFO    ][2026-09-17 00:33:44][root                ][train_one_epoch          ] [  420] acc (v/n): 68.0% (90.1% 78.6%) recall (v/n): 52.3% (60.4% 66.9%) [mem: 2.02e+04] [data: 31.5 ms]
[INFO    ][2026-09-17 00:35:43][root                ][train_one_epoch          ] [  430] acc (v/n): 68.0% (90.1% 78.7%) recall (v/n): 52.3% (60.4% 67.0%) [mem: 2.02e+04] [data: 31.2 ms]
[INFO    ][2026-09-17 00:37:42][root                ][train_one_epoch          ] [  440] acc (v/n): 68.0% (90.1% 78.7%) recall (v/n): 52.1% (60.8% 66.7%) [mem: 2.02e+04] [data: 31.0 ms]
[INFO    ][2026-09-17 00:39:41][root                ][train_one_epoch          ] [  450] acc (v/n): 68.1% (90.0% 78.7%) recall (v/n): 52.1% (60.7% 66.8%) [mem: 2.02e+04] [data: 30.7 ms]
[INFO    ][2026-09-17 00:41:40][root                ][train_one_epoch          ] [  460] acc (v/n): 68.0% (90.0% 78.7%) recall (v/n): 52.0% (60.7% 66.9%) [mem: 2.02e+04] [data: 30.5 ms]
[INFO    ][2026-09-17 00:43:57][root                ][train_one_epoch          ] [  470] acc (v/n): 68.0% (90.0% 78.7%) recall (v/n): 51.9% (60.5% 66.4%) [mem: 2.02e+04] [data: 67.8 ms]
[INFO    ][2026-09-17 00:45:56][root                ][train_one_epoch          ] [  480] acc (v/n): 68.0% (89.9% 78.7%) recall (v/n): 51.8% (61.0% 66.8%) [mem: 2.02e+04] [data: 66.8 ms]
[INFO    ][2026-09-17 00:47:55][root                ][train_one_epoch          ] [  490] acc (v/n): 67.9% (89.9% 78.6%) recall (v/n): 51.8% (61.3% 66.9%) [mem: 2.02e+04] [data: 65.8 ms]
[INFO    ][2026-09-17 00:49:53][root                ][train_one_epoch          ] [  500] acc (v/n): 67.9% (89.8% 78.7%) recall (v/n): 51.7% (61.1% 66.9%) [mem: 2.02e+04] [data: 64.9 ms]
[INFO    ][2026-09-17 00:52:14][root                ][train_one_epoch          ] [  510] acc (v/n): 67.9% (89.8% 78.7%) recall (v/n): 51.8% (60.9% 67.0%) [mem: 2.02e+04] [data: 64.0 ms]
[INFO    ][2026-09-17 00:54:14][root                ][train_one_epoch          ] [  520] acc (v/n): 67.9% (89.8% 78.7%) recall (v/n): 51.8% (61.1% 67.0%) [mem: 2.02e+04] [data: 63.1 ms]
[INFO    ][2026-09-17 00:55:19][root                ][train_one_epoch          ] [  524] acc (v/n): 68.0% (89.8% 78.7%) recall (v/n): 51.9% (61.3% 67.0%) [mem: 2.02e+04] [data: 62.8 ms]
[INFO    ][2026-09-17 00:55:42][root                ][validate_exact           ] [exact val] itr 0  clips so far (this rank) 16
[INFO    ][2026-09-17 00:59:45][root                ][validate_exact           ] [exact val] itr 50  clips so far (this rank) 796
[INFO    ][2026-09-17 01:03:46][root                ][validate_exact           ] [exact val] itr 100  clips so far (this rank) 1573
[INFO    ][2026-09-17 01:05:29][root                ][main                     ] [exact val] epoch 15  n_clips 9296/9296  mean class recall@5  action 33.21  verb 55.71  noun 54.32
[INFO    ][2026-09-17 01:05:29][root                ][main                     ] [   15] train acc (v/n): 68.0% (89.8% 78.7%) train recall (v/n): 51.9% (61.3% 67.0%) val acc (v/n): 61.9% (91.2% 78.9%) val recall (v/n): 33.2% (55.7% 54.3%) 
[INFO    ][2026-09-17 01:31:04][root                ][main                     ] Epoch 15
[INFO    ][2026-09-17 01:31:04][root                ][main                     ] Training...
[INFO    ][2026-09-17 01:31:31][root                ][train_one_epoch          ] [    0] acc (v/n): 74.2% (93.0% 80.5%) recall (v/n): 73.6% (85.9% 75.0%) [mem: 2.02e+04] [data: 4075.0 ms]
[INFO    ][2026-09-17 01:33:29][root                ][train_one_epoch          ] [   10] acc (v/n): 72.2% (92.0% 78.2%) recall (v/n): 64.5% (63.9% 67.5%) [mem: 2.02e+04] [data: 389.0 ms]
[INFO    ][2026-09-17 01:35:28][root                ][train_one_epoch          ] [   20] acc (v/n): 70.6% (90.7% 78.6%) recall (v/n): 62.7% (65.6% 68.7%) [mem: 2.02e+04] [data: 213.1 ms]
[INFO    ][2026-09-17 01:37:27][root                ][train_one_epoch          ] [   30] acc (v/n): 70.5% (90.8% 79.0%) recall (v/n): 61.2% (64.3% 68.3%) [mem: 2.02e+04] [data: 150.8 ms]
[INFO    ][2026-09-17 01:39:26][root                ][train_one_epoch          ] [   40] acc (v/n): 70.7% (90.7% 79.1%) recall (v/n): 60.5% (64.0% 66.6%) [mem: 2.02e+04] [data: 118.8 ms]
[INFO    ][2026-09-17 01:41:25][root                ][train_one_epoch          ] [   50] acc (v/n): 70.5% (90.8% 79.2%) recall (v/n): 60.6% (63.3% 65.7%) [mem: 2.02e+04] [data: 99.5 ms]
[INFO    ][2026-09-17 01:43:24][root                ][train_one_epoch          ] [   60] acc (v/n): 70.6% (90.7% 79.5%) recall (v/n): 60.9% (63.6% 66.0%) [mem: 2.02e+04] [data: 86.4 ms]
[INFO    ][2026-09-17 01:45:23][root                ][train_one_epoch          ] [   70] acc (v/n): 70.7% (90.6% 79.9%) recall (v/n): 60.5% (62.9% 65.9%) [mem: 2.02e+04] [data: 77.1 ms]
